Workbook
Name TheDate: Comparaison!$Q$1

Sheet BBT3
A1: ID | B1: Column1 | C1: ISIN | D1: Coupon | E1: Maturity | F1: InflationLinked | G1: MASTER_FIXED_INCOME_INSTRUMENT_ID | H1: MASTER_FIXED_INCOME_ID_TYPE | I1: DATE | J1: METRIC_NAME | K1: METRIC_VALUE | L1: CR_TIME | M1: REPLICA_TIME
A2: 912797QX8 | B2: Bill | C2: US912797QX89 | D2: 0 | E2: 46184 | F2: N | G2: US912797QX89 | H2: ISIN | I2: 46177 | J2: PX_ASK | K2: 3.5632000000 | L2: 46177.921 | M2: 46177.921
A3: 912797QX8 | B3: Bill | C3: US912797QX89 | D3: 0 | E3: 46184 | F3: N | G3: US912797QX89 | H3: ISIN | I3: 46177 | J3: YLD_CNV_ASK | K3: 3.61483562 | L3: 46177.919 | M3: 46177.921
A4: 912797QX8 | B4: Bill | C4: US912797QX89 | D4: 0 | E4: 46184 | F4: N | G4: US912797QX89 | H4: ISIN | I4: 46177 | J4: YLD_YTM_BID | K4: 3.63412247 | L4: 46177.919 | M4: 46177.921
A5: 912797QX8 | B5: Bill | C5: US912797QX89 | D5: 0 | E5: 46184 | F5: N | G5: US912797QX89 | H5: ISIN | I5: 46177 | J5: PX_BID | K5: 3.5822000000 | L5: 46177.921 | M5: 46177.921
A6: 912797QX8 | B6: Bill | C6: US912797QX89 | D6: 0 | E6: 46184 | F6: N | G6: US912797QX89 | H6: ISIN | I6: 46177 | J6: YLD_YTM_ASK | K6: 3.61483562 | L6: 46177.919 | M6: 46177.921
A7: 912797QX8 | B7: Bill | C7: US912797QX89 | D7: 0 | E7: 46184 | F7: N | G7: US912797QX89 | H7: ISIN | I7: 46177 | J7: YLD_CNV_BID | K7: 3.63412247 | L7: 46177.919 | M7: 46177.921
A8: 912797RF6 | B8: Bill | C8: US912797RF64 | D8: 0 | E8: 46212 | F8: N | G8: US912797RF64 | H8: ISIN | I8: 46177 | J8: PX_BID | K8: 3.6145000000 | L8: 46177.921 | M8: 46177.921
A9: 912797RF6 | B9: Bill | C9: US912797RF64 | D9: 0 | E9: 46212 | F9: N | G9: US912797RF64 | H9: ISIN | I9: 46177 | J9: PX_ASK | K9: 3.5925000000 | L9: 46177.921 | M9: 46177.921
A10: 912797RG4 | B10: Bill | C10: US912797RG48 | D10: 0 | E10: 46240 | F10: N | G10: US912797RG48 | H10: ISIN | I10: 46177 | J10: PX_ASK | K10: 3.5986000000 | L10: 46177.921 | M10: 46177.921
A11: 912797RG4 | B11: Bill | C11: US912797RG48 | D11: 0 | E11: 46240 | F11: N | G11: US912797RG48 | H11: ISIN | I11: 46177 | J11: PX_BID | K11: 3.6232000000 | L11: 46177.921 | M11: 46177.921
A12: 912797RS8 | B12: Bill | C12: US912797RS85 | D12: 0 | E12: 46268 | F12: N | G12: US912797RS85 | H12: ISIN | I12: 46177 | J12: PX_BID | K12: 3.6267000000 | L12: 46177.921 | M12: 46177.921
A13: 912797RS8 | B13: Bill | C13: US912797RS85 | D13: 0 | E13: 46268 | F13: N | G13: US912797RS85 | H13: ISIN | I13: 46177 | J13: YLD_CNV_ASK | K13: 3.70359064 | L13: 46177.919 | M13: 46177.921
... A2445: 912834QV3 | B2445: Bond | C2445: US912834QV37 | D2445: 0 | E2445: 53646 | F2445: N | G2445: US912834QV37 | H2445: ISIN | I2445: 46177 | J2445: PX_BID | K2445: 34.5007230400 | L2445: 46177.921 | M2445: 46177.921

Sheet QW_Close
A1: ID | B1: Att | C1: Src | D1: Date | E1: Value | F1: Notes | G1: CreatedDate | H1: CreatedBy | I1: ModifiedTime | J1: ModifiedBy
A2: .TWI10 8/36 | B2: Yield | C2: QW | D2: 46177 | E2: 0.04515311 | G2: 46177.669 | H2: MARINERCAPITAL\jmannion | I2: 46177.669 | J2: MARINERCAPITAL\jmannion
A3: .TWI2 5/28 | B3: Yield | C3: QW | D3: 46177 | E3: 0 | G3: 46177.669 | H3: MARINERCAPITAL\jmannion | I3: 46177.669 | J3: MARINERCAPITAL\jmannion
A4: .TWI2 6/28 | B4: Yield | C4: QW | D4: 46177 | E4: 0.040589981 | G4: 46177.669 | H4: MARINERCAPITAL\jmannion | I4: 46177.669 | J4: MARINERCAPITAL\jmannion
A5: .TWI2 7/28 | B5: Yield | C5: QW | D5: 46177 | E5: 0.040692217 | G5: 46177.669 | H5: MARINERCAPITAL\jmannion | I5: 46177.669 | J5: MARINERCAPITAL\jmannion
A6: .TWI2 8/28 | B6: Yield | C6: QW | D6: 46177 | E6: 0.040742196 | G6: 46177.669 | H6: MARINERCAPITAL\jmannion | I6: 46177.669 | J6: MARINERCAPITAL\jmannion
A7: .TWI2 9/28 | B7: Yield | C7: QW | D7: 46177 | E7: 0.040874474 | G7: 46177.669 | H7: MARINERCAPITAL\jmannion | I7: 46177.669 | J7: MARINERCAPITAL\jmannion
A8: .TWI30 8/56 | B8: Yield | C8: QW | D8: 46177 | E8: 0.049950215 | G8: 46177.669 | H8: MARINERCAPITAL\jmannion | I8: 46177.669 | J8: MARINERCAPITAL\jmannion
A9: .TWI7 5/33 | B9: Yield | C9: QW | D9: 46177 | E9: 0 | G9: 46177.669 | H9: MARINERCAPITAL\jmannion | I9: 46177.669 | J9: MARINERCAPITAL\jmannion
A10: .TWI7 6/33 | B10: Yield | C10: QW | D10: 46177 | E10: 0.04340807 | G10: 46177.669 | H10: MARINERCAPITAL\jmannion | I10: 46177.669 | J10: MARINERCAPITAL\jmannion
A11: .TWI7 7/33 | B11: Yield | C11: QW | D11: 46177 | E11: 0.043575094 | G11: 46177.669 | H11: MARINERCAPITAL\jmannion | I11: 46177.669 | J11: MARINERCAPITAL\jmannion
A12: .TWI7 8/33 | B12: Yield | C12: QW | D12: 46177 | E12: 0.043689844 | G12: 46177.669 | H12: MARINERCAPITAL\jmannion | I12: 46177.669 | J12: MARINERCAPITAL\jmannion
A13: 3YM6 | B13: Price | C13: QW | D13: 46177 | E13: 104.98438 | F13: 3YM6 COMDTY:<Price=104.984375> | G13: 46177.778 | H13: MARINER\SilverAdm | I13: 46177.778 | J13: MARINER\SilverAdm
A14: 3YU6 | B14: Price | C14: QW | D14: 46177 | E14: 104.82812 | F14: 3YU6 COMDTY:<Price=104.828125> | G14: 46177.778 | H14: MARINER\SilverAdm | I14: 46177.778 | J14: MARINER\SilverAdm
A15: 3YZ6 | B15: Price | C15: QW | D15: 46177 | E15: 104.79688 | F15: 3YZ6 COMDTY:<Price=104.796875> | G15: 46177.778 | H15: MARINER\SilverAdm | I15: 46177.778 | J15: MARINER\SilverAdm
A16: 912797QX8 | B16: Yield | C16: QW | D16: 46177 | E16: 0.036564214 | F16: 912797QX8 @BBT3 GOVT:<DiscountAsk=0.035632|DiscountBid=0.035822> | G16: 46177.777 | H16: MARINER\SilverAdm | I16: 46177.777 | J16: MARINER\SilverAdm
A17: 912797RF6 | B17: Yield | C17: QW | D17: 46177 | E17: 0.0369347 | F17: 912797RF6 @BBT3 GOVT:<DiscountAsk=0.035925|DiscountBid=0.036145> | G17: 46177.777 | H17: MARINER\SilverAdm | I17: 46177.777 | J17: MARINER\SilverAdm
A18: 912797RG4 | B18: Yield | C18: QW | D18: 46177 | E18: 0.037064076 | F18: 912797RG4 @BBT3 GOVT:<DiscountAsk=0.035986|DiscountBid=0.036232> | G18: 46177.777 | H18: MARINER\SilverAdm | I18: 46177.777 | J18: MARINER\SilverAdm
A19: 912797RS8 | B19: Yield | C19: QW | D19: 46177 | E19: 0.037245683 | F19: 912797RS8 @BBT3 GOVT:<DiscountAsk=0.036198|DiscountBid=0.036267> | G19: 46177.777 | H19: MARINER\SilverAdm | I19: 46177.777 | J19: MARINER\SilverAdm
A20: 912797SA6 | B20: Yield | C20: QW | D20: 46177 | E20: 0.037283999 | F20: 912797SA6 @BBT3 GOVT:<DiscountAsk=0.03616|DiscountBid=0.036276> | G20: 46177.777 | H20: MARINER\SilverAdm | I20: 46177.777 | J20: MARINER\SilverAdm
A21: 912797SK4 | B21: Yield | C21: QW | D21: 46177 | E21: 0.037335535 | F21: 912797SK4 @BBT3 GOVT:<DiscountAsk=0.036142|DiscountBid=0.03629> | G21: 46177.777 | H21: MARINER\SilverAdm | I21: 46177.777 | J21: MARINER\SilverAdm
A22: 912797SU2 | B22: Yield | C22: QW | D22: 46177 | E22: 0.037547432 | F22: 912797SU2 @BBT3 GOVT:<DiscountAsk=0.036329|DiscountBid=0.0364> | G22: 46177.777 | H22: MARINER\SilverAdm | I22: 46177.777 | J22: MARINER\SilverAdm
A23: 912797TC1 | B23: Yield | C23: QW | D23: 46177 | E23: 0.03729002 | F23: 912797TC1 @BBT3 GOVT:<DiscountAsk=0.035882|DiscountBid=0.036259> | G23: 46177.777 | H23: MARINER\SilverAdm | I23: 46177.777 | J23: MARINER\SilverAdm
A24: 912797TD9 | B24: Yield | C24: QW | D24: 46177 | E24: 0.03671247 | F24: 912797TD9 @BBT3 GOVT:<DiscountAsk=0.035758|DiscountBid=0.035958> | G24: 46177.777 | H24: MARINER\SilverAdm | I24: 46177.777 | J24: MARINER\SilverAdm
... A560: 91282CQU8 | B560: Yield | C560: QW | D560: 46177 | E560: 0.041870801 | F560: 91282CQU8 @BBT3 GOVT:<PriceAsk=99.7265625|PriceBid=99.71875> | G560: 46177.777 | H560: MARINER\SilverAdm | I560: 46177.777 | J560: MARINER\SilverAdm
A561: 91282CQV6 | B561: Yield | C561: QW | D561: 46177 | E561: 0.041065 | G561: 46177.669 | H561: MARINERCAPITAL\jmannion | I561: 46177.669 | J561: MARINERCAPITAL\jmannion
A562: 9128334S6 | B562: Yield | C562: QW | D562: 46177 | E562: 0.042479415 | F562: 9128334S6 @BBT3 GOVT:<PriceAsk=80.481|PriceBid=80.277> | G562: 46177.777 | H562: MARINER\SilverAdm | I562: 46177.777 | J562: MARINER\SilverAdm
A563: 9128334T4 | B563: Yield | C563: QW | D563: 46177 | E563: 0.042824376 | F563: 9128334T4 @BBT3 GOVT:<PriceAsk=78.659|PriceBid=78.453> | G563: 46177.777 | H563: MARINER\SilverAdm | I563: 46177.777 | J563: MARINER\SilverAdm
A564: 9128334U1 | B564: Yield | C564: QW | D564: 46177 | E564: 0.043039307 | F564: 9128334U1 @BBT3 GOVT:<PriceAsk=76.916|PriceBid=76.702> | G564: 46177.777 | H564: MARINER\SilverAdm | I564: 46177.777 | J564: MARINER\SilverAdm
A565: 9128334V9 | B565: Yield | C565: QW | D565: 46177 | E565: 0.043454654 | F565: 9128334V9 @BBT3 GOVT:<PriceAsk=75.102|PriceBid=74.871> | G565: 46177.777 | H565: MARINER\SilverAdm | I565: 46177.777 | J565: MARINER\SilverAdm
A566: 9128334W7 | B566: Yield | C566: QW | D566: 46177 | E566: 0.043864237 | F566: 9128334W7 @BBT3 GOVT:<PriceAsk=73.286|PriceBid=73.075> | G566: 46177.777 | H566: MARINER\SilverAdm | I566: 46177.777 | J566: MARINER\SilverAdm
A567: 9128334X5 | B567: Yield | C567: QW | D567: 46177 | E567: 0.044279253 | F567: 9128334X5 @BBT3 GOVT:<PriceAsk=71.494|PriceBid=71.279> | G567: 46177.777 | H567: MARINER\SilverAdm | I567: 46177.777 | J567: MARINER\SilverAdm
A568: 9128334Y3 | B568: Yield | C568: QW | D568: 46177 | E568: 0.044589941 | F568: 9128334Y3 @BBT3 GOVT:<PriceAsk=69.784|PriceBid=69.549> | G568: 46177.777 | H568: MARINER\SilverAdm | I568: 46177.777 | J568: MARINER\SilverAdm
A569: 9128334Z0 | B569: Yield | C569: QW | D569: 46177 | E569: 0.044985095 | F569: 9128334Z0 @BBT3 GOVT:<PriceAsk=68.043|PriceBid=67.794> | G569: 46177.777 | H569: MARINER\SilverAdm | I569: 46177.777 | J569: MARINER\SilverAdm
A570: 9128335A4 | B570: Yield | C570: QW | D570: 46177 | E570: 0.045314436 | F570: 9128335A4 @BBT3 GOVT:<PriceAsk=66.356|PriceBid=66.1> | G570: 46177.777 | H570: MARINER\SilverAdm | I570: 46177.777 | J570: MARINER\SilverAdm
A571: 9128335B2 | B571: Yield | C571: QW | D571: 46177 | E571: 0.045690052 | F571: 9128335B2 @BBT3 GOVT:<PriceAsk=64.665|PriceBid=64.396> | G571: 46177.777 | H571: MARINER\SilverAdm | I571: 46177.777 | J571: MARINER\SilverAdm
A572: 9128337F1 | B572: Yield | C572: QW | D572: 46177 | E572: 0.046629966 | F572: 9128337F1 @BBT3 GOVT:<PriceAsk=61.224|PriceBid=60.93> | G572: 46177.777 | H572: MARINER\SilverAdm | I572: 46177.777 | J572: MARINER\SilverAdm
A573: 9128337Q7 | B573: Yield | C573: QW | D573: 46177 | E573: 0.042654548 | F573: 9128337Q7 @BBT3 GOVT:<PriceAsk=79.57|PriceBid=79.359> | G573: 46177.777 | H573: MARINER\SilverAdm | I573: 46177.777 | J573: MARINER\SilverAdm
... A731: CA013051ED53 | B731: Yield | C731: QW | D731: 46177 | E731: 0.045338629 | F731: CA013051ED53 BGN GOVT:<PriceBid=79.099|PriceAsk=79.226> | G731: 46177.777 | H731: MARINER\SilverAdm | I731: 46177.777 | J731: MARINER\SilverAdm
A732: CA135087B949 | B732: Price | C732: QW | D732: 46177 | E732: 106.55 | G732: 46177.668 | H732: MARINERCAPITAL\jmannion | I732: 46177.668 | J732: MARINERCAPITAL\jmannion
A733: CA135087C939 | B733: Yield | C733: QW | D733: 46177 | E733: 0.038021485 | F733: CA135087C939 @CBBT GOVT:<PriceBid=78.782|PriceAsk=78.859> | G733: 46177.777 | H733: MARINER\SilverAdm | I733: 46177.777 | J733: MARINER\SilverAdm
A734: CA135087D358 | B734: Yield | C734: QW | D734: 46177 | E734: 0.037391082 | F734: CA135087D358 @CBBT GOVT:<PriceBid=85.017|PriceAsk=85.074> | G734: 46177.777 | H734: MARINER\SilverAdm | I734: 46177.777 | J734: MARINER\SilverAdm
A735: CA135087F825 | B735: Yield | C735: QW | D735: 46177 | E735: 0.025880413 | F735: CA135087F825 @CBBT GOVT:<PriceBid=98.453|PriceAsk=98.465> | G735: 46177.777 | H735: MARINER\SilverAdm | I735: 46177.777 | J735: MARINER\SilverAdm
A736: CA135087G997 | B736: Price | C736: QW | D736: 46177 | E736: 0 | G736: 46177.668 | H736: MARINERCAPITAL\jmannion | I736: 46177.668 | J736: MARINERCAPITAL\jmannion
A737: CA135087H235 | B737: Yield | C737: QW | D737: 46177 | E737: 0.027897727 | F737: CA135087H235 @CBBT GOVT:<PriceBid=98.476|PriceAsk=98.488> | G737: 46177.777 | H737: MARINER\SilverAdm | I737: 46177.777 | J737: MARINER\SilverAdm
A738: CA135087H722 | B738: Yield | C738: QW | D738: 46177 | E738: 0.037951123 | F738: CA135087H722 @CBBT GOVT:<PriceBid=70.815|PriceAsk=70.868> | G738: 46177.777 | H738: MARINER\SilverAdm | I738: 46177.777 | J738: MARINER\SilverAdm
A739: CA135087J397 | B739: Yield | C739: QW | D739: 46177 | E739: 0.028914863 | F739: CA135087J397 @CBBT GOVT:<PriceBid=98.167|PriceAsk=98.184> | G739: 46177.777 | H739: MARINER\SilverAdm | I739: 46177.777 | J739: MARINER\SilverAdm
A740: CA135087K379 | B740: Yield | C740: QW | D740: 46177 | E740: 0.030128318 | F740: CA135087K379 @CBBT GOVT:<PriceBid=93.413|PriceAsk=93.428> | G740: 46177.777 | H740: MARINER\SilverAdm | I740: 46177.777 | J740: MARINER\SilverAdm
A741: CA135087L443 | B741: Yield | C741: QW | D741: 46177 | E741: 0.030342251 | F741: CA135087L443 @CBBT GOVT:<PriceBid=89.431|PriceAsk=89.447> | G741: 46177.777 | H741: MARINER\SilverAdm | I741: 46177.777 | J741: MARINER\SilverAdm
A742: CA135087L930 | B742: Yield | C742: QW | D742: 46177 | E742: 0.023059063 | F742: CA135087L930 @CBBT GOVT:<PriceBid=99.684|PriceAsk=99.692> | G742: 46177.777 | H742: MARINER\SilverAdm | I742: 46177.777 | J742: MARINER\SilverAdm
A743: CA135087M276 | B743: Yield | C743: QW | D743: 46177 | E743: 0.030939758 | F743: CA135087M276 @CBBT GOVT:<PriceBid=92.674|PriceAsk=92.692> | G743: 46177.777 | H743: MARINER\SilverAdm | I743: 46177.777 | J743: MARINER\SilverAdm
A744: CA135087M433 | B744: Price | C744: QW | D744: 46177 | E744: 0 | G744: 46177.668 | H744: MARINERCAPITAL\jmannion | I744: 46177.668 | J744: MARINERCAPITAL\jmannion
A745: CA135087M680 | B745: Yield | C745: QW | D745: 46177 | E745: 0.038024733 | F745: CA135087M680 @CBBT GOVT:<PriceBid=65.159|PriceAsk=65.217> | G745: 46177.777 | H745: MARINER\SilverAdm | I745: 46177.777 | J745: MARINER\SilverAdm
A746: CA135087M847 | B746: Yield | C746: QW | D746: 46177 | E746: 0.024982347 | F746: CA135087M847 @CBBT GOVT:<PriceBid=99.086|PriceAsk=99.095> | G746: 46177.777 | H746: MARINER\SilverAdm | I746: 46177.777 | J746: MARINER\SilverAdm
A747: CA135087N266 | B747: Yield | C747: QW | D747: 46177 | E747: 0.031411051 | F747: CA135087N266 @CBBT GOVT:<PriceBid=91.775|PriceAsk=91.794> | G747: 46177.777 | H747: MARINER\SilverAdm | I747: 46177.777 | J747: MARINER\SilverAdm
A748: CA135087N597 | B748: Yield | C748: QW | D748: 46177 | E748: 0.031814237 | F748: CA135087N597 @CBBT GOVT:<PriceBid=93.592|PriceAsk=93.615> | G748: 46177.777 | H748: MARINER\SilverAdm | I748: 46177.777 | J748: MARINER\SilverAdm
A749: CA135087N670 | B749: Yield | C749: QW | D749: 46177 | E749: 0.029447855 | F749: CA135087N670 @CBBT GOVT:<PriceBid=97.7|PriceAsk=97.724> | G749: 46177.777 | H749: MARINER\SilverAdm | I749: 46177.777 | J749: MARINER\SilverAdm
A750: CA135087N837 | B750: Yield | C750: QW | D750: 46177 | E750: 0.026704937 | F750: CA135087N837 @CBBT GOVT:<PriceBid=100.089|PriceAsk=100.099> | G750: 46177.777 | H750: MARINER\SilverAdm | I750: 46177.777 | J750: MARINER\SilverAdm
A751: CA135087P329 | B751: Yield | C751: QW | D751: 46177 | E751: 0.032176564 | F751: CA135087P329 @CBBT GOVT:<PriceBid=95.818|PriceAsk=95.836> | G751: 46177.777 | H751: MARINER\SilverAdm | I751: 46177.777 | J751: MARINER\SilverAdm
A752: CA135087P576 | B752: Yield | C752: QW | D752: 46177 | E752: 0.027745054 | F752: CA135087P576 @CBBT GOVT:<PriceBid=101.216|PriceAsk=101.225> | G752: 46177.777 | H752: MARINER\SilverAdm | I752: 46177.777 | J752: MARINER\SilverAdm
A753: CA135087P733 | B753: Yield | C753: QW | D753: 46177 | E753: 0.02673833 | F753: CA135087P733 @CBBT GOVT:<PriceBid=100.666|PriceAsk=100.692> | G753: 46177.777 | H753: MARINER\SilverAdm | I753: 46177.777 | J753: MARINER\SilverAdm
A754: CA135087P998 | B754: Yield | C754: QW | D754: 46177 | E754: 0.038017677 | F754: CA135087P998 @CBBT GOVT:<PriceBid=81.419|PriceAsk=81.474> | G754: 46177.777 | H754: MARINER\SilverAdm | I754: 46177.777 | J754: MARINER\SilverAdm
A755: CA135087Q236 | B755: Yield | C755: QW | D755: 46177 | E755: 0.032492775 | F755: CA135087Q236 @CBBT GOVT:<PriceBid=96.892|PriceAsk=96.909> | G755: 46177.777 | H755: MARINER\SilverAdm | I755: 46177.777 | J755: MARINER\SilverAdm
A756: CA135087Q491 | B756: Yield | C756: QW | D756: 46177 | E756: 0.02840712 | F756: CA135087Q491 @CBBT GOVT:<PriceBid=100.873|PriceAsk=100.885> | G756: 46177.777 | H756: MARINER\SilverAdm | I756: 46177.777 | J756: MARINER\SilverAdm
... A782: CA135087U774 | B782: Yield | C782: QW | D782: 46177 | E782: 0.028364093 | F782: CA135087U774 @CBBT GOVT:<PriceBid=99.816|PriceAsk=99.827> | G782: 46177.777 | H782: MARINER\SilverAdm | I782: 46177.777 | J782: MARINER\SilverAdm
A783: CA135087VS05 | B783: Price | C783: QW | D783: 46177 | E783: 102.05 | G783: 46177.668 | H783: MARINERCAPITAL\jmannion | I783: 46177.668 | J783: MARINERCAPITAL\jmannion
A784: CA135087VW17 | B784: Yield | C784: QW | D784: 46177 | E784: 0.025958332 | F784: CA135087VW17 @CBBT GOVT:<PriceBid=105.224|PriceAsk=105.262> | G784: 46177.777 | H784: MARINER\SilverAdm | I784: 46177.777 | J784: MARINER\SilverAdm
A785: CA135087WL43 | B785: Yield | C785: QW | D785: 46177 | E785: 0.029080588 | F785: CA135087WL43 @CBBT GOVT:<PriceBid=108.06|PriceAsk=108.099> | G785: 46177.777 | H785: MARINER\SilverAdm | I785: 46177.777 | J785: MARINER\SilverAdm
A786: CA135087WV25 | B786: Price | C786: QW | D786: 46177 | E786: 0 | G786: 46177.668 | H786: MARINERCAPITAL\jmannion | I786: 46177.668 | J786: MARINERCAPITAL\jmannion
A787: CA135087XG49 | B787: Yield | C787: QW | D787: 46177 | E787: 0.032553047 | F787: CA135087XG49 @CBBT GOVT:<PriceBid=115.462|PriceAsk=115.502> | G787: 46177.777 | H787: MARINER\SilverAdm | I787: 46177.777 | J787: MARINER\SilverAdm
A788: CA135087XQ21 | B788: Price | C788: QW | D788: 46177 | E788: 0 | G788: 46177.668 | H788: MARINERCAPITAL\jmannion | I788: 46177.668 | J788: MARINERCAPITAL\jmannion
A789: CA135087XW98 | B789: Yield | C789: QW | D789: 46177 | E789: 0.034929097 | F789: CA135087XW98 @CBBT GOVT:<PriceBid=113.633|PriceAsk=113.678> | G789: 46177.777 | H789: MARINER\SilverAdm | I789: 46177.777 | J789: MARINER\SilverAdm
A790: CA135087YK42 | B790: Price | C790: QW | D790: 46177 | E790: 0 | G790: 46177.668 | H790: MARINERCAPITAL\jmannion | I790: 46177.668 | J790: MARINERCAPITAL\jmannion
A791: CA135087YQ12 | B791: Yield | C791: QW | D791: 46177 | E791: 0.036103693 | F791: CA135087YQ12 @CBBT GOVT:<PriceBid=104.453|PriceAsk=104.506> | G791: 46177.777 | H791: MARINER\SilverAdm | I791: 46177.777 | J791: MARINER\SilverAdm
A792: CA135087ZH04 | B792: Price | C792: QW | D792: 46177 | E792: 0 | G792: 46177.668 | H792: MARINERCAPITAL\jmannion | I792: 46177.668 | J792: MARINERCAPITAL\jmannion
A793: CA135087ZS68 | B793: Yield | C793: QW | D793: 46177 | E793: 0.036799635 | F793: CA135087ZS68 @CBBT GOVT:<PriceBid=97.484|PriceAsk=97.54> | G793: 46177.777 | H793: MARINER\SilverAdm | I793: 46177.777 | J793: MARINER\SilverAdm
A794: CA13509PFL28 | B794: Yield | C794: QW | D794: 46177 | E794: 0.023150251 | F794: CA13509PFL28 @CBBT GOVT:<PriceBid=99.878|PriceAsk=99.888> | G794: 46177.777 | H794: MARINER\SilverAdm | I794: 46177.777 | J794: MARINER\SilverAdm
A795: CA13509PFX65 | B795: Yield | C795: QW | D795: 46177 | E795: 0.026131761 | F795: CA13509PFX65 @CBBT GOVT:<PriceBid=99.73|PriceAsk=99.739> | G795: 46177.777 | H795: MARINER\SilverAdm | I795: 46177.777 | J795: MARINER\SilverAdm
A796: CA13509PGF41 | B796: Yield | C796: QW | D796: 46177 | E796: 0.027881021 | F796: CA13509PGF41 @CBBT GOVT:<PriceBid=99.237|PriceAsk=99.25> | G796: 46177.777 | H796: MARINER\SilverAdm | I796: 46177.777 | J796: MARINER\SilverAdm
A797: CA13509PGL19 | B797: Yield | C797: QW | D797: 46177 | E797: 0.027892053 | F797: CA13509PGL19 @CBBT GOVT:<PriceBid=99.752|PriceAsk=99.764> | G797: 46177.777 | H797: MARINER\SilverAdm | I797: 46177.777 | J797: MARINER\SilverAdm
A798: CA13509PGS61 | B798: Yield | C798: QW | D798: 46177 | E798: 0.029178176 | F798: CA13509PGS61 @CBBT GOVT:<PriceBid=99.345|PriceAsk=99.358> | G798: 46177.777 | H798: MARINER\SilverAdm | I798: 46177.777 | J798: MARINER\SilverAdm
A799: CA13509PHD83 | B799: Yield | C799: QW | D799: 46177 | E799: 0.030099482 | F799: CA13509PHD83 @CBBT GOVT:<PriceBid=97.168|PriceAsk=97.189> | G799: 46177.777 | H799: MARINER\SilverAdm | I799: 46177.777 | J799: MARINER\SilverAdm
A800: CA13509PHM82 | B800: Yield | C800: QW | D800: 46177 | E800: 0.030892049 | F800: CA13509PHM82 @CBBT GOVT:<PriceBid=94.954|PriceAsk=94.975> | G800: 46177.777 | H800: MARINER\SilverAdm | I800: 46177.777 | J800: MARINER\SilverAdm
A801: CA13509PHQ96 | B801: Yield | C801: QW | D801: 46177 | E801: 0.031688547 | F801: CA13509PHQ96 @CBBT GOVT:<PriceBid=90.882|PriceAsk=90.906> | G801: 46177.777 | H801: MARINER\SilverAdm | I801: 46177.777 | J801: MARINER\SilverAdm
A802: CA13509PHS52 | B802: Yield | C802: QW | D802: 46177 | E802: 0.031686156 | F802: CA13509PHS52 @CBBT GOVT:<PriceBid=92.202|PriceAsk=92.228> | G802: 46177.777 | H802: MARINER\SilverAdm | I802: 46177.777 | J802: MARINER\SilverAdm
A803: CA13509PHT36 | B803: Yield | C803: QW | D803: 46177 | E803: 0.024919408 | F803: CA13509PHT36 @CBBT GOVT:<PriceBid=99.965|PriceAsk=99.966> | G803: 46177.777 | H803: MARINER\SilverAdm | I803: 46177.777 | J803: MARINER\SilverAdm
A804: CA13509PHU09 | B804: Yield | C804: QW | D804: 46177 | E804: 0.031655651 | F804: CA13509PHU09 @CBBT GOVT:<PriceBid=94.415|PriceAsk=94.441> | G804: 46177.777 | H804: MARINER\SilverAdm | I804: 46177.777 | J804: MARINER\SilverAdm
... A1640: RXZ6 | B1640: Price | C1640: QW | D1640: 46177 | E1640: 124.96 | F1640: RXZ6 COMDTY:<Price=124.96> | G1640: 46177.778 | H1640: MARINER\SilverAdm | I1640: 46177.778 | J1640: MARINER\SilverAdm
A1641: SERF7 | B1641: Price | C1641: QW | D1641: 46177 | E1641: 96.175 | G1641: 46177.666 | H1641: MARINERCAPITAL\jmannion | I1641: 46177.666 | J1641: MARINERCAPITAL\jmannion
A1642: SERF8 | B1642: Price | C1642: QW | D1642: 46177 | E1642: 96 | G1642: 46177.666 | H1642: MARINERCAPITAL\jmannion | I1642: 46177.666 | J1642: MARINERCAPITAL\jmannion
A1643: SERG7 | B1643: Price | C1643: QW | D1643: 46177 | E1643: 96.15 | G1643: 46177.666 | H1643: MARINERCAPITAL\jmannion | I1643: 46177.666 | J1643: MARINERCAPITAL\jmannion
A1644: SERG8 | B1644: Price | C1644: QW | D1644: 46177 | E1644: 96 | G1644: 46177.666 | H1644: MARINERCAPITAL\jmannion | I1644: 46177.666 | J1644: MARINERCAPITAL\jmannion
A1645: SERH7 | B1645: Price | C1645: QW | D1645: 46177 | E1645: 96.12 | G1645: 46177.666 | H1645: MARINERCAPITAL\jmannion | I1645: 46177.666 | J1645: MARINERCAPITAL\jmannion
A1646: SERH8 | B1646: Price | C1646: QW | D1646: 46177 | E1646: 96 | G1646: 46177.666 | H1646: MARINERCAPITAL\jmannion | I1646: 46177.666 | J1646: MARINERCAPITAL\jmannion
A1647: SERJ7 | B1647: Price | C1647: QW | D1647: 46177 | E1647: 96.09 | G1647: 46177.666 | H1647: MARINERCAPITAL\jmannion | I1647: 46177.666 | J1647: MARINERCAPITAL\jmannion
A1648: SERJ8 | B1648: Price | C1648: QW | D1648: 46177 | E1648: 96 | G1648: 46177.666 | H1648: MARINERCAPITAL\jmannion | I1648: 46177.666 | J1648: MARINERCAPITAL\jmannion
A1649: SERK7 | B1649: Price | C1649: QW | D1649: 46177 | E1649: 96.06 | G1649: 46177.666 | H1649: MARINERCAPITAL\jmannion | I1649: 46177.666 | J1649: MARINERCAPITAL\jmannion
A1650: SERM6 | B1650: Price | C1650: QW | D1650: 46177 | E1650: 96.4 | G1650: 46177.666 | H1650: MARINERCAPITAL\jmannion | I1650: 46177.666 | J1650: MARINERCAPITAL\jmannion
A1651: SERM7 | B1651: Price | C1651: QW | D1651: 46177 | E1651: 96.03 | G1651: 46177.666 | H1651: MARINERCAPITAL\jmannion | I1651: 46177.666 | J1651: MARINERCAPITAL\jmannion
A1652: SERN6 | B1652: Price | C1652: QW | D1652: 46177 | E1652: 96.38 | G1652: 46177.666 | H1652: MARINERCAPITAL\jmannion | I1652: 46177.666 | J1652: MARINERCAPITAL\jmannion
...

Sheet QW_CloseDL
A1: ID | B1: Att | C1: Src | D1: Date | E1: Value | F1: CreatedDate | G1: CreatedBy | H1: ModifiedTime | I1: ModifiedBy | J1: Notes
A2: 3YM6 | B2: Price | C2: QW | D2: 46177 | E2: 104.98438 | F2: 46177.772 | G2: MARINER\SilverAdm | H2: 46177.772 | I2: MARINER\SilverAdm | J2: DL CANVAS_FUTURES_MASTER Date=6/4/2026 PX_SETTLE = no sttl dt
A3: 3YU6 | B3: Price | C3: QW | D3: 46177 | E3: 104.82812 | F3: 46177.772 | G3: MARINER\SilverAdm | H3: 46177.772 | I3: MARINER\SilverAdm | J3: DL CANVAS_FUTURES_MASTER Date=6/4/2026 PX_SETTLE = no sttl dt
A4: 3YZ6 | B4: Price | C4: QW | D4: 46177 | E4: 104.79688 | F4: 46177.772 | G4: MARINER\SilverAdm | H4: 46177.772 | I4: MARINER\SilverAdm | J4: DL CANVAS_FUTURES_MASTER Date=6/4/2026 PX_SETTLE = no sttl dt
A5: 912797QX8 | B5: Yield | C5: QW | D5: 46177 | E5: 0.036564214 | F5: 46177.771 | G5: MARINER\SilverAdm | H5: 46177.771 | I5: MARINER\SilverAdm | J5: DL Bill input Discount = 3.57270000 PX_ASK = 3.56320000 PX_BID = 3.58220000
A6: 912797RF6 | B6: Yield | C6: QW | D6: 46177 | E6: 0.0369347 | F6: 46177.771 | G6: MARINER\SilverAdm | H6: 46177.771 | I6: MARINER\SilverAdm | J6: DL Bill input Discount = 3.60350000 PX_ASK = 3.59250000 PX_BID = 3.61450000
A7: 912797RG4 | B7: Yield | C7: QW | D7: 46177 | E7: 0.037064076 | F7: 46177.771 | G7: MARINER\SilverAdm | H7: 46177.771 | I7: MARINER\SilverAdm | J7: DL Bill input Discount = 3.61090000 PX_ASK = 3.59860000 PX_BID = 3.62320000
A8: 912797RS8 | B8: Yield | C8: QW | D8: 46177 | E8: 0.037245683 | F8: 46177.771 | G8: MARINER\SilverAdm | H8: 46177.771 | I8: MARINER\SilverAdm | J8: DL Bill input Discount = 3.62325000 PX_ASK = 3.61980000 PX_BID = 3.62670000
A9: 912797SA6 | B9: Yield | C9: QW | D9: 46177 | E9: 0.037283999 | F9: 46177.771 | G9: MARINER\SilverAdm | H9: 46177.771 | I9: MARINER\SilverAdm | J9: DL Bill input Discount = 3.62180000 PX_ASK = 3.61600000 PX_BID = 3.62760000
A10: 912797SK4 | B10: Yield | C10: QW | D10: 46177 | E10: 0.037335535 | F10: 46177.771 | G10: MARINER\SilverAdm | H10: 46177.771 | I10: MARINER\SilverAdm | J10: DL Bill input Discount = 3.62160000 PX_ASK = 3.61420000 PX_BID = 3.62900000
A11: 912797SU2 | B11: Yield | C11: QW | D11: 46177 | E11: 0.037547432 | F11: 46177.771 | G11: MARINER\SilverAdm | H11: 46177.771 | I11: MARINER\SilverAdm | J11: DL Bill input Discount = 3.63645000 PX_ASK = 3.63290000 PX_BID = 3.64000000
A12: 912797TC1 | B12: Yield | C12: QW | D12: 46177 | E12: 0.03729002 | F12: 46177.771 | G12: MARINER\SilverAdm | H12: 46177.771 | I12: MARINER\SilverAdm | J12: DL Bill input Discount = 3.60705000 PX_ASK = 3.58820000 PX_BID = 3.62590000
A13: 912797TD9 | B13: Yield | C13: QW | D13: 46177 | E13: 0.03671247 | F13: 46177.771 | G13: MARINER\SilverAdm | H13: 46177.771 | I13: MARINER\SilverAdm | J13: DL Bill input Discount = 3.58580000 PX_ASK = 3.57580000 PX_BID = 3.59580000
... A1354: XQU6 | B1354: Price | C1354: QW | D1354: 46177 | E1354: 112.7 | F1354: 46177.772 | G1354: MARINER\SilverAdm | H1354: 46177.772 | I1354: MARINER\SilverAdm | J1354: DL CANVAS_FUTURES_MASTER Date=6/4/2026 PX_SETTLE = no sttl dt

Sheet Comparaison
A1: {=_xlfn._xlws.FILTER(_xlfn.UNIQUE('BBT3'!A:A),_xlfn.UNIQUE('BBT3'!A:A)<>0)} -> ID | B1: Type | C1: ISIN | D1: Coupon | E1: Maturity | F1: InflationLinked | G1: ClodeDL Yield | H1: BBT3 Yield | I1: Close Yield | J1: Diff absolue | P1: {=_xll.qwCtxTrade()} -> ctx.46177.Close | Q1: {=_xll.qwCalAddBusDays("US",TODAY(),M3)} -> 46177
A2: 912797QX8 | B2: =IF(NOT(ISBLANK(A2)),VLOOKUP(A2,'BBT3'!A:F,2,0),"") -> Bill | C2: =IF(NOT(ISBLANK(A2)),VLOOKUP(A2,'BBT3'!A:F,3,0),"") -> US912797QX89 | D2: =IF(NOT(ISBLANK(A2)),VLOOKUP(A2,'BBT3'!A:F,4,1),"") -> 0 | E2: =IF(NOT(ISBLANK(A2)),VLOOKUP(A2,'BBT3'!A:F,5,0),"") -> 46184 | F2: =IF(NOT(ISBLANK(A2)),VLOOKUP(A2,'BBT3'!A:F,6,0),"") -> N | G2: =IF(NOT(ISBLANK(A2)),VLOOKUP(A2,QW_Close!A:J,5,0),"") -> 0.036564214 | H2: {=IF(NOT(ISBLANK(A2)),((_xlfn.XLOOKUP(1,(_bbt3[[#All],[ID]]=A2)*(_bbt3[[#All],[METRIC_NAME]]="YLD_YTM_ASK"),_bbt3[[#All],[METRIC_VALUE]])*0.5)+(_xlfn.XLOOKUP(1,(_bbt3[[#All],[ID]]=A2)*(_bbt3[[#All],[METRIC_NAME]]="YLD_YTM_BID"),_bbt3[[#All],[METRIC_VALUE]])*0.5))/100,"")} -> 0.03624479 | I2: =IF(ISNA(VLOOKUP(A2,QW_CloseDL!A:E,5,0)),0,VLOOKUP(A2,QW_CloseDL!A:E,5,0)) -> 0.036564214 | J2: =IF(ISNA(IF(NOT(ISBLANK(A2)),ABS(G2-I2),"")),0,(IF(NOT(ISBLANK(A2)),ABS(G2-I2)*10000,""))) -> 0 | Q2: Total | R2: =COUNTA(A:A) -> 607
A3: 912797RF6 | B3: =IF(NOT(ISBLANK(A3)),VLOOKUP(A3,'BBT3'!A:F,2,0),"") -> Bill | C3: =IF(NOT(ISBLANK(A3)),VLOOKUP(A3,'BBT3'!A:F,3,0),"") -> US912797RF64 | D3: =IF(NOT(ISBLANK(A3)),VLOOKUP(A3,'BBT3'!A:F,4,1),"") -> 0 | E3: =IF(NOT(ISBLANK(A3)),VLOOKUP(A3,'BBT3'!A:F,5,0),"") -> 46212 | F3: =IF(NOT(ISBLANK(A3)),VLOOKUP(A3,'BBT3'!A:F,6,0),"") -> N | G3: =IF(NOT(ISBLANK(A3)),VLOOKUP(A3,QW_Close!A:J,5,0),"") -> 0.0369347 | H3: {=IF(NOT(ISBLANK(A3)),((_xlfn.XLOOKUP(1,(_bbt3[[#All],[ID]]=A3)*(_bbt3[[#All],[METRIC_NAME]]="YLD_YTM_ASK"),_bbt3[[#All],[METRIC_VALUE]])*0.5)+(_xlfn.XLOOKUP(1,(_bbt3[[#All],[ID]]=A3)*(_bbt3[[#All],[METRIC_NAME]]="YLD_YTM_BID"),_bbt3[[#All],[METRIC_VALUE]])*0.5))/100,"")} -> #N/A | I3: =IF(ISNA(VLOOKUP(A3,QW_CloseDL!A:E,5,0)),0,VLOOKUP(A3,QW_CloseDL!A:E,5,0)) -> 0.0369347 | J3: =IF(ISNA(IF(NOT(ISBLANK(A3)),ABS(G3-I3),"")),0,(IF(NOT(ISBLANK(A3)),ABS(G3-I3)*10000,""))) -> 0 | M3: -1 | R3: {=MAX(_xlfn._xlws.FILTER(J2:J3500,ISNUMBER(J2:J3500)*(B2:B3500="Bond")))} -> 4.1568743
A4: 912797RG4 | B4: =IF(NOT(ISBLANK(A4)),VLOOKUP(A4,'BBT3'!A:F,2,0),"") -> Bill | C4: =IF(NOT(ISBLANK(A4)),VLOOKUP(A4,'BBT3'!A:F,3,0),"") -> US912797RG48 | D4: =IF(NOT(ISBLANK(A4)),VLOOKUP(A4,'BBT3'!A:F,4,1),"") -> 0 | E4: =IF(NOT(ISBLANK(A4)),VLOOKUP(A4,'BBT3'!A:F,5,0),"") -> 46240 | F4: =IF(NOT(ISBLANK(A4)),VLOOKUP(A4,'BBT3'!A:F,6,0),"") -> N | G4: =IF(NOT(ISBLANK(A4)),VLOOKUP(A4,QW_Close!A:J,5,0),"") -> 0.037064076 | H4: {=IF(NOT(ISBLANK(A4)),((_xlfn.XLOOKUP(1,(_bbt3[[#All],[ID]]=A4)*(_bbt3[[#All],[METRIC_NAME]]="YLD_YTM_ASK"),_bbt3[[#All],[METRIC_VALUE]])*0.5)+(_xlfn.XLOOKUP(1,(_bbt3[[#All],[ID]]=A4)*(_bbt3[[#All],[METRIC_NAME]]="YLD_YTM_BID"),_bbt3[[#All],[METRIC_VALUE]])*0.5))/100,"")} -> #N/A | I4: =IF(ISNA(VLOOKUP(A4,QW_CloseDL!A:E,5,0)),0,VLOOKUP(A4,QW_CloseDL!A:E,5,0)) -> 0.037064076 | J4: =IF(ISNA(IF(NOT(ISBLANK(A4)),ABS(G4-I4),"")),0,(IF(NOT(ISBLANK(A4)),ABS(G4-I4)*10000,""))) -> 0
A5: 912797RS8 | B5: =IF(NOT(ISBLANK(A5)),VLOOKUP(A5,'BBT3'!A:F,2,0),"") -> Bill | C5: =IF(NOT(ISBLANK(A5)),VLOOKUP(A5,'BBT3'!A:F,3,0),"") -> US912797RS85 | D5: =IF(NOT(ISBLANK(A5)),VLOOKUP(A5,'BBT3'!A:F,4,1),"") -> 0 | E5: =IF(NOT(ISBLANK(A5)),VLOOKUP(A5,'BBT3'!A:F,5,0),"") -> 46268 | F5: =IF(NOT(ISBLANK(A5)),VLOOKUP(A5,'BBT3'!A:F,6,0),"") -> N | G5: =IF(NOT(ISBLANK(A5)),VLOOKUP(A5,QW_Close!A:J,5,0),"") -> 0.037245683 | H5: {=IF(NOT(ISBLANK(A5)),((_xlfn.XLOOKUP(1,(_bbt3[[#All],[ID]]=A5)*(_bbt3[[#All],[METRIC_NAME]]="YLD_YTM_ASK"),_bbt3[[#All],[METRIC_VALUE]])*0.5)+(_xlfn.XLOOKUP(1,(_bbt3[[#All],[ID]]=A5)*(_bbt3[[#All],[METRIC_NAME]]="YLD_YTM_BID"),_bbt3[[#All],[METRIC_VALUE]])*0.5))/100,"")} -> 0.037071528 | I5: =IF(ISNA(VLOOKUP(A5,QW_CloseDL!A:E,5,0)),0,VLOOKUP(A5,QW_CloseDL!A:E,5,0)) -> 0.037245683 | J5: =IF(ISNA(IF(NOT(ISBLANK(A5)),ABS(G5-I5),"")),0,(IF(NOT(ISBLANK(A5)),ABS(G5-I5)*10000,""))) -> 0
A6: 912797SA6 | B6: =IF(NOT(ISBLANK(A6)),VLOOKUP(A6,'BBT3'!A:F,2,0),"") -> Bill | C6: =IF(NOT(ISBLANK(A6)),VLOOKUP(A6,'BBT3'!A:F,3,0),"") -> US912797SA68 | D6: =IF(NOT(ISBLANK(A6)),VLOOKUP(A6,'BBT3'!A:F,4,1),"") -> 0 | E6: =IF(NOT(ISBLANK(A6)),VLOOKUP(A6,'BBT3'!A:F,5,0),"") -> 46296 | F6: =IF(NOT(ISBLANK(A6)),VLOOKUP(A6,'BBT3'!A:F,6,0),"") -> N | G6: =IF(NOT(ISBLANK(A6)),VLOOKUP(A6,QW_Close!A:J,5,0),"") -> 0.037283999 | H6: {=IF(NOT(ISBLANK(A6)),((_xlfn.XLOOKUP(1,(_bbt3[[#All],[ID]]=A6)*(_bbt3[[#All],[METRIC_NAME]]="YLD_YTM_ASK"),_bbt3[[#All],[METRIC_VALUE]])*0.5)+(_xlfn.XLOOKUP(1,(_bbt3[[#All],[ID]]=A6)*(_bbt3[[#All],[METRIC_NAME]]="YLD_YTM_BID"),_bbt3[[#All],[METRIC_VALUE]])*0.5))/100,"")} -> 0.037162198 | I6: =IF(ISNA(VLOOKUP(A6,QW_CloseDL!A:E,5,0)),0,VLOOKUP(A6,QW_CloseDL!A:E,5,0)) -> 0.037283999 | J6: =IF(ISNA(IF(NOT(ISBLANK(A6)),ABS(G6-I6),"")),0,(IF(NOT(ISBLANK(A6)),ABS(G6-I6)*10000,""))) -> 0
A7: 912797SK4 | B7: =IF(NOT(ISBLANK(A7)),VLOOKUP(A7,'BBT3'!A:F,2,0),"") -> Bill | C7: =IF(NOT(ISBLANK(A7)),VLOOKUP(A7,'BBT3'!A:F,3,0),"") -> US912797SK41 | D7: =IF(NOT(ISBLANK(A7)),VLOOKUP(A7,'BBT3'!A:F,4,1),"") -> 0 | E7: =IF(NOT(ISBLANK(A7)),VLOOKUP(A7,'BBT3'!A:F,5,0),"") -> 46324 | F7: =IF(NOT(ISBLANK(A7)),VLOOKUP(A7,'BBT3'!A:F,6,0),"") -> N | G7: =IF(NOT(ISBLANK(A7)),VLOOKUP(A7,QW_Close!A:J,5,0),"") -> 0.037335535 | H7: {=IF(NOT(ISBLANK(A7)),((_xlfn.XLOOKUP(1,(_bbt3[[#All],[ID]]=A7)*(_bbt3[[#All],[METRIC_NAME]]="YLD_YTM_ASK"),_bbt3[[#All],[METRIC_VALUE]])*0.5)+(_xlfn.XLOOKUP(1,(_bbt3[[#All],[ID]]=A7)*(_bbt3[[#All],[METRIC_NAME]]="YLD_YTM_BID"),_bbt3[[#All],[METRIC_VALUE]])*0.5))/100,"")} -> 0.037266356 | I7: =IF(ISNA(VLOOKUP(A7,QW_CloseDL!A:E,5,0)),0,VLOOKUP(A7,QW_CloseDL!A:E,5,0)) -> 0.037335535 | J7: =IF(ISNA(IF(NOT(ISBLANK(A7)),ABS(G7-I7),"")),0,(IF(NOT(ISBLANK(A7)),ABS(G7-I7)*10000,""))) -> 0
A8: 912797SU2 | B8: =IF(NOT(ISBLANK(A8)),VLOOKUP(A8,'BBT3'!A:F,2,0),"") -> Bill | C8: =IF(NOT(ISBLANK(A8)),VLOOKUP(A8,'BBT3'!A:F,3,0),"") -> US912797SU23 | D8: =IF(NOT(ISBLANK(A8)),VLOOKUP(A8,'BBT3'!A:F,4,1),"") -> 0 | E8: =IF(NOT(ISBLANK(A8)),VLOOKUP(A8,'BBT3'!A:F,5,0),"") -> 46353 | F8: =IF(NOT(ISBLANK(A8)),VLOOKUP(A8,'BBT3'!A:F,6,0),"") -> N | G8: =IF(NOT(ISBLANK(A8)),VLOOKUP(A8,QW_Close!A:J,5,0),"") -> 0.037547432 | H8: {=IF(NOT(ISBLANK(A8)),((_xlfn.XLOOKUP(1,(_bbt3[[#All],[ID]]=A8)*(_bbt3[[#All],[METRIC_NAME]]="YLD_YTM_ASK"),_bbt3[[#All],[METRIC_VALUE]])*0.5)+(_xlfn.XLOOKUP(1,(_bbt3[[#All],[ID]]=A8)*(_bbt3[[#All],[METRIC_NAME]]="YLD_YTM_BID"),_bbt3[[#All],[METRIC_VALUE]])*0.5))/100,"")} -> 0.037533042 | I8: =IF(ISNA(VLOOKUP(A8,QW_CloseDL!A:E,5,0)),0,VLOOKUP(A8,QW_CloseDL!A:E,5,0)) -> 0.037547432 | J8: =IF(ISNA(IF(NOT(ISBLANK(A8)),ABS(G8-I8),"")),0,(IF(NOT(ISBLANK(A8)),ABS(G8-I8)*10000,""))) -> 0
A9: 912797TC1 | B9: =IF(NOT(ISBLANK(A9)),VLOOKUP(A9,'BBT3'!A:F,2,0),"") -> Bill | C9: =IF(NOT(ISBLANK(A9)),VLOOKUP(A9,'BBT3'!A:F,3,0),"") -> US912797TC16 | D9: =IF(NOT(ISBLANK(A9)),VLOOKUP(A9,'BBT3'!A:F,4,1),"") -> 0 | E9: =IF(NOT(ISBLANK(A9)),VLOOKUP(A9,'BBT3'!A:F,5,0),"") -> 46380 | F9: =IF(NOT(ISBLANK(A9)),VLOOKUP(A9,'BBT3'!A:F,6,0),"") -> N | G9: =IF(NOT(ISBLANK(A9)),VLOOKUP(A9,QW_Close!A:J,5,0),"") -> 0.03729002 | H9: {=IF(NOT(ISBLANK(A9)),((_xlfn.XLOOKUP(1,(_bbt3[[#All],[ID]]=A9)*(_bbt3[[#All],[METRIC_NAME]]="YLD_YTM_ASK"),_bbt3[[#All],[METRIC_VALUE]])*0.5)+(_xlfn.XLOOKUP(1,(_bbt3[[#All],[ID]]=A9)*(_bbt3[[#All],[METRIC_NAME]]="YLD_YTM_BID"),_bbt3[[#All],[METRIC_VALUE]])*0.5))/100,"")} -> 0.03725997 | I9: =IF(ISNA(VLOOKUP(A9,QW_CloseDL!A:E,5,0)),0,VLOOKUP(A9,QW_CloseDL!A:E,5,0)) -> 0.03729002 | J9: =IF(ISNA(IF(NOT(ISBLANK(A9)),ABS(G9-I9),"")),0,(IF(NOT(ISBLANK(A9)),ABS(G9-I9)*10000,""))) -> 0
A10: 912797TD9 | B10: =IF(NOT(ISBLANK(A10)),VLOOKUP(A10,'BBT3'!A:F,2,0),"") -> Bill | C10: =IF(NOT(ISBLANK(A10)),VLOOKUP(A10,'BBT3'!A:F,3,0),"") -> US912797TD98 | D10: =IF(NOT(ISBLANK(A10)),VLOOKUP(A10,'BBT3'!A:F,4,1),"") -> 0 | E10: =IF(NOT(ISBLANK(A10)),VLOOKUP(A10,'BBT3'!A:F,5,0),"") -> 46191 | F10: =IF(NOT(ISBLANK(A10)),VLOOKUP(A10,'BBT3'!A:F,6,0),"") -> N | G10: =IF(NOT(ISBLANK(A10)),VLOOKUP(A10,QW_Close!A:J,5,0),"") -> 0.03671247 | H10: {=IF(NOT(ISBLANK(A10)),((_xlfn.XLOOKUP(1,(_bbt3[[#All],[ID]]=A10)*(_bbt3[[#All],[METRIC_NAME]]="YLD_YTM_ASK"),_bbt3[[#All],[METRIC_VALUE]])*0.5)+(_xlfn.XLOOKUP(1,(_bbt3[[#All],[ID]]=A10)*(_bbt3[[#All],[METRIC_NAME]]="YLD_YTM_BID"),_bbt3[[#All],[METRIC_VALUE]])*0.5))/100,"")} -> #N/A | I10: =IF(ISNA(VLOOKUP(A10,QW_CloseDL!A:E,5,0)),0,VLOOKUP(A10,QW_CloseDL!A:E,5,0)) -> 0.03671247 | J10: =IF(ISNA(IF(NOT(ISBLANK(A10)),ABS(G10-I10),"")),0,(IF(NOT(ISBLANK(A10)),ABS(G10-I10)*10000,""))) -> 0
A11: 912797TE7 | B11: =IF(NOT(ISBLANK(A11)),VLOOKUP(A11,'BBT3'!A:F,2,0),"") -> Bill | C11: =IF(NOT(ISBLANK(A11)),VLOOKUP(A11,'BBT3'!A:F,3,0),"") -> US912797TE71 | D11: =IF(NOT(ISBLANK(A11)),VLOOKUP(A11,'BBT3'!A:F,4,1),"") -> 0 | E11: =IF(NOT(ISBLANK(A11)),VLOOKUP(A11,'BBT3'!A:F,5,0),"") -> 46198 | F11: =IF(NOT(ISBLANK(A11)),VLOOKUP(A11,'BBT3'!A:F,6,0),"") -> N | G11: =IF(NOT(ISBLANK(A11)),VLOOKUP(A11,QW_Close!A:J,5,0),"") -> 0.036699024 | H11: {=IF(NOT(ISBLANK(A11)),((_xlfn.XLOOKUP(1,(_bbt3[[#All],[ID]]=A11)*(_bbt3[[#All],[METRIC_NAME]]="YLD_YTM_ASK"),_bbt3[[#All],[METRIC_VALUE]])*0.5)+(_xlfn.XLOOKUP(1,(_bbt3[[#All],[ID]]=A11)*(_bbt3[[#All],[METRIC_NAME]]="YLD_YTM_BID"),_bbt3[[#All],[METRIC_VALUE]])*0.5))/100,"")} -> 0.036402641 | I11: =IF(ISNA(VLOOKUP(A11,QW_CloseDL!A:E,5,0)),0,VLOOKUP(A11,QW_CloseDL!A:E,5,0)) -> 0.036699024 | J11: =IF(ISNA(IF(NOT(ISBLANK(A11)),ABS(G11-I11),"")),0,(IF(NOT(ISBLANK(A11)),ABS(G11-I11)*10000,""))) -> 0
A12: 912797TF4 | B12: =IF(NOT(ISBLANK(A12)),VLOOKUP(A12,'BBT3'!A:F,2,0),"") -> Bill | C12: =IF(NOT(ISBLANK(A12)),VLOOKUP(A12,'BBT3'!A:F,3,0),"") -> US912797TF47 | D12: =IF(NOT(ISBLANK(A12)),VLOOKUP(A12,'BBT3'!A:F,4,1),"") -> 0 | E12: =IF(NOT(ISBLANK(A12)),VLOOKUP(A12,'BBT3'!A:F,5,0),"") -> 46205 | F12: =IF(NOT(ISBLANK(A12)),VLOOKUP(A12,'BBT3'!A:F,6,0),"") -> N | G12: =IF(NOT(ISBLANK(A12)),VLOOKUP(A12,QW_Close!A:J,5,0),"") -> 0.036848616 | H12: {=IF(NOT(ISBLANK(A12)),((_xlfn.XLOOKUP(1,(_bbt3[[#All],[ID]]=A12)*(_bbt3[[#All],[METRIC_NAME]]="YLD_YTM_ASK"),_bbt3[[#All],[METRIC_VALUE]])*0.5)+(_xlfn.XLOOKUP(1,(_bbt3[[#All],[ID]]=A12)*(_bbt3[[#All],[METRIC_NAME]]="YLD_YTM_BID"),_bbt3[[#All],[METRIC_VALUE]])*0.5))/100,"")} -> #N/A | I12: =IF(ISNA(VLOOKUP(A12,QW_CloseDL!A:E,5,0)),0,VLOOKUP(A12,QW_CloseDL!A:E,5,0)) -> 0.036848616 | J12: =IF(ISNA(IF(NOT(ISBLANK(A12)),ABS(G12-I12),"")),0,(IF(NOT(ISBLANK(A12)),ABS(G12-I12)*10000,""))) -> 0
A13: 912797TM9 | B13: =IF(NOT(ISBLANK(A13)),VLOOKUP(A13,'BBT3'!A:F,2,0),"") -> Bill | C13: =IF(NOT(ISBLANK(A13)),VLOOKUP(A13,'BBT3'!A:F,3,0),"") -> US912797TM97 | D13: =IF(NOT(ISBLANK(A13)),VLOOKUP(A13,'BBT3'!A:F,4,1),"") -> 0 | E13: =IF(NOT(ISBLANK(A13)),VLOOKUP(A13,'BBT3'!A:F,5,0),"") -> 46408 | F13: =IF(NOT(ISBLANK(A13)),VLOOKUP(A13,'BBT3'!A:F,6,0),"") -> N | G13: =IF(NOT(ISBLANK(A13)),VLOOKUP(A13,QW_Close!A:J,5,0),"") -> 0.037145095 | H13: {=IF(NOT(ISBLANK(A13)),((_xlfn.XLOOKUP(1,(_bbt3[[#All],[ID]]=A13)*(_bbt3[[#All],[METRIC_NAME]]="YLD_YTM_ASK"),_bbt3[[#All],[METRIC_VALUE]])*0.5)+(_xlfn.XLOOKUP(1,(_bbt3[[#All],[ID]]=A13)*(_bbt3[[#All],[METRIC_NAME]]="YLD_YTM_BID"),_bbt3[[#All],[METRIC_VALUE]])*0.5))/100,"")} -> #N/A | I13: =IF(ISNA(VLOOKUP(A13,QW_CloseDL!A:E,5,0)),0,VLOOKUP(A13,QW_CloseDL!A:E,5,0)) -> 0.037145095 | J13: =IF(ISNA(IF(NOT(ISBLANK(A13)),ABS(G13-I13),"")),0,(IF(NOT(ISBLANK(A13)),ABS(G13-I13)*10000,""))) -> 0 | P13: {=_xlfn._xlws.FILTER(A2:A3000,(J2:J3000>R3*10%)*(D2:D3000>0))} -> 912810FD5 | Q13: =VLOOKUP(P13,A:B,2,0) -> Bond | R13: =VLOOKUP(P13,A:E,4,0) -> 3.625 | S13: =VLOOKUP(P13,A:J,10,0) -> 4.1568743 | T13: =VLOOKUP(P13,A:J,5,0) -> 46858
A14: 912797TN7 | B14: =IF(NOT(ISBLANK(A14)),VLOOKUP(A14,'BBT3'!A:F,2,0),"") -> Bill | C14: =IF(NOT(ISBLANK(A14)),VLOOKUP(A14,'BBT3'!A:F,3,0),"") -> US912797TN70 | D14: =IF(NOT(ISBLANK(A14)),VLOOKUP(A14,'BBT3'!A:F,4,1),"") -> 0 | E14: =IF(NOT(ISBLANK(A14)),VLOOKUP(A14,'BBT3'!A:F,5,0),"") -> 46219 | F14: =IF(NOT(ISBLANK(A14)),VLOOKUP(A14,'BBT3'!A:F,6,0),"") -> N | G14: =IF(NOT(ISBLANK(A14)),VLOOKUP(A14,QW_Close!A:J,5,0),"") -> 0.037002238 | H14: {=IF(NOT(ISBLANK(A14)),((_xlfn.XLOOKUP(1,(_bbt3[[#All],[ID]]=A14)*(_bbt3[[#All],[METRIC_NAME]]="YLD_YTM_ASK"),_bbt3[[#All],[METRIC_VALUE]])*0.5)+(_xlfn.XLOOKUP(1,(_bbt3[[#All],[ID]]=A14)*(_bbt3[[#All],[METRIC_NAME]]="YLD_YTM_BID"),_bbt3[[#All],[METRIC_VALUE]])*0.5))/100,"")} -> 0.036739715 | I14: =IF(ISNA(VLOOKUP(A14,QW_CloseDL!A:E,5,0)),0,VLOOKUP(A14,QW_CloseDL!A:E,5,0)) -> 0.037002238 | J14: =IF(ISNA(IF(NOT(ISBLANK(A14)),ABS(G14-I14),"")),0,(IF(NOT(ISBLANK(A14)),ABS(G14-I14)*10000,""))) -> 0 | P14: 912810FH6 | Q14: =VLOOKUP(P14,A:B,2,0) -> Bond | R14: =VLOOKUP(P14,A:E,4,0) -> 3.875 | S14: =VLOOKUP(P14,A:J,10,0) -> 3.5023207 | T14: =VLOOKUP(P14,A:J,5,0) -> 47223
A15: 912797TP2 | B15: =IF(NOT(ISBLANK(A15)),VLOOKUP(A15,'BBT3'!A:F,2,0),"") -> Bill | C15: =IF(NOT(ISBLANK(A15)),VLOOKUP(A15,'BBT3'!A:F,3,0),"") -> US912797TP29 | D15: =IF(NOT(ISBLANK(A15)),VLOOKUP(A15,'BBT3'!A:F,4,1),"") -> 0 | E15: =IF(NOT(ISBLANK(A15)),VLOOKUP(A15,'BBT3'!A:F,5,0),"") -> 46226 | F15: =IF(NOT(ISBLANK(A15)),VLOOKUP(A15,'BBT3'!A:F,6,0),"") -> N | G15: =IF(NOT(ISBLANK(A15)),VLOOKUP(A15,QW_Close!A:J,5,0),"") -> 0.03701591 | H15: {=IF(NOT(ISBLANK(A15)),((_xlfn.XLOOKUP(1,(_bbt3[[#All],[ID]]=A15)*(_bbt3[[#All],[METRIC_NAME]]="YLD_YTM_ASK"),_bbt3[[#All],[METRIC_VALUE]])*0.5)+(_xlfn.XLOOKUP(1,(_bbt3[[#All],[ID]]=A15)*(_bbt3[[#All],[METRIC_NAME]]="YLD_YTM_BID"),_bbt3[[#All],[METRIC_VALUE]])*0.5))/100,"")} -> 0.036766132 | I15: =IF(ISNA(VLOOKUP(A15,QW_CloseDL!A:E,5,0)),0,VLOOKUP(A15,QW_CloseDL!A:E,5,0)) -> 0.03701591 | J15: =IF(ISNA(IF(NOT(ISBLANK(A15)),ABS(G15-I15),"")),0,(IF(NOT(ISBLANK(A15)),ABS(G15-I15)*10000,""))) -> 0 | P15: 912810FQ6 | Q15: =VLOOKUP(P15,A:B,2,0) -> Bond | R15: =VLOOKUP(P15,A:E,4,0) -> 3.375 | S15: =VLOOKUP(P15,A:J,10,0) -> 1.0721609 | T15: =VLOOKUP(P15,A:J,5,0) -> 48319
A16: 912797TQ0 | B16: =IF(NOT(ISBLANK(A16)),VLOOKUP(A16,'BBT3'!A:F,2,0),"") -> Bill | C16: =IF(NOT(ISBLANK(A16)),VLOOKUP(A16,'BBT3'!A:F,3,0),"") -> US912797TQ02 | D16: =IF(NOT(ISBLANK(A16)),VLOOKUP(A16,'BBT3'!A:F,4,1),"") -> 0 | E16: =IF(NOT(ISBLANK(A16)),VLOOKUP(A16,'BBT3'!A:F,5,0),"") -> 46233 | F16: =IF(NOT(ISBLANK(A16)),VLOOKUP(A16,'BBT3'!A:F,6,0),"") -> N | G16: =IF(NOT(ISBLANK(A16)),VLOOKUP(A16,QW_Close!A:J,5,0),"") -> 0.037034787 | H16: {=IF(NOT(ISBLANK(A16)),((_xlfn.XLOOKUP(1,(_bbt3[[#All],[ID]]=A16)*(_bbt3[[#All],[METRIC_NAME]]="YLD_YTM_ASK"),_bbt3[[#All],[METRIC_VALUE]])*0.5)+(_xlfn.XLOOKUP(1,(_bbt3[[#All],[ID]]=A16)*(_bbt3[[#All],[METRIC_NAME]]="YLD_YTM_BID"),_bbt3[[#All],[METRIC_VALUE]])*0.5))/100,"")} -> 0.036797713 | I16: =IF(ISNA(VLOOKUP(A16,QW_CloseDL!A:E,5,0)),0,VLOOKUP(A16,QW_CloseDL!A:E,5,0)) -> 0.037034787 | J16: =IF(ISNA(IF(NOT(ISBLANK(A16)),ABS(G16-I16),"")),0,(IF(NOT(ISBLANK(A16)),ABS(G16-I16)*10000,""))) -> 0 | P16: 0 | Q16: =VLOOKUP(P16,A:B,2,0) -> #N/A | R16: =VLOOKUP(P16,A:E,4,0) -> #N/A | S16: =VLOOKUP(P16,A:J,10,0) -> #N/A | T16: =VLOOKUP(P16,A:J,5,0) -> #N/A
A17: 912797TV9 | B17: =IF(NOT(ISBLANK(A17)),VLOOKUP(A17,'BBT3'!A:F,2,0),"") -> Bill | C17: =IF(NOT(ISBLANK(A17)),VLOOKUP(A17,'BBT3'!A:F,3,0),"") -> US912797TV96 | D17: =IF(NOT(ISBLANK(A17)),VLOOKUP(A17,'BBT3'!A:F,4,1),"") -> 0 | E17: =IF(NOT(ISBLANK(A17)),VLOOKUP(A17,'BBT3'!A:F,5,0),"") -> 46436 | F17: =IF(NOT(ISBLANK(A17)),VLOOKUP(A17,'BBT3'!A:F,6,0),"") -> N | G17: =IF(NOT(ISBLANK(A17)),VLOOKUP(A17,QW_Close!A:J,5,0),"") -> 0.037346943 | H17: {=IF(NOT(ISBLANK(A17)),((_xlfn.XLOOKUP(1,(_bbt3[[#All],[ID]]=A17)*(_bbt3[[#All],[METRIC_NAME]]="YLD_YTM_ASK"),_bbt3[[#All],[METRIC_VALUE]])*0.5)+(_xlfn.XLOOKUP(1,(_bbt3[[#All],[ID]]=A17)*(_bbt3[[#All],[METRIC_NAME]]="YLD_YTM_BID"),_bbt3[[#All],[METRIC_VALUE]])*0.5))/100,"")} -> 0.037287263 | I17: =IF(ISNA(VLOOKUP(A17,QW_CloseDL!A:E,5,0)),0,VLOOKUP(A17,QW_CloseDL!A:E,5,0)) -> 0.037346943 | J17: =IF(ISNA(IF(NOT(ISBLANK(A17)),ABS(G17-I17),"")),0,(IF(NOT(ISBLANK(A17)),ABS(G17-I17)*10000,""))) -> 0 | P17: 0 | Q17: =VLOOKUP(P17,A:B,2,0) -> #N/A | R17: =VLOOKUP(P17,A:E,4,0) -> #N/A | S17: =VLOOKUP(P17,A:J,10,0) -> #N/A | T17: =VLOOKUP(P17,A:J,5,0) -> #N/A
A18: 912797TW7 | B18: =IF(NOT(ISBLANK(A18)),VLOOKUP(A18,'BBT3'!A:F,2,0),"") -> Bill | C18: =IF(NOT(ISBLANK(A18)),VLOOKUP(A18,'BBT3'!A:F,3,0),"") -> US912797TW79 | D18: =IF(NOT(ISBLANK(A18)),VLOOKUP(A18,'BBT3'!A:F,4,1),"") -> 0 | E18: =IF(NOT(ISBLANK(A18)),VLOOKUP(A18,'BBT3'!A:F,5,0),"") -> 46247 | F18: =IF(NOT(ISBLANK(A18)),VLOOKUP(A18,'BBT3'!A:F,6,0),"") -> N | G18: =IF(NOT(ISBLANK(A18)),VLOOKUP(A18,QW_Close!A:J,5,0),"") -> 0.037132397 | H18: {=IF(NOT(ISBLANK(A18)),((_xlfn.XLOOKUP(1,(_bbt3[[#All],[ID]]=A18)*(_bbt3[[#All],[METRIC_NAME]]="YLD_YTM_ASK"),_bbt3[[#All],[METRIC_VALUE]])*0.5)+(_xlfn.XLOOKUP(1,(_bbt3[[#All],[ID]]=A18)*(_bbt3[[#All],[METRIC_NAME]]="YLD_YTM_BID"),_bbt3[[#All],[METRIC_VALUE]])*0.5))/100,"")} -> 0.036920146 | I18: =IF(ISNA(VLOOKUP(A18,QW_CloseDL!A:E,5,0)),0,VLOOKUP(A18,QW_CloseDL!A:E,5,0)) -> 0.037132397 | J18: =IF(ISNA(IF(NOT(ISBLANK(A18)),ABS(G18-I18),"")),0,(IF(NOT(ISBLANK(A18)),ABS(G18-I18)*10000,""))) -> 0 | P18: 0 | Q18: =VLOOKUP(P18,A:B,2,0) -> #N/A | R18: =VLOOKUP(P18,A:E,4,0) -> #N/A | S18: =VLOOKUP(P18,A:J,10,0) -> #N/A | T18: =VLOOKUP(P18,A:J,5,0) -> #N/A
A19: 912797TX5 | B19: =IF(NOT(ISBLANK(A19)),VLOOKUP(A19,'BBT3'!A:F,2,0),"") -> Bill | C19: =IF(NOT(ISBLANK(A19)),VLOOKUP(A19,'BBT3'!A:F,3,0),"") -> US912797TX52 | D19: =IF(NOT(ISBLANK(A19)),VLOOKUP(A19,'BBT3'!A:F,4,1),"") -> 0 | E19: =IF(NOT(ISBLANK(A19)),VLOOKUP(A19,'BBT3'!A:F,5,0),"") -> 46254 | F19: =IF(NOT(ISBLANK(A19)),VLOOKUP(A19,'BBT3'!A:F,6,0),"") -> N | G19: =IF(NOT(ISBLANK(A19)),VLOOKUP(A19,QW_Close!A:J,5,0),"") -> 0.037113915 | H19: {=IF(NOT(ISBLANK(A19)),((_xlfn.XLOOKUP(1,(_bbt3[[#All],[ID]]=A19)*(_bbt3[[#All],[METRIC_NAME]]="YLD_YTM_ASK"),_bbt3[[#All],[METRIC_VALUE]])*0.5)+(_xlfn.XLOOKUP(1,(_bbt3[[#All],[ID]]=A19)*(_bbt3[[#All],[METRIC_NAME]]="YLD_YTM_BID"),_bbt3[[#All],[METRIC_VALUE]])*0.5))/100,"")} -> #N/A | I19: =IF(ISNA(VLOOKUP(A19,QW_CloseDL!A:E,5,0)),0,VLOOKUP(A19,QW_CloseDL!A:E,5,0)) -> 0.037113915 | J19: =IF(ISNA(IF(NOT(ISBLANK(A19)),ABS(G19-I19),"")),0,(IF(NOT(ISBLANK(A19)),ABS(G19-I19)*10000,""))) -> 0 | P19: 0 | Q19: =VLOOKUP(P19,A:B,2,0) -> #N/A | R19: =VLOOKUP(P19,A:E,4,0) -> #N/A | S19: =VLOOKUP(P19,A:J,10,0) -> #N/A | T19: =VLOOKUP(P19,A:J,5,0) -> #N/A
A20: 912797TY3 | B20: =IF(NOT(ISBLANK(A20)),VLOOKUP(A20,'BBT3'!A:F,2,0),"") -> Bill | C20: =IF(NOT(ISBLANK(A20)),VLOOKUP(A20,'BBT3'!A:F,3,0),"") -> US912797TY36 | D20: =IF(NOT(ISBLANK(A20)),VLOOKUP(A20,'BBT3'!A:F,4,1),"") -> 0 | E20: =IF(NOT(ISBLANK(A20)),VLOOKUP(A20,'BBT3'!A:F,5,0),"") -> 46261 | F20: =IF(NOT(ISBLANK(A20)),VLOOKUP(A20,'BBT3'!A:F,6,0),"") -> N | G20: =IF(NOT(ISBLANK(A20)),VLOOKUP(A20,QW_Close!A:J,5,0),"") -> 0.037148512 | H20: {=IF(NOT(ISBLANK(A20)),((_xlfn.XLOOKUP(1,(_bbt3[[#All],[ID]]=A20)*(_bbt3[[#All],[METRIC_NAME]]="YLD_YTM_ASK"),_bbt3[[#All],[METRIC_VALUE]])*0.5)+(_xlfn.XLOOKUP(1,(_bbt3[[#All],[ID]]=A20)*(_bbt3[[#All],[METRIC_NAME]]="YLD_YTM_BID"),_bbt3[[#All],[METRIC_VALUE]])*0.5))/100,"")} -> #N/A | I20: =IF(ISNA(VLOOKUP(A20,QW_CloseDL!A:E,5,0)),0,VLOOKUP(A20,QW_CloseDL!A:E,5,0)) -> 0.037148512 | J20: =IF(ISNA(IF(NOT(ISBLANK(A20)),ABS(G20-I20),"")),0,(IF(NOT(ISBLANK(A20)),ABS(G20-I20)*10000,""))) -> 0 | P20: 0 | Q20: =VLOOKUP(P20,A:B,2,0) -> #N/A | R20: =VLOOKUP(P20,A:E,4,0) -> #N/A | S20: =VLOOKUP(P20,A:J,10,0) -> #N/A | T20: =VLOOKUP(P20,A:J,5,0) -> #N/A
A21: 912797TZ0 | B21: =IF(NOT(ISBLANK(A21)),VLOOKUP(A21,'BBT3'!A:F,2,0),"") -> Bill | C21: =IF(NOT(ISBLANK(A21)),VLOOKUP(A21,'BBT3'!A:F,3,0),"") -> US912797TZ01 | D21: =IF(NOT(ISBLANK(A21)),VLOOKUP(A21,'BBT3'!A:F,4,1),"") -> 0 | E21: =IF(NOT(ISBLANK(A21)),VLOOKUP(A21,'BBT3'!A:F,5,0),"") -> 46182 | F21: =IF(NOT(ISBLANK(A21)),VLOOKUP(A21,'BBT3'!A:F,6,0),"") -> N | G21: =IF(NOT(ISBLANK(A21)),VLOOKUP(A21,QW_Close!A:J,5,0),"") -> 0.036725295 | H21: {=IF(NOT(ISBLANK(A21)),((_xlfn.XLOOKUP(1,(_bbt3[[#All],[ID]]=A21)*(_bbt3[[#All],[METRIC_NAME]]="YLD_YTM_ASK"),_bbt3[[#All],[METRIC_VALUE]])*0.5)+(_xlfn.XLOOKUP(1,(_bbt3[[#All],[ID]]=A21)*(_bbt3[[#All],[METRIC_NAME]]="YLD_YTM_BID"),_bbt3[[#All],[METRIC_VALUE]])*0.5))/100,"")} -> 0.036399438 | I21: =IF(ISNA(VLOOKUP(A21,QW_CloseDL!A:E,5,0)),0,VLOOKUP(A21,QW_CloseDL!A:E,5,0)) -> 0.036725295 | J21: =IF(ISNA(IF(NOT(ISBLANK(A21)),ABS(G21-I21),"")),0,(IF(NOT(ISBLANK(A21)),ABS(G21-I21)*10000,""))) -> 0 | P21: 0 | Q21: =VLOOKUP(P21,A:B,2,0) -> #N/A | R21: =VLOOKUP(P21,A:E,4,0) -> #N/A | S21: =VLOOKUP(P21,A:J,10,0) -> #N/A | T21: =VLOOKUP(P21,A:J,5,0) -> #N/A
A22: 912797UA3 | B22: =IF(NOT(ISBLANK(A22)),VLOOKUP(A22,'BBT3'!A:F,2,0),"") -> Bill | C22: =IF(NOT(ISBLANK(A22)),VLOOKUP(A22,'BBT3'!A:F,3,0),"") -> US912797UA31 | D22: =IF(NOT(ISBLANK(A22)),VLOOKUP(A22,'BBT3'!A:F,4,1),"") -> 0 | E22: =IF(NOT(ISBLANK(A22)),VLOOKUP(A22,'BBT3'!A:F,5,0),"") -> 46189 | F22: =IF(NOT(ISBLANK(A22)),VLOOKUP(A22,'BBT3'!A:F,6,0),"") -> N | G22: =IF(NOT(ISBLANK(A22)),VLOOKUP(A22,QW_Close!A:J,5,0),"") -> 0.036747538 | H22: {=IF(NOT(ISBLANK(A22)),((_xlfn.XLOOKUP(1,(_bbt3[[#All],[ID]]=A22)*(_bbt3[[#All],[METRIC_NAME]]="YLD_YTM_ASK"),_bbt3[[#All],[METRIC_VALUE]])*0.5)+(_xlfn.XLOOKUP(1,(_bbt3[[#All],[ID]]=A22)*(_bbt3[[#All],[METRIC_NAME]]="YLD_YTM_BID"),_bbt3[[#All],[METRIC_VALUE]])*0.5))/100,"")} -> #N/A | I22: =IF(ISNA(VLOOKUP(A22,QW_CloseDL!A:E,5,0)),0,VLOOKUP(A22,QW_CloseDL!A:E,5,0)) -> 0.036747538 | J22: =IF(ISNA(IF(NOT(ISBLANK(A22)),ABS(G22-I22),"")),0,(IF(NOT(ISBLANK(A22)),ABS(G22-I22)*10000,""))) -> 0 | P22: 0 | Q22: =VLOOKUP(P22,A:B,2,0) -> #N/A | R22: =VLOOKUP(P22,A:E,4,0) -> #N/A | S22: =VLOOKUP(P22,A:J,10,0) -> #N/A | T22: =VLOOKUP(P22,A:J,5,0) -> #N/A
A23: 912797UB1 | B23: =IF(NOT(ISBLANK(A23)),VLOOKUP(A23,'BBT3'!A:F,2,0),"") -> Bill | C23: =IF(NOT(ISBLANK(A23)),VLOOKUP(A23,'BBT3'!A:F,3,0),"") -> US912797UB14 | D23: =IF(NOT(ISBLANK(A23)),VLOOKUP(A23,'BBT3'!A:F,4,1),"") -> 0 | E23: =IF(NOT(ISBLANK(A23)),VLOOKUP(A23,'BBT3'!A:F,5,0),"") -> 46196 | F23: =IF(NOT(ISBLANK(A23)),VLOOKUP(A23,'BBT3'!A:F,6,0),"") -> N | G23: =IF(NOT(ISBLANK(A23)),VLOOKUP(A23,QW_Close!A:J,5,0),"") -> 0.036771358 | H23: {=IF(NOT(ISBLANK(A23)),((_xlfn.XLOOKUP(1,(_bbt3[[#All],[ID]]=A23)*(_bbt3[[#All],[METRIC_NAME]]="YLD_YTM_ASK"),_bbt3[[#All],[METRIC_VALUE]])*0.5)+(_xlfn.XLOOKUP(1,(_bbt3[[#All],[ID]]=A23)*(_bbt3[[#All],[METRIC_NAME]]="YLD_YTM_BID"),_bbt3[[#All],[METRIC_VALUE]])*0.5))/100,"")} -> 0.03647017 | I23: =IF(ISNA(VLOOKUP(A23,QW_CloseDL!A:E,5,0)),0,VLOOKUP(A23,QW_CloseDL!A:E,5,0)) -> 0.036771358 | J23: =IF(ISNA(IF(NOT(ISBLANK(A23)),ABS(G23-I23),"")),0,(IF(NOT(ISBLANK(A23)),ABS(G23-I23)*10000,""))) -> 0 | P23: 0 | Q23: =VLOOKUP(P23,A:B,2,0) -> #N/A | R23: =VLOOKUP(P23,A:E,4,0) -> #N/A | S23: =VLOOKUP(P23,A:J,10,0) -> #N/A | T23: =VLOOKUP(P23,A:J,5,0) -> #N/A
A24: 912797UC9 | B24: =IF(NOT(ISBLANK(A24)),VLOOKUP(A24,'BBT3'!A:F,2,0),"") -> Bill | C24: =IF(NOT(ISBLANK(A24)),VLOOKUP(A24,'BBT3'!A:F,3,0),"") -> US912797UC96 | D24: =IF(NOT(ISBLANK(A24)),VLOOKUP(A24,'BBT3'!A:F,4,1),"") -> 0 | E24: =IF(NOT(ISBLANK(A24)),VLOOKUP(A24,'BBT3'!A:F,5,0),"") -> 46203 | F24: =IF(NOT(ISBLANK(A24)),VLOOKUP(A24,'BBT3'!A:F,6,0),"") -> N | G24: =IF(NOT(ISBLANK(A24)),VLOOKUP(A24,QW_Close!A:J,5,0),"") -> 0.036913732 | H24: {=IF(NOT(ISBLANK(A24)),((_xlfn.XLOOKUP(1,(_bbt3[[#All],[ID]]=A24)*(_bbt3[[#All],[METRIC_NAME]]="YLD_YTM_ASK"),_bbt3[[#All],[METRIC_VALUE]])*0.5)+(_xlfn.XLOOKUP(1,(_bbt3[[#All],[ID]]=A24)*(_bbt3[[#All],[METRIC_NAME]]="YLD_YTM_BID"),_bbt3[[#All],[METRIC_VALUE]])*0.5))/100,"")} -> 0.036623067 | I24: =IF(ISNA(VLOOKUP(A24,QW_CloseDL!A:E,5,0)),0,VLOOKUP(A24,QW_CloseDL!A:E,5,0)) -> 0.036913732 | J24: =IF(ISNA(IF(NOT(ISBLANK(A24)),ABS(G24-I24),"")),0,(IF(NOT(ISBLANK(A24)),ABS(G24-I24)*10000,""))) -> 0 | P24: 0 | Q24: =VLOOKUP(P24,A:B,2,0) -> #N/A | R24: =VLOOKUP(P24,A:E,4,0) -> #N/A | S24: =VLOOKUP(P24,A:J,10,0) -> #N/A | T24: =VLOOKUP(P24,A:J,5,0) -> #N/A
A25: 912797UD7 | B25: =IF(NOT(ISBLANK(A25)),VLOOKUP(A25,'BBT3'!A:F,2,0),"") -> Bill | C25: =IF(NOT(ISBLANK(A25)),VLOOKUP(A25,'BBT3'!A:F,3,0),"") -> US912797UD79 | D25: =IF(NOT(ISBLANK(A25)),VLOOKUP(A25,'BBT3'!A:F,4,1),"") -> 0 | E25: =IF(NOT(ISBLANK(A25)),VLOOKUP(A25,'BBT3'!A:F,5,0),"") -> 46464 | F25: =IF(NOT(ISBLANK(A25)),VLOOKUP(A25,'BBT3'!A:F,6,0),"") -> N | G25: =IF(NOT(ISBLANK(A25)),VLOOKUP(A25,QW_Close!A:J,5,0),"") -> 0.037468535 | H25: {=IF(NOT(ISBLANK(A25)),((_xlfn.XLOOKUP(1,(_bbt3[[#All],[ID]]=A25)*(_bbt3[[#All],[METRIC_NAME]]="YLD_YTM_ASK"),_bbt3[[#All],[METRIC_VALUE]])*0.5)+(_xlfn.XLOOKUP(1,(_bbt3[[#All],[ID]]=A25)*(_bbt3[[#All],[METRIC_NAME]]="YLD_YTM_BID"),_bbt3[[#All],[METRIC_VALUE]])*0.5))/100,"")} -> 0.037413772 | I25: =IF(ISNA(VLOOKUP(A25,QW_CloseDL!A:E,5,0)),0,VLOOKUP(A25,QW_CloseDL!A:E,5,0)) -> 0.037468535 | J25: =IF(ISNA(IF(NOT(ISBLANK(A25)),ABS(G25-I25),"")),0,(IF(NOT(ISBLANK(A25)),ABS(G25-I25)*10000,""))) -> 0 | P25: 0 | Q25: =VLOOKUP(P25,A:B,2,0) -> #N/A | R25: =VLOOKUP(P25,A:E,4,0) -> #N/A | S25: =VLOOKUP(P25,A:J,10,0) -> #N/A | T25: =VLOOKUP(P25,A:J,5,0) -> #N/A
A26: 912797UE5 | B26: =IF(NOT(ISBLANK(A26)),VLOOKUP(A26,'BBT3'!A:F,2,0),"") -> Bill | C26: =IF(NOT(ISBLANK(A26)),VLOOKUP(A26,'BBT3'!A:F,3,0),"") -> US912797UE52 | D26: =IF(NOT(ISBLANK(A26)),VLOOKUP(A26,'BBT3'!A:F,4,1),"") -> 0 | E26: =IF(NOT(ISBLANK(A26)),VLOOKUP(A26,'BBT3'!A:F,5,0),"") -> 46492 | F26: =IF(NOT(ISBLANK(A26)),VLOOKUP(A26,'BBT3'!A:F,6,0),"") -> N | G26: =IF(NOT(ISBLANK(A26)),VLOOKUP(A26,QW_Close!A:J,5,0),"") -> 0.037943857 | H26: {=IF(NOT(ISBLANK(A26)),((_xlfn.XLOOKUP(1,(_bbt3[[#All],[ID]]=A26)*(_bbt3[[#All],[METRIC_NAME]]="YLD_YTM_ASK"),_bbt3[[#All],[METRIC_VALUE]])*0.5)+(_xlfn.XLOOKUP(1,(_bbt3[[#All],[ID]]=A26)*(_bbt3[[#All],[METRIC_NAME]]="YLD_YTM_BID"),_bbt3[[#All],[METRIC_VALUE]])*0.5))/100,"")} -> 0.037901945 | I26: =IF(ISNA(VLOOKUP(A26,QW_CloseDL!A:E,5,0)),0,VLOOKUP(A26,QW_CloseDL!A:E,5,0)) -> 0.037943857 | J26: =IF(ISNA(IF(NOT(ISBLANK(A26)),ABS(G26-I26),"")),0,(IF(NOT(ISBLANK(A26)),ABS(G26-I26)*10000,""))) -> 0 | P26: 0 | Q26: =VLOOKUP(P26,A:B,2,0) -> #N/A | R26: =VLOOKUP(P26,A:E,4,0) -> #N/A | S26: =VLOOKUP(P26,A:J,10,0) -> #N/A | T26: =VLOOKUP(P26,A:J,5,0) -> #N/A
A27: 912797UF2 | B27: =IF(NOT(ISBLANK(A27)),VLOOKUP(A27,'BBT3'!A:F,2,0),"") -> Bill | C27: =IF(NOT(ISBLANK(A27)),VLOOKUP(A27,'BBT3'!A:F,3,0),"") -> US912797UF28 | D27: =IF(NOT(ISBLANK(A27)),VLOOKUP(A27,'BBT3'!A:F,4,1),"") -> 0 | E27: =IF(NOT(ISBLANK(A27)),VLOOKUP(A27,'BBT3'!A:F,5,0),"") -> 46275 | F27: =IF(NOT(ISBLANK(A27)),VLOOKUP(A27,'BBT3'!A:F,6,0),"") -> N | G27: =IF(NOT(ISBLANK(A27)),VLOOKUP(A27,QW_Close!A:J,5,0),"") -> 0.037137532 | H27: {=IF(NOT(ISBLANK(A27)),((_xlfn.XLOOKUP(1,(_bbt3[[#All],[ID]]=A27)*(_bbt3[[#All],[METRIC_NAME]]="YLD_YTM_ASK"),_bbt3[[#All],[METRIC_VALUE]])*0.5)+(_xlfn.XLOOKUP(1,(_bbt3[[#All],[ID]]=A27)*(_bbt3[[#All],[METRIC_NAME]]="YLD_YTM_BID"),_bbt3[[#All],[METRIC_VALUE]])*0.5))/100,"")} -> 0.03697745 | I27: =IF(ISNA(VLOOKUP(A27,QW_CloseDL!A:E,5,0)),0,VLOOKUP(A27,QW_CloseDL!A:E,5,0)) -> 0.037137532 | J27: =IF(ISNA(IF(NOT(ISBLANK(A27)),ABS(G27-I27),"")),0,(IF(NOT(ISBLANK(A27)),ABS(G27-I27)*10000,""))) -> 0 | P27: 0 | Q27: =VLOOKUP(P27,A:B,2,0) -> #N/A | R27: =VLOOKUP(P27,A:E,4,0) -> #N/A | S27: =VLOOKUP(P27,A:J,10,0) -> #N/A | T27: =VLOOKUP(P27,A:J,5,0) -> #N/A
... A127: 912810FA1 | B127: =IF(NOT(ISBLANK(A127)),VLOOKUP(A127,'BBT3'!A:F,2,0),"") -> Bond | C127: =IF(NOT(ISBLANK(A127)),VLOOKUP(A127,'BBT3'!A:F,3,0),"") -> US912810FA17 | D127: =IF(NOT(ISBLANK(A127)),VLOOKUP(A127,'BBT3'!A:F,4,1),"") -> 6.375 | E127: =IF(NOT(ISBLANK(A127)),VLOOKUP(A127,'BBT3'!A:F,5,0),"") -> 46614 | F127: =IF(NOT(ISBLANK(A127)),VLOOKUP(A127,'BBT3'!A:F,6,0),"") -> N | G127: =IF(NOT(ISBLANK(A127)),VLOOKUP(A127,QW_Close!A:J,5,0),"") -> 0.03925164 | H127: {=IF(NOT(ISBLANK(A127)),((_xlfn.XLOOKUP(1,(_bbt3[[#All],[ID]]=A127)*(_bbt3[[#All],[METRIC_NAME]]="YLD_YTM_ASK"),_bbt3[[#All],[METRIC_VALUE]])*0.5)+(_xlfn.XLOOKUP(1,(_bbt3[[#All],[ID]]=A127)*(_bbt3[[#All],[METRIC_NAME]]="YLD_YTM_BID"),_bbt3[[#All],[METRIC_VALUE]])*0.5))/100,"")} -> #N/A | I127: =IF(ISNA(VLOOKUP(A127,QW_CloseDL!A:E,5,0)),0,VLOOKUP(A127,QW_CloseDL!A:E,5,0)) -> 0.03925164 | J127: =IF(ISNA(IF(NOT(ISBLANK(A127)),ABS(G127-I127),"")),0,(IF(NOT(ISBLANK(A127)),ABS(G127-I127)*10000,""))) -> 0 | P127: 0 | Q127: =VLOOKUP(P127,A:B,2,0) -> #N/A | R127: =VLOOKUP(P127,A:E,4,0) -> #N/A | S127: =VLOOKUP(P127,A:J,10,0) -> #N/A | T127: =VLOOKUP(P127,A:J,5,0) -> #N/A
A128: 912810FB9 | B128: =IF(NOT(ISBLANK(A128)),VLOOKUP(A128,'BBT3'!A:F,2,0),"") -> Bond | C128: =IF(NOT(ISBLANK(A128)),VLOOKUP(A128,'BBT3'!A:F,3,0),"") -> US912810FB99 | D128: =IF(NOT(ISBLANK(A128)),VLOOKUP(A128,'BBT3'!A:F,4,1),"") -> 6.125 | E128: =IF(NOT(ISBLANK(A128)),VLOOKUP(A128,'BBT3'!A:F,5,0),"") -> 46706 | F128: =IF(NOT(ISBLANK(A128)),VLOOKUP(A128,'BBT3'!A:F,6,0),"") -> N | G128: =IF(NOT(ISBLANK(A128)),VLOOKUP(A128,QW_Close!A:J,5,0),"") -> 0.039686903 | H128: {=IF(NOT(ISBLANK(A128)),((_xlfn.XLOOKUP(1,(_bbt3[[#All],[ID]]=A128)*(_bbt3[[#All],[METRIC_NAME]]="YLD_YTM_ASK"),_bbt3[[#All],[METRIC_VALUE]])*0.5)+(_xlfn.XLOOKUP(1,(_bbt3[[#All],[ID]]=A128)*(_bbt3[[#All],[METRIC_NAME]]="YLD_YTM_BID"),_bbt3[[#All],[METRIC_VALUE]])*0.5))/100,"")} -> #N/A | I128: =IF(ISNA(VLOOKUP(A128,QW_CloseDL!A:E,5,0)),0,VLOOKUP(A128,QW_CloseDL!A:E,5,0)) -> 0.039686903 | J128: =IF(ISNA(IF(NOT(ISBLANK(A128)),ABS(G128-I128),"")),0,(IF(NOT(ISBLANK(A128)),ABS(G128-I128)*10000,""))) -> 0 | M128: 104.05859 | P128: 0 | Q128: =VLOOKUP(P128,A:B,2,0) -> #N/A | R128: =VLOOKUP(P128,A:E,4,0) -> #N/A | S128: =VLOOKUP(P128,A:J,10,0) -> #N/A | T128: =VLOOKUP(P128,A:J,5,0) -> #N/A
A129: 912810FD5 | B129: =IF(NOT(ISBLANK(A129)),VLOOKUP(A129,'BBT3'!A:F,2,0),"") -> Bond | C129: =IF(NOT(ISBLANK(A129)),VLOOKUP(A129,'BBT3'!A:F,3,0),"") -> US912810FD55 | D129: =IF(NOT(ISBLANK(A129)),VLOOKUP(A129,'BBT3'!A:F,4,1),"") -> 3.625 | E129: =IF(NOT(ISBLANK(A129)),VLOOKUP(A129,'BBT3'!A:F,5,0),"") -> 46858 | F129: =IF(NOT(ISBLANK(A129)),VLOOKUP(A129,'BBT3'!A:F,6,0),"") -> Y | G129: =IF(NOT(ISBLANK(A129)),VLOOKUP(A129,QW_Close!A:J,5,0),"") -> 0.013651311 | H129: {=IF(NOT(ISBLANK(A129)),((_xlfn.XLOOKUP(1,(_bbt3[[#All],[ID]]=A129)*(_bbt3[[#All],[METRIC_NAME]]="YLD_YTM_ASK"),_bbt3[[#All],[METRIC_VALUE]])*0.5)+(_xlfn.XLOOKUP(1,(_bbt3[[#All],[ID]]=A129)*(_bbt3[[#All],[METRIC_NAME]]="YLD_YTM_BID"),_bbt3[[#All],[METRIC_VALUE]])*0.5))/100,"")} -> #N/A | I129: =IF(ISNA(VLOOKUP(A129,QW_CloseDL!A:E,5,0)),0,VLOOKUP(A129,QW_CloseDL!A:E,5,0)) -> 0.014066998 | J129: =IF(ISNA(IF(NOT(ISBLANK(A129)),ABS(G129-I129),"")),0,(IF(NOT(ISBLANK(A129)),ABS(G129-I129)*10000,""))) -> 4.1568743 | K129: X | M129: {=_xll.qwYield(P1,C129,0)} -> #NUM! | P129: 0 | Q129: =VLOOKUP(P129,A:B,2,0) -> #N/A | R129: =VLOOKUP(P129,A:E,4,0) -> #N/A | S129: =VLOOKUP(P129,A:J,10,0) -> #N/A | T129: =VLOOKUP(P129,A:J,5,0) -> #N/A
A130: 912810FE3 | B130: =IF(NOT(ISBLANK(A130)),VLOOKUP(A130,'BBT3'!A:F,2,0),"") -> Bond | C130: =IF(NOT(ISBLANK(A130)),VLOOKUP(A130,'BBT3'!A:F,3,0),"") -> US912810FE39 | D130: =IF(NOT(ISBLANK(A130)),VLOOKUP(A130,'BBT3'!A:F,4,1),"") -> 5.5 | E130: =IF(NOT(ISBLANK(A130)),VLOOKUP(A130,'BBT3'!A:F,5,0),"") -> 46980 | F130: =IF(NOT(ISBLANK(A130)),VLOOKUP(A130,'BBT3'!A:F,6,0),"") -> N | G130: =IF(NOT(ISBLANK(A130)),VLOOKUP(A130,QW_Close!A:J,5,0),"") -> 0.040423886 | H130: {=IF(NOT(ISBLANK(A130)),((_xlfn.XLOOKUP(1,(_bbt3[[#All],[ID]]=A130)*(_bbt3[[#All],[METRIC_NAME]]="YLD_YTM_ASK"),_bbt3[[#All],[METRIC_VALUE]])*0.5)+(_xlfn.XLOOKUP(1,(_bbt3[[#All],[ID]]=A130)*(_bbt3[[#All],[METRIC_NAME]]="YLD_YTM_BID"),_bbt3[[#All],[METRIC_VALUE]])*0.5))/100,"")} -> #N/A | I130: =IF(ISNA(VLOOKUP(A130,QW_CloseDL!A:E,5,0)),0,VLOOKUP(A130,QW_CloseDL!A:E,5,0)) -> 0.040423886 | J130: =IF(ISNA(IF(NOT(ISBLANK(A130)),ABS(G130-I130),"")),0,(IF(NOT(ISBLANK(A130)),ABS(G130-I130)*10000,""))) -> 0 | M130: {=_xll.qwPrice(P1,C129)} -> #NUM! | P130: 0 | Q130: =VLOOKUP(P130,A:B,2,0) -> #N/A | R130: =VLOOKUP(P130,A:E,4,0) -> #N/A | S130: =VLOOKUP(P130,A:J,10,0) -> #N/A | T130: =VLOOKUP(P130,A:J,5,0) -> #N/A
A131: 912810FF0 | B131: =IF(NOT(ISBLANK(A131)),VLOOKUP(A131,'BBT3'!A:F,2,0),"") -> Bond | C131: =IF(NOT(ISBLANK(A131)),VLOOKUP(A131,'BBT3'!A:F,3,0),"") -> US912810FF04 | D131: =IF(NOT(ISBLANK(A131)),VLOOKUP(A131,'BBT3'!A:F,4,1),"") -> 5.25 | E131: =IF(NOT(ISBLANK(A131)),VLOOKUP(A131,'BBT3'!A:F,5,0),"") -> 47072 | F131: =IF(NOT(ISBLANK(A131)),VLOOKUP(A131,'BBT3'!A:F,6,0),"") -> N | G131: =IF(NOT(ISBLANK(A131)),VLOOKUP(A131,QW_Close!A:J,5,0),"") -> 0.040701133 | H131: {=IF(NOT(ISBLANK(A131)),((_xlfn.XLOOKUP(1,(_bbt3[[#All],[ID]]=A131)*(_bbt3[[#All],[METRIC_NAME]]="YLD_YTM_ASK"),_bbt3[[#All],[METRIC_VALUE]])*0.5)+(_xlfn.XLOOKUP(1,(_bbt3[[#All],[ID]]=A131)*(_bbt3[[#All],[METRIC_NAME]]="YLD_YTM_BID"),_bbt3[[#All],[METRIC_VALUE]])*0.5))/100,"")} -> #N/A | I131: =IF(ISNA(VLOOKUP(A131,QW_CloseDL!A:E,5,0)),0,VLOOKUP(A131,QW_CloseDL!A:E,5,0)) -> 0.040701133 | J131: =IF(ISNA(IF(NOT(ISBLANK(A131)),ABS(G131-I131),"")),0,(IF(NOT(ISBLANK(A131)),ABS(G131-I131)*10000,""))) -> 0 | P131: 0 | Q131: =VLOOKUP(P131,A:B,2,0) -> #N/A | R131: =VLOOKUP(P131,A:E,4,0) -> #N/A | S131: =VLOOKUP(P131,A:J,10,0) -> #N/A | T131: =VLOOKUP(P131,A:J,5,0) -> #N/A
A132: 912810FG8 | B132: =IF(NOT(ISBLANK(A132)),VLOOKUP(A132,'BBT3'!A:F,2,0),"") -> Bond | C132: =IF(NOT(ISBLANK(A132)),VLOOKUP(A132,'BBT3'!A:F,3,0),"") -> US912810FG86 | D132: =IF(NOT(ISBLANK(A132)),VLOOKUP(A132,'BBT3'!A:F,4,1),"") -> 5.25 | E132: =IF(NOT(ISBLANK(A132)),VLOOKUP(A132,'BBT3'!A:F,5,0),"") -> 47164 | F132: =IF(NOT(ISBLANK(A132)),VLOOKUP(A132,'BBT3'!A:F,6,0),"") -> N | G132: =IF(NOT(ISBLANK(A132)),VLOOKUP(A132,QW_Close!A:J,5,0),"") -> 0.039676947 | H132: {=IF(NOT(ISBLANK(A132)),((_xlfn.XLOOKUP(1,(_bbt3[[#All],[ID]]=A132)*(_bbt3[[#All],[METRIC_NAME]]="YLD_YTM_ASK"),_bbt3[[#All],[METRIC_VALUE]])*0.5)+(_xlfn.XLOOKUP(1,(_bbt3[[#All],[ID]]=A132)*(_bbt3[[#All],[METRIC_NAME]]="YLD_YTM_BID"),_bbt3[[#All],[METRIC_VALUE]])*0.5))/100,"")} -> #N/A | I132: =IF(ISNA(VLOOKUP(A132,QW_CloseDL!A:E,5,0)),0,VLOOKUP(A132,QW_CloseDL!A:E,5,0)) -> 0.039676947 | J132: =IF(ISNA(IF(NOT(ISBLANK(A132)),ABS(G132-I132),"")),0,(IF(NOT(ISBLANK(A132)),ABS(G132-I132)*10000,""))) -> 0 | P132: 0 | Q132: =VLOOKUP(P132,A:B,2,0) -> #N/A | R132: =VLOOKUP(P132,A:E,4,0) -> #N/A | S132: =VLOOKUP(P132,A:J,10,0) -> #N/A | T132: =VLOOKUP(P132,A:J,5,0) -> #N/A
A133: 912810FH6 | B133: =IF(NOT(ISBLANK(A133)),VLOOKUP(A133,'BBT3'!A:F,2,0),"") -> Bond | C133: =IF(NOT(ISBLANK(A133)),VLOOKUP(A133,'BBT3'!A:F,3,0),"") -> US912810FH69 | D133: =IF(NOT(ISBLANK(A133)),VLOOKUP(A133,'BBT3'!A:F,4,1),"") -> 3.875 | E133: =IF(NOT(ISBLANK(A133)),VLOOKUP(A133,'BBT3'!A:F,5,0),"") -> 47223 | F133: =IF(NOT(ISBLANK(A133)),VLOOKUP(A133,'BBT3'!A:F,6,0),"") -> Y | G133: =IF(NOT(ISBLANK(A133)),VLOOKUP(A133,QW_Close!A:J,5,0),"") -> 0.014917874 | H133: {=IF(NOT(ISBLANK(A133)),((_xlfn.XLOOKUP(1,(_bbt3[[#All],[ID]]=A133)*(_bbt3[[#All],[METRIC_NAME]]="YLD_YTM_ASK"),_bbt3[[#All],[METRIC_VALUE]])*0.5)+(_xlfn.XLOOKUP(1,(_bbt3[[#All],[ID]]=A133)*(_bbt3[[#All],[METRIC_NAME]]="YLD_YTM_BID"),_bbt3[[#All],[METRIC_VALUE]])*0.5))/100,"")} -> #N/A | I133: =IF(ISNA(VLOOKUP(A133,QW_CloseDL!A:E,5,0)),0,VLOOKUP(A133,QW_CloseDL!A:E,5,0)) -> 0.015268106 | J133: =IF(ISNA(IF(NOT(ISBLANK(A133)),ABS(G133-I133),"")),0,(IF(NOT(ISBLANK(A133)),ABS(G133-I133)*10000,""))) -> 3.5023207 | P133: 0 | Q133: =VLOOKUP(P133,A:B,2,0) -> #N/A | R133: =VLOOKUP(P133,A:E,4,0) -> #N/A | S133: =VLOOKUP(P133,A:J,10,0) -> #N/A | T133: =VLOOKUP(P133,A:J,5,0) -> #N/A
A134: 912810FJ2 | B134: =IF(NOT(ISBLANK(A134)),VLOOKUP(A134,'BBT3'!A:F,2,0),"") -> Bond | C134: =IF(NOT(ISBLANK(A134)),VLOOKUP(A134,'BBT3'!A:F,3,0),"") -> US912810FJ26 | D134: =IF(NOT(ISBLANK(A134)),VLOOKUP(A134,'BBT3'!A:F,4,1),"") -> 6.125 | E134: =IF(NOT(ISBLANK(A134)),VLOOKUP(A134,'BBT3'!A:F,5,0),"") -> 47345 | F134: =IF(NOT(ISBLANK(A134)),VLOOKUP(A134,'BBT3'!A:F,6,0),"") -> N | G134: =IF(NOT(ISBLANK(A134)),VLOOKUP(A134,QW_Close!A:J,5,0),"") -> 0.041067342 | H134: {=IF(NOT(ISBLANK(A134)),((_xlfn.XLOOKUP(1,(_bbt3[[#All],[ID]]=A134)*(_bbt3[[#All],[METRIC_NAME]]="YLD_YTM_ASK"),_bbt3[[#All],[METRIC_VALUE]])*0.5)+(_xlfn.XLOOKUP(1,(_bbt3[[#All],[ID]]=A134)*(_bbt3[[#All],[METRIC_NAME]]="YLD_YTM_BID"),_bbt3[[#All],[METRIC_VALUE]])*0.5))/100,"")} -> #N/A | I134: =IF(ISNA(VLOOKUP(A134,QW_CloseDL!A:E,5,0)),0,VLOOKUP(A134,QW_CloseDL!A:E,5,0)) -> 0.041067342 | J134: =IF(ISNA(IF(NOT(ISBLANK(A134)),ABS(G134-I134),"")),0,(IF(NOT(ISBLANK(A134)),ABS(G134-I134)*10000,""))) -> 0 | P134: 0 | Q134: =VLOOKUP(P134,A:B,2,0) -> #N/A | R134: =VLOOKUP(P134,A:E,4,0) -> #N/A | S134: =VLOOKUP(P134,A:J,10,0) -> #N/A | T134: =VLOOKUP(P134,A:J,5,0) -> #N/A
A135: 912810FM5 | B135: =IF(NOT(ISBLANK(A135)),VLOOKUP(A135,'BBT3'!A:F,2,0),"") -> Bond | C135: =IF(NOT(ISBLANK(A135)),VLOOKUP(A135,'BBT3'!A:F,3,0),"") -> US912810FM54 | D135: =IF(NOT(ISBLANK(A135)),VLOOKUP(A135,'BBT3'!A:F,4,1),"") -> 6.25 | E135: =IF(NOT(ISBLANK(A135)),VLOOKUP(A135,'BBT3'!A:F,5,0),"") -> 47618 | F135: =IF(NOT(ISBLANK(A135)),VLOOKUP(A135,'BBT3'!A:F,6,0),"") -> N | G135: =IF(NOT(ISBLANK(A135)),VLOOKUP(A135,QW_Close!A:J,5,0),"") -> 0.041438969 | H135: {=IF(NOT(ISBLANK(A135)),((_xlfn.XLOOKUP(1,(_bbt3[[#All],[ID]]=A135)*(_bbt3[[#All],[METRIC_NAME]]="YLD_YTM_ASK"),_bbt3[[#All],[METRIC_VALUE]])*0.5)+(_xlfn.XLOOKUP(1,(_bbt3[[#All],[ID]]=A135)*(_bbt3[[#All],[METRIC_NAME]]="YLD_YTM_BID"),_bbt3[[#All],[METRIC_VALUE]])*0.5))/100,"")} -> #N/A | I135: =IF(ISNA(VLOOKUP(A135,QW_CloseDL!A:E,5,0)),0,VLOOKUP(A135,QW_CloseDL!A:E,5,0)) -> 0.041438969 | J135: =IF(ISNA(IF(NOT(ISBLANK(A135)),ABS(G135-I135),"")),0,(IF(NOT(ISBLANK(A135)),ABS(G135-I135)*10000,""))) -> 0 | P135: 0 | Q135: =VLOOKUP(P135,A:B,2,0) -> #N/A | R135: =VLOOKUP(P135,A:E,4,0) -> #N/A | S135: =VLOOKUP(P135,A:J,10,0) -> #N/A | T135: =VLOOKUP(P135,A:J,5,0) -> #N/A
A136: 912810FP8 | B136: =IF(NOT(ISBLANK(A136)),VLOOKUP(A136,'BBT3'!A:F,2,0),"") -> Bond | C136: =IF(NOT(ISBLANK(A136)),VLOOKUP(A136,'BBT3'!A:F,3,0),"") -> US912810FP85 | D136: =IF(NOT(ISBLANK(A136)),VLOOKUP(A136,'BBT3'!A:F,4,1),"") -> 5.375 | E136: =IF(NOT(ISBLANK(A136)),VLOOKUP(A136,'BBT3'!A:F,5,0),"") -> 47894 | F136: =IF(NOT(ISBLANK(A136)),VLOOKUP(A136,'BBT3'!A:F,6,0),"") -> N | G136: =IF(NOT(ISBLANK(A136)),VLOOKUP(A136,QW_Close!A:J,5,0),"") -> 0.041490899 | H136: {=IF(NOT(ISBLANK(A136)),((_xlfn.XLOOKUP(1,(_bbt3[[#All],[ID]]=A136)*(_bbt3[[#All],[METRIC_NAME]]="YLD_YTM_ASK"),_bbt3[[#All],[METRIC_VALUE]])*0.5)+(_xlfn.XLOOKUP(1,(_bbt3[[#All],[ID]]=A136)*(_bbt3[[#All],[METRIC_NAME]]="YLD_YTM_BID"),_bbt3[[#All],[METRIC_VALUE]])*0.5))/100,"")} -> #N/A | I136: =IF(ISNA(VLOOKUP(A136,QW_CloseDL!A:E,5,0)),0,VLOOKUP(A136,QW_CloseDL!A:E,5,0)) -> 0.041490899 | J136: =IF(ISNA(IF(NOT(ISBLANK(A136)),ABS(G136-I136),"")),0,(IF(NOT(ISBLANK(A136)),ABS(G136-I136)*10000,""))) -> 0 | P136: 0 | Q136: =VLOOKUP(P136,A:B,2,0) -> #N/A | R136: =VLOOKUP(P136,A:E,4,0) -> #N/A | S136: =VLOOKUP(P136,A:J,10,0) -> #N/A | T136: =VLOOKUP(P136,A:J,5,0) -> #N/A
A137: 912810FQ6 | B137: =IF(NOT(ISBLANK(A137)),VLOOKUP(A137,'BBT3'!A:F,2,0),"") -> Bond | C137: =IF(NOT(ISBLANK(A137)),VLOOKUP(A137,'BBT3'!A:F,3,0),"") -> US912810FQ68 | D137: =IF(NOT(ISBLANK(A137)),VLOOKUP(A137,'BBT3'!A:F,4,1),"") -> 3.375 | E137: =IF(NOT(ISBLANK(A137)),VLOOKUP(A137,'BBT3'!A:F,5,0),"") -> 48319 | F137: =IF(NOT(ISBLANK(A137)),VLOOKUP(A137,'BBT3'!A:F,6,0),"") -> Y | G137: =IF(NOT(ISBLANK(A137)),VLOOKUP(A137,QW_Close!A:J,5,0),"") -> 0.017400992 | H137: {=IF(NOT(ISBLANK(A137)),((_xlfn.XLOOKUP(1,(_bbt3[[#All],[ID]]=A137)*(_bbt3[[#All],[METRIC_NAME]]="YLD_YTM_ASK"),_bbt3[[#All],[METRIC_VALUE]])*0.5)+(_xlfn.XLOOKUP(1,(_bbt3[[#All],[ID]]=A137)*(_bbt3[[#All],[METRIC_NAME]]="YLD_YTM_BID"),_bbt3[[#All],[METRIC_VALUE]])*0.5))/100,"")} -> #N/A | I137: =IF(ISNA(VLOOKUP(A137,QW_CloseDL!A:E,5,0)),0,VLOOKUP(A137,QW_CloseDL!A:E,5,0)) -> 0.017508208 | J137: =IF(ISNA(IF(NOT(ISBLANK(A137)),ABS(G137-I137),"")),0,(IF(NOT(ISBLANK(A137)),ABS(G137-I137)*10000,""))) -> 1.0721609 | P137: 0 | Q137: =VLOOKUP(P137,A:B,2,0) -> #N/A | R137: =VLOOKUP(P137,A:E,4,0) -> #N/A | S137: =VLOOKUP(P137,A:J,10,0) -> #N/A | T137: =VLOOKUP(P137,A:J,5,0) -> #N/A
A138: 912810FT0 | B138: =IF(NOT(ISBLANK(A138)),VLOOKUP(A138,'BBT3'!A:F,2,0),"") -> Bond | C138: =IF(NOT(ISBLANK(A138)),VLOOKUP(A138,'BBT3'!A:F,3,0),"") -> US912810FT08 | D138: =IF(NOT(ISBLANK(A138)),VLOOKUP(A138,'BBT3'!A:F,4,1),"") -> 4.5 | E138: =IF(NOT(ISBLANK(A138)),VLOOKUP(A138,'BBT3'!A:F,5,0),"") -> 49720 | F138: =IF(NOT(ISBLANK(A138)),VLOOKUP(A138,'BBT3'!A:F,6,0),"") -> N | G138: =IF(NOT(ISBLANK(A138)),VLOOKUP(A138,QW_Close!A:J,5,0),"") -> 0.043765776 | H138: {=IF(NOT(ISBLANK(A138)),((_xlfn.XLOOKUP(1,(_bbt3[[#All],[ID]]=A138)*(_bbt3[[#All],[METRIC_NAME]]="YLD_YTM_ASK"),_bbt3[[#All],[METRIC_VALUE]])*0.5)+(_xlfn.XLOOKUP(1,(_bbt3[[#All],[ID]]=A138)*(_bbt3[[#All],[METRIC_NAME]]="YLD_YTM_BID"),_bbt3[[#All],[METRIC_VALUE]])*0.5))/100,"")} -> #N/A | I138: =IF(ISNA(VLOOKUP(A138,QW_CloseDL!A:E,5,0)),0,VLOOKUP(A138,QW_CloseDL!A:E,5,0)) -> 0.043765776 | J138: =IF(ISNA(IF(NOT(ISBLANK(A138)),ABS(G138-I138),"")),0,(IF(NOT(ISBLANK(A138)),ABS(G138-I138)*10000,""))) -> 0 | P138: 0 | Q138: =VLOOKUP(P138,A:B,2,0) -> #N/A | R138: =VLOOKUP(P138,A:E,4,0) -> #N/A | S138: =VLOOKUP(P138,A:J,10,0) -> #N/A | T138: =VLOOKUP(P138,A:J,5,0) -> #N/A
A139: 912810PS1 | B139: =IF(NOT(ISBLANK(A139)),VLOOKUP(A139,'BBT3'!A:F,2,0),"") -> Bond | C139: =IF(NOT(ISBLANK(A139)),VLOOKUP(A139,'BBT3'!A:F,3,0),"") -> US912810PS15 | D139: =IF(NOT(ISBLANK(A139)),VLOOKUP(A139,'BBT3'!A:F,4,1),"") -> 2.375 | E139: =IF(NOT(ISBLANK(A139)),VLOOKUP(A139,'BBT3'!A:F,5,0),"") -> 46402 | F139: =IF(NOT(ISBLANK(A139)),VLOOKUP(A139,'BBT3'!A:F,6,0),"") -> Y | G139: =IF(NOT(ISBLANK(A139)),VLOOKUP(A139,QW_Close!A:J,5,0),"") -> 0.0082521879 | H139: {=IF(NOT(ISBLANK(A139)),((_xlfn.XLOOKUP(1,(_bbt3[[#All],[ID]]=A139)*(_bbt3[[#All],[METRIC_NAME]]="YLD_YTM_ASK"),_bbt3[[#All],[METRIC_VALUE]])*0.5)+(_xlfn.XLOOKUP(1,(_bbt3[[#All],[ID]]=A139)*(_bbt3[[#All],[METRIC_NAME]]="YLD_YTM_BID"),_bbt3[[#All],[METRIC_VALUE]])*0.5))/100,"")} -> #N/A | I139: =IF(ISNA(VLOOKUP(A139,QW_CloseDL!A:E,5,0)),0,VLOOKUP(A139,QW_CloseDL!A:E,5,0)) -> 0.008252086 | J139: =IF(ISNA(IF(NOT(ISBLANK(A139)),ABS(G139-I139),"")),0,(IF(NOT(ISBLANK(A139)),ABS(G139-I139)*10000,""))) -> 0.0010188631 | P139: 0 | Q139: =VLOOKUP(P139,A:B,2,0) -> #N/A | R139: =VLOOKUP(P139,A:E,4,0) -> #N/A | S139: =VLOOKUP(P139,A:J,10,0) -> #N/A | T139: =VLOOKUP(P139,A:J,5,0) -> #N/A
A140: 912810PT9 | B140: =IF(NOT(ISBLANK(A140)),VLOOKUP(A140,'BBT3'!A:F,2,0),"") -> Bond | C140: =IF(NOT(ISBLANK(A140)),VLOOKUP(A140,'BBT3'!A:F,3,0),"") -> US912810PT97 | D140: =IF(NOT(ISBLANK(A140)),VLOOKUP(A140,'BBT3'!A:F,4,1),"") -> 4.75 | E140: =IF(NOT(ISBLANK(A140)),VLOOKUP(A140,'BBT3'!A:F,5,0),"") -> 50086 | F140: =IF(NOT(ISBLANK(A140)),VLOOKUP(A140,'BBT3'!A:F,6,0),"") -> N | G140: =IF(NOT(ISBLANK(A140)),VLOOKUP(A140,QW_Close!A:J,5,0),"") -> 0.044556602 | H140: {=IF(NOT(ISBLANK(A140)),((_xlfn.XLOOKUP(1,(_bbt3[[#All],[ID]]=A140)*(_bbt3[[#All],[METRIC_NAME]]="YLD_YTM_ASK"),_bbt3[[#All],[METRIC_VALUE]])*0.5)+(_xlfn.XLOOKUP(1,(_bbt3[[#All],[ID]]=A140)*(_bbt3[[#All],[METRIC_NAME]]="YLD_YTM_BID"),_bbt3[[#All],[METRIC_VALUE]])*0.5))/100,"")} -> #N/A | I140: =IF(ISNA(VLOOKUP(A140,QW_CloseDL!A:E,5,0)),0,VLOOKUP(A140,QW_CloseDL!A:E,5,0)) -> 0.044556602 | J140: =IF(ISNA(IF(NOT(ISBLANK(A140)),ABS(G140-I140),"")),0,(IF(NOT(ISBLANK(A140)),ABS(G140-I140)*10000,""))) -> 0 | P140: 0 | Q140: =VLOOKUP(P140,A:B,2,0) -> #N/A | R140: =VLOOKUP(P140,A:E,4,0) -> #N/A | S140: =VLOOKUP(P140,A:J,10,0) -> #N/A | T140: =VLOOKUP(P140,A:J,5,0) -> #N/A
A141: 912810PU6 | B141: =IF(NOT(ISBLANK(A141)),VLOOKUP(A141,'BBT3'!A:F,2,0),"") -> Bond | C141: =IF(NOT(ISBLANK(A141)),VLOOKUP(A141,'BBT3'!A:F,3,0),"") -> US912810PU60 | D141: =IF(NOT(ISBLANK(A141)),VLOOKUP(A141,'BBT3'!A:F,4,1),"") -> 5 | E141: =IF(NOT(ISBLANK(A141)),VLOOKUP(A141,'BBT3'!A:F,5,0),"") -> 50175 | F141: =IF(NOT(ISBLANK(A141)),VLOOKUP(A141,'BBT3'!A:F,6,0),"") -> N | G141: =IF(NOT(ISBLANK(A141)),VLOOKUP(A141,QW_Close!A:J,5,0),"") -> 0.044555952 | H141: {=IF(NOT(ISBLANK(A141)),((_xlfn.XLOOKUP(1,(_bbt3[[#All],[ID]]=A141)*(_bbt3[[#All],[METRIC_NAME]]="YLD_YTM_ASK"),_bbt3[[#All],[METRIC_VALUE]])*0.5)+(_xlfn.XLOOKUP(1,(_bbt3[[#All],[ID]]=A141)*(_bbt3[[#All],[METRIC_NAME]]="YLD_YTM_BID"),_bbt3[[#All],[METRIC_VALUE]])*0.5))/100,"")} -> #N/A | I141: =IF(ISNA(VLOOKUP(A141,QW_CloseDL!A:E,5,0)),0,VLOOKUP(A141,QW_CloseDL!A:E,5,0)) -> 0.044555952 | J141: =IF(ISNA(IF(NOT(ISBLANK(A141)),ABS(G141-I141),"")),0,(IF(NOT(ISBLANK(A141)),ABS(G141-I141)*10000,""))) -> 0 | P141: 0 | Q141: =VLOOKUP(P141,A:B,2,0) -> #N/A | R141: =VLOOKUP(P141,A:E,4,0) -> #N/A | S141: =VLOOKUP(P141,A:J,10,0) -> #N/A | T141: =VLOOKUP(P141,A:J,5,0) -> #N/A
A142: 912810PV4 | B142: =IF(NOT(ISBLANK(A142)),VLOOKUP(A142,'BBT3'!A:F,2,0),"") -> Bond | C142: =IF(NOT(ISBLANK(A142)),VLOOKUP(A142,'BBT3'!A:F,3,0),"") -> US912810PV44 | D142: =IF(NOT(ISBLANK(A142)),VLOOKUP(A142,'BBT3'!A:F,4,1),"") -> 1.75 | E142: =IF(NOT(ISBLANK(A142)),VLOOKUP(A142,'BBT3'!A:F,5,0),"") -> 46767 | F142: =IF(NOT(ISBLANK(A142)),VLOOKUP(A142,'BBT3'!A:F,6,0),"") -> Y | G142: =IF(NOT(ISBLANK(A142)),VLOOKUP(A142,QW_Close!A:J,5,0),"") -> 0.013437749 | H142: {=IF(NOT(ISBLANK(A142)),((_xlfn.XLOOKUP(1,(_bbt3[[#All],[ID]]=A142)*(_bbt3[[#All],[METRIC_NAME]]="YLD_YTM_ASK"),_bbt3[[#All],[METRIC_VALUE]])*0.5)+(_xlfn.XLOOKUP(1,(_bbt3[[#All],[ID]]=A142)*(_bbt3[[#All],[METRIC_NAME]]="YLD_YTM_BID"),_bbt3[[#All],[METRIC_VALUE]])*0.5))/100,"")} -> #N/A | I142: =IF(ISNA(VLOOKUP(A142,QW_CloseDL!A:E,5,0)),0,VLOOKUP(A142,QW_CloseDL!A:E,5,0)) -> 0.013437867 | J142: =IF(ISNA(IF(NOT(ISBLANK(A142)),ABS(G142-I142),"")),0,(IF(NOT(ISBLANK(A142)),ABS(G142-I142)*10000,""))) -> 0.0011755165 | P142: 0 | Q142: =VLOOKUP(P142,A:B,2,0) -> #N/A | R142: =VLOOKUP(P142,A:E,4,0) -> #N/A | S142: =VLOOKUP(P142,A:J,10,0) -> #N/A | T142: =VLOOKUP(P142,A:J,5,0) -> #N/A
... A607: 912834QV3 | B607: =IF(NOT(ISBLANK(A607)),VLOOKUP(A607,'BBT3'!A:F,2,0),"") -> Bond | C607: =IF(NOT(ISBLANK(A607)),VLOOKUP(A607,'BBT3'!A:F,3,0),"") -> US912834QV37 | D607: =IF(NOT(ISBLANK(A607)),VLOOKUP(A607,'BBT3'!A:F,4,1),"") -> 0 | E607: =IF(NOT(ISBLANK(A607)),VLOOKUP(A607,'BBT3'!A:F,5,0),"") -> 53646 | F607: =IF(NOT(ISBLANK(A607)),VLOOKUP(A607,'BBT3'!A:F,6,0),"") -> N | G607: =IF(NOT(ISBLANK(A607)),VLOOKUP(A607,QW_Close!A:J,5,0),"") -> 0.052504416 | H607: {=IF(NOT(ISBLANK(A607)),((_xlfn.XLOOKUP(1,(_bbt3[[#All],[ID]]=A607)*(_bbt3[[#All],[METRIC_NAME]]="YLD_YTM_ASK"),_bbt3[[#All],[METRIC_VALUE]])*0.5)+(_xlfn.XLOOKUP(1,(_bbt3[[#All],[ID]]=A607)*(_bbt3[[#All],[METRIC_NAME]]="YLD_YTM_BID"),_bbt3[[#All],[METRIC_VALUE]])*0.5))/100,"")} -> #N/A | I607: =IF(ISNA(VLOOKUP(A607,QW_CloseDL!A:E,5,0)),0,VLOOKUP(A607,QW_CloseDL!A:E,5,0)) -> 0.052504437 | J607: =IF(ISNA(IF(NOT(ISBLANK(A607)),ABS(G607-I607),"")),0,(IF(NOT(ISBLANK(A607)),ABS(G607-I607)*10000,""))) -> 0.00020123493 | P607: 0 | Q607: =VLOOKUP(P607,A:B,2,0) -> #N/A | R607: =VLOOKUP(P607,A:E,4,0) -> #N/A | S607: =VLOOKUP(P607,A:J,10,0) -> #N/A | T607: =VLOOKUP(P607,A:J,5,0) -> #N/A
B608: =IF(NOT(ISBLANK(A608)),VLOOKUP(A608,'BBT3'!A:F,2,0),"") | C608: =IF(NOT(ISBLANK(A608)),VLOOKUP(A608,'BBT3'!A:F,3,0),"") | D608: =IF(NOT(ISBLANK(A608)),VLOOKUP(A608,'BBT3'!A:F,4,1),"") | E608: =IF(NOT(ISBLANK(A608)),VLOOKUP(A608,'BBT3'!A:F,5,0),"") | F608: =IF(NOT(ISBLANK(A608)),VLOOKUP(A608,'BBT3'!A:F,6,0),"") | G608: =IF(NOT(ISBLANK(A608)),VLOOKUP(A608,QW_Close!A:J,5,0),"") | H608: {=IF(NOT(ISBLANK(A608)),((_xlfn.XLOOKUP(1,(_bbt3[[#All],[ID]]=A608)*(_bbt3[[#All],[METRIC_NAME]]="YLD_YTM_ASK"),_bbt3[[#All],[METRIC_VALUE]])*0.5)+(_xlfn.XLOOKUP(1,(_bbt3[[#All],[ID]]=A608)*(_bbt3[[#All],[METRIC_NAME]]="YLD_YTM_BID"),_bbt3[[#All],[METRIC_VALUE]])*0.5))/100,"")} | I608: =IF(ISNA(VLOOKUP(A608,QW_CloseDL!A:E,5,0)),0,VLOOKUP(A608,QW_CloseDL!A:E,5,0)) -> 0 | J608: =IF(ISNA(IF(NOT(ISBLANK(A608)),ABS(G608-I608),"")),0,(IF(NOT(ISBLANK(A608)),ABS(G608-I608)*10000,""))) | P608: 0 | Q608: =VLOOKUP(P608,A:B,2,0) -> #N/A | R608: =VLOOKUP(P608,A:E,4,0) -> #N/A | S608: =VLOOKUP(P608,A:J,10,0) -> #N/A | T608: =VLOOKUP(P608,A:J,5,0) -> #N/A
B609: =IF(NOT(ISBLANK(A609)),VLOOKUP(A609,'BBT3'!A:F,2,0),"") | C609: =IF(NOT(ISBLANK(A609)),VLOOKUP(A609,'BBT3'!A:F,3,0),"") | D609: =IF(NOT(ISBLANK(A609)),VLOOKUP(A609,'BBT3'!A:F,4,1),"") | E609: =IF(NOT(ISBLANK(A609)),VLOOKUP(A609,'BBT3'!A:F,5,0),"") | F609: =IF(NOT(ISBLANK(A609)),VLOOKUP(A609,'BBT3'!A:F,6,0),"") | G609: =IF(NOT(ISBLANK(A609)),VLOOKUP(A609,QW_Close!A:J,5,0),"") | H609: {=IF(NOT(ISBLANK(A609)),((_xlfn.XLOOKUP(1,(_bbt3[[#All],[ID]]=A609)*(_bbt3[[#All],[METRIC_NAME]]="YLD_YTM_ASK"),_bbt3[[#All],[METRIC_VALUE]])*0.5)+(_xlfn.XLOOKUP(1,(_bbt3[[#All],[ID]]=A609)*(_bbt3[[#All],[METRIC_NAME]]="YLD_YTM_BID"),_bbt3[[#All],[METRIC_VALUE]])*0.5))/100,"")} | I609: =IF(ISNA(VLOOKUP(A609,QW_CloseDL!A:E,5,0)),0,VLOOKUP(A609,QW_CloseDL!A:E,5,0)) -> 0 | J609: =IF(ISNA(IF(NOT(ISBLANK(A609)),ABS(G609-I609),"")),0,(IF(NOT(ISBLANK(A609)),ABS(G609-I609)*10000,""))) | P609: 0 | Q609: =VLOOKUP(P609,A:B,2,0) -> #N/A | R609: =VLOOKUP(P609,A:E,4,0) -> #N/A | S609: =VLOOKUP(P609,A:J,10,0) -> #N/A | T609: =VLOOKUP(P609,A:J,5,0) -> #N/A
B610: =IF(NOT(ISBLANK(A610)),VLOOKUP(A610,'BBT3'!A:F,2,0),"") | C610: =IF(NOT(ISBLANK(A610)),VLOOKUP(A610,'BBT3'!A:F,3,0),"") | D610: =IF(NOT(ISBLANK(A610)),VLOOKUP(A610,'BBT3'!A:F,4,1),"") | E610: =IF(NOT(ISBLANK(A610)),VLOOKUP(A610,'BBT3'!A:F,5,0),"") | F610: =IF(NOT(ISBLANK(A610)),VLOOKUP(A610,'BBT3'!A:F,6,0),"") | G610: =IF(NOT(ISBLANK(A610)),VLOOKUP(A610,QW_Close!A:J,5,0),"") | H610: {=IF(NOT(ISBLANK(A610)),((_xlfn.XLOOKUP(1,(_bbt3[[#All],[ID]]=A610)*(_bbt3[[#All],[METRIC_NAME]]="YLD_YTM_ASK"),_bbt3[[#All],[METRIC_VALUE]])*0.5)+(_xlfn.XLOOKUP(1,(_bbt3[[#All],[ID]]=A610)*(_bbt3[[#All],[METRIC_NAME]]="YLD_YTM_BID"),_bbt3[[#All],[METRIC_VALUE]])*0.5))/100,"")} | I610: =IF(ISNA(VLOOKUP(A610,QW_CloseDL!A:E,5,0)),0,VLOOKUP(A610,QW_CloseDL!A:E,5,0)) -> 0 | J610: =IF(ISNA(IF(NOT(ISBLANK(A610)),ABS(G610-I610),"")),0,(IF(NOT(ISBLANK(A610)),ABS(G610-I610)*10000,""))) | P610: 0 | Q610: =VLOOKUP(P610,A:B,2,0) -> #N/A | R610: =VLOOKUP(P610,A:E,4,0) -> #N/A | S610: =VLOOKUP(P610,A:J,10,0) -> #N/A | T610: =VLOOKUP(P610,A:J,5,0) -> #N/A
B611: =IF(NOT(ISBLANK(A611)),VLOOKUP(A611,'BBT3'!A:F,2,0),"") | C611: =IF(NOT(ISBLANK(A611)),VLOOKUP(A611,'BBT3'!A:F,3,0),"") | D611: =IF(NOT(ISBLANK(A611)),VLOOKUP(A611,'BBT3'!A:F,4,1),"") | E611: =IF(NOT(ISBLANK(A611)),VLOOKUP(A611,'BBT3'!A:F,5,0),"") | F611: =IF(NOT(ISBLANK(A611)),VLOOKUP(A611,'BBT3'!A:F,6,0),"") | G611: =IF(NOT(ISBLANK(A611)),VLOOKUP(A611,QW_Close!A:J,5,0),"") | H611: {=IF(NOT(ISBLANK(A611)),((_xlfn.XLOOKUP(1,(_bbt3[[#All],[ID]]=A611)*(_bbt3[[#All],[METRIC_NAME]]="YLD_YTM_ASK"),_bbt3[[#All],[METRIC_VALUE]])*0.5)+(_xlfn.XLOOKUP(1,(_bbt3[[#All],[ID]]=A611)*(_bbt3[[#All],[METRIC_NAME]]="YLD_YTM_BID"),_bbt3[[#All],[METRIC_VALUE]])*0.5))/100,"")} | I611: =IF(ISNA(VLOOKUP(A611,QW_CloseDL!A:E,5,0)),0,VLOOKUP(A611,QW_CloseDL!A:E,5,0)) -> 0 | J611: =IF(ISNA(IF(NOT(ISBLANK(A611)),ABS(G611-I611),"")),0,(IF(NOT(ISBLANK(A611)),ABS(G611-I611)*10000,""))) | P611: 0 | Q611: =VLOOKUP(P611,A:B,2,0) -> #N/A | R611: =VLOOKUP(P611,A:E,4,0) -> #N/A | S611: =VLOOKUP(P611,A:J,10,0) -> #N/A | T611: =VLOOKUP(P611,A:J,5,0) -> #N/A
B612: =IF(NOT(ISBLANK(A612)),VLOOKUP(A612,'BBT3'!A:F,2,0),"") | C612: =IF(NOT(ISBLANK(A612)),VLOOKUP(A612,'BBT3'!A:F,3,0),"") | D612: =IF(NOT(ISBLANK(A612)),VLOOKUP(A612,'BBT3'!A:F,4,1),"") | E612: =IF(NOT(ISBLANK(A612)),VLOOKUP(A612,'BBT3'!A:F,5,0),"") | F612: =IF(NOT(ISBLANK(A612)),VLOOKUP(A612,'BBT3'!A:F,6,0),"") | G612: =IF(NOT(ISBLANK(A612)),VLOOKUP(A612,QW_Close!A:J,5,0),"") | H612: {=IF(NOT(ISBLANK(A612)),((_xlfn.XLOOKUP(1,(_bbt3[[#All],[ID]]=A612)*(_bbt3[[#All],[METRIC_NAME]]="YLD_YTM_ASK"),_bbt3[[#All],[METRIC_VALUE]])*0.5)+(_xlfn.XLOOKUP(1,(_bbt3[[#All],[ID]]=A612)*(_bbt3[[#All],[METRIC_NAME]]="YLD_YTM_BID"),_bbt3[[#All],[METRIC_VALUE]])*0.5))/100,"")} | I612: =IF(ISNA(VLOOKUP(A612,QW_CloseDL!A:E,5,0)),0,VLOOKUP(A612,QW_CloseDL!A:E,5,0)) -> 0 | J612: =IF(ISNA(IF(NOT(ISBLANK(A612)),ABS(G612-I612),"")),0,(IF(NOT(ISBLANK(A612)),ABS(G612-I612)*10000,""))) | P612: 0 | Q612: =VLOOKUP(P612,A:B,2,0) -> #N/A | R612: =VLOOKUP(P612,A:E,4,0) -> #N/A | S612: =VLOOKUP(P612,A:J,10,0) -> #N/A | T612: =VLOOKUP(P612,A:J,5,0) -> #N/A
B613: =IF(NOT(ISBLANK(A613)),VLOOKUP(A613,'BBT3'!A:F,2,0),"") | C613: =IF(NOT(ISBLANK(A613)),VLOOKUP(A613,'BBT3'!A:F,3,0),"") | D613: =IF(NOT(ISBLANK(A613)),VLOOKUP(A613,'BBT3'!A:F,4,1),"") | E613: =IF(NOT(ISBLANK(A613)),VLOOKUP(A613,'BBT3'!A:F,5,0),"") | F613: =IF(NOT(ISBLANK(A613)),VLOOKUP(A613,'BBT3'!A:F,6,0),"") | G613: =IF(NOT(ISBLANK(A613)),VLOOKUP(A613,QW_Close!A:J,5,0),"") | H613: {=IF(NOT(ISBLANK(A613)),((_xlfn.XLOOKUP(1,(_bbt3[[#All],[ID]]=A613)*(_bbt3[[#All],[METRIC_NAME]]="YLD_YTM_ASK"),_bbt3[[#All],[METRIC_VALUE]])*0.5)+(_xlfn.XLOOKUP(1,(_bbt3[[#All],[ID]]=A613)*(_bbt3[[#All],[METRIC_NAME]]="YLD_YTM_BID"),_bbt3[[#All],[METRIC_VALUE]])*0.5))/100,"")} | I613: =IF(ISNA(VLOOKUP(A613,QW_CloseDL!A:E,5,0)),0,VLOOKUP(A613,QW_CloseDL!A:E,5,0)) -> 0 | J613: =IF(ISNA(IF(NOT(ISBLANK(A613)),ABS(G613-I613),"")),0,(IF(NOT(ISBLANK(A613)),ABS(G613-I613)*10000,""))) | P613: 0 | Q613: =VLOOKUP(P613,A:B,2,0) -> #N/A | R613: =VLOOKUP(P613,A:E,4,0) -> #N/A | S613: =VLOOKUP(P613,A:J,10,0) -> #N/A | T613: =VLOOKUP(P613,A:J,5,0) -> #N/A
B614: =IF(NOT(ISBLANK(A614)),VLOOKUP(A614,'BBT3'!A:F,2,0),"") | C614: =IF(NOT(ISBLANK(A614)),VLOOKUP(A614,'BBT3'!A:F,3,0),"") | D614: =IF(NOT(ISBLANK(A614)),VLOOKUP(A614,'BBT3'!A:F,4,1),"") | E614: =IF(NOT(ISBLANK(A614)),VLOOKUP(A614,'BBT3'!A:F,5,0),"") | F614: =IF(NOT(ISBLANK(A614)),VLOOKUP(A614,'BBT3'!A:F,6,0),"") | G614: =IF(NOT(ISBLANK(A614)),VLOOKUP(A614,QW_Close!A:J,5,0),"") | H614: {=IF(NOT(ISBLANK(A614)),((_xlfn.XLOOKUP(1,(_bbt3[[#All],[ID]]=A614)*(_bbt3[[#All],[METRIC_NAME]]="YLD_YTM_ASK"),_bbt3[[#All],[METRIC_VALUE]])*0.5)+(_xlfn.XLOOKUP(1,(_bbt3[[#All],[ID]]=A614)*(_bbt3[[#All],[METRIC_NAME]]="YLD_YTM_BID"),_bbt3[[#All],[METRIC_VALUE]])*0.5))/100,"")} | I614: =IF(ISNA(VLOOKUP(A614,QW_CloseDL!A:E,5,0)),0,VLOOKUP(A614,QW_CloseDL!A:E,5,0)) -> 0 | J614: =IF(ISNA(IF(NOT(ISBLANK(A614)),ABS(G614-I614),"")),0,(IF(NOT(ISBLANK(A614)),ABS(G614-I614)*10000,""))) | P614: 0 | Q614: =VLOOKUP(P614,A:B,2,0) -> #N/A | R614: =VLOOKUP(P614,A:E,4,0) -> #N/A | S614: =VLOOKUP(P614,A:J,10,0) -> #N/A | T614: =VLOOKUP(P614,A:J,5,0) -> #N/A
B615: =IF(NOT(ISBLANK(A615)),VLOOKUP(A615,'BBT3'!A:F,2,0),"") | C615: =IF(NOT(ISBLANK(A615)),VLOOKUP(A615,'BBT3'!A:F,3,0),"") | D615: =IF(NOT(ISBLANK(A615)),VLOOKUP(A615,'BBT3'!A:F,4,1),"") | E615: =IF(NOT(ISBLANK(A615)),VLOOKUP(A615,'BBT3'!A:F,5,0),"") | F615: =IF(NOT(ISBLANK(A615)),VLOOKUP(A615,'BBT3'!A:F,6,0),"") | G615: =IF(NOT(ISBLANK(A615)),VLOOKUP(A615,QW_Close!A:J,5,0),"") | H615: {=IF(NOT(ISBLANK(A615)),((_xlfn.XLOOKUP(1,(_bbt3[[#All],[ID]]=A615)*(_bbt3[[#All],[METRIC_NAME]]="YLD_YTM_ASK"),_bbt3[[#All],[METRIC_VALUE]])*0.5)+(_xlfn.XLOOKUP(1,(_bbt3[[#All],[ID]]=A615)*(_bbt3[[#All],[METRIC_NAME]]="YLD_YTM_BID"),_bbt3[[#All],[METRIC_VALUE]])*0.5))/100,"")} | I615: =IF(ISNA(VLOOKUP(A615,QW_CloseDL!A:E,5,0)),0,VLOOKUP(A615,QW_CloseDL!A:E,5,0)) -> 0 | J615: =IF(ISNA(IF(NOT(ISBLANK(A615)),ABS(G615-I615),"")),0,(IF(NOT(ISBLANK(A615)),ABS(G615-I615)*10000,""))) | P615: 0 | Q615: =VLOOKUP(P615,A:B,2,0) -> #N/A | R615: =VLOOKUP(P615,A:E,4,0) -> #N/A | S615: =VLOOKUP(P615,A:J,10,0) -> #N/A | T615: =VLOOKUP(P615,A:J,5,0) -> #N/A
B616: =IF(NOT(ISBLANK(A616)),VLOOKUP(A616,'BBT3'!A:F,2,0),"") | C616: =IF(NOT(ISBLANK(A616)),VLOOKUP(A616,'BBT3'!A:F,3,0),"") | D616: =IF(NOT(ISBLANK(A616)),VLOOKUP(A616,'BBT3'!A:F,4,1),"") | E616: =IF(NOT(ISBLANK(A616)),VLOOKUP(A616,'BBT3'!A:F,5,0),"") | F616: =IF(NOT(ISBLANK(A616)),VLOOKUP(A616,'BBT3'!A:F,6,0),"") | G616: =IF(NOT(ISBLANK(A616)),VLOOKUP(A616,QW_Close!A:J,5,0),"") | H616: {=IF(NOT(ISBLANK(A616)),((_xlfn.XLOOKUP(1,(_bbt3[[#All],[ID]]=A616)*(_bbt3[[#All],[METRIC_NAME]]="YLD_YTM_ASK"),_bbt3[[#All],[METRIC_VALUE]])*0.5)+(_xlfn.XLOOKUP(1,(_bbt3[[#All],[ID]]=A616)*(_bbt3[[#All],[METRIC_NAME]]="YLD_YTM_BID"),_bbt3[[#All],[METRIC_VALUE]])*0.5))/100,"")} | I616: =IF(ISNA(VLOOKUP(A616,QW_CloseDL!A:E,5,0)),0,VLOOKUP(A616,QW_CloseDL!A:E,5,0)) -> 0 | J616: =IF(ISNA(IF(NOT(ISBLANK(A616)),ABS(G616-I616),"")),0,(IF(NOT(ISBLANK(A616)),ABS(G616-I616)*10000,""))) | P616: 0 | Q616: =VLOOKUP(P616,A:B,2,0) -> #N/A | R616: =VLOOKUP(P616,A:E,4,0) -> #N/A | S616: =VLOOKUP(P616,A:J,10,0) -> #N/A | T616: =VLOOKUP(P616,A:J,5,0) -> #N/A
B617: =IF(NOT(ISBLANK(A617)),VLOOKUP(A617,'BBT3'!A:F,2,0),"") | C617: =IF(NOT(ISBLANK(A617)),VLOOKUP(A617,'BBT3'!A:F,3,0),"") | D617: =IF(NOT(ISBLANK(A617)),VLOOKUP(A617,'BBT3'!A:F,4,1),"") | E617: =IF(NOT(ISBLANK(A617)),VLOOKUP(A617,'BBT3'!A:F,5,0),"") | F617: =IF(NOT(ISBLANK(A617)),VLOOKUP(A617,'BBT3'!A:F,6,0),"") | G617: =IF(NOT(ISBLANK(A617)),VLOOKUP(A617,QW_Close!A:J,5,0),"") | H617: {=IF(NOT(ISBLANK(A617)),((_xlfn.XLOOKUP(1,(_bbt3[[#All],[ID]]=A617)*(_bbt3[[#All],[METRIC_NAME]]="YLD_YTM_ASK"),_bbt3[[#All],[METRIC_VALUE]])*0.5)+(_xlfn.XLOOKUP(1,(_bbt3[[#All],[ID]]=A617)*(_bbt3[[#All],[METRIC_NAME]]="YLD_YTM_BID"),_bbt3[[#All],[METRIC_VALUE]])*0.5))/100,"")} | I617: =IF(ISNA(VLOOKUP(A617,QW_CloseDL!A:E,5,0)),0,VLOOKUP(A617,QW_CloseDL!A:E,5,0)) -> 0 | J617: =IF(ISNA(IF(NOT(ISBLANK(A617)),ABS(G617-I617),"")),0,(IF(NOT(ISBLANK(A617)),ABS(G617-I617)*10000,""))) | P617: 0 | Q617: =VLOOKUP(P617,A:B,2,0) -> #N/A | R617: =VLOOKUP(P617,A:E,4,0) -> #N/A | S617: =VLOOKUP(P617,A:J,10,0) -> #N/A | T617: =VLOOKUP(P617,A:J,5,0) -> #N/A
B618: =IF(NOT(ISBLANK(A618)),VLOOKUP(A618,'BBT3'!A:F,2,0),"") | C618: =IF(NOT(ISBLANK(A618)),VLOOKUP(A618,'BBT3'!A:F,3,0),"") | D618: =IF(NOT(ISBLANK(A618)),VLOOKUP(A618,'BBT3'!A:F,4,1),"") | E618: =IF(NOT(ISBLANK(A618)),VLOOKUP(A618,'BBT3'!A:F,5,0),"") | F618: =IF(NOT(ISBLANK(A618)),VLOOKUP(A618,'BBT3'!A:F,6,0),"") | G618: =IF(NOT(ISBLANK(A618)),VLOOKUP(A618,QW_Close!A:J,5,0),"") | H618: {=IF(NOT(ISBLANK(A618)),((_xlfn.XLOOKUP(1,(_bbt3[[#All],[ID]]=A618)*(_bbt3[[#All],[METRIC_NAME]]="YLD_YTM_ASK"),_bbt3[[#All],[METRIC_VALUE]])*0.5)+(_xlfn.XLOOKUP(1,(_bbt3[[#All],[ID]]=A618)*(_bbt3[[#All],[METRIC_NAME]]="YLD_YTM_BID"),_bbt3[[#All],[METRIC_VALUE]])*0.5))/100,"")} | I618: =IF(ISNA(VLOOKUP(A618,QW_CloseDL!A:E,5,0)),0,VLOOKUP(A618,QW_CloseDL!A:E,5,0)) -> 0 | J618: =IF(ISNA(IF(NOT(ISBLANK(A618)),ABS(G618-I618),"")),0,(IF(NOT(ISBLANK(A618)),ABS(G618-I618)*10000,""))) | P618: 0 | Q618: =VLOOKUP(P618,A:B,2,0) -> #N/A | R618: =VLOOKUP(P618,A:E,4,0) -> #N/A | S618: =VLOOKUP(P618,A:J,10,0) -> #N/A | T618: =VLOOKUP(P618,A:J,5,0) -> #N/A
B619: =IF(NOT(ISBLANK(A619)),VLOOKUP(A619,'BBT3'!A:F,2,0),"") | C619: =IF(NOT(ISBLANK(A619)),VLOOKUP(A619,'BBT3'!A:F,3,0),"") | D619: =IF(NOT(ISBLANK(A619)),VLOOKUP(A619,'BBT3'!A:F,4,1),"") | E619: =IF(NOT(ISBLANK(A619)),VLOOKUP(A619,'BBT3'!A:F,5,0),"") | F619: =IF(NOT(ISBLANK(A619)),VLOOKUP(A619,'BBT3'!A:F,6,0),"") | G619: =IF(NOT(ISBLANK(A619)),VLOOKUP(A619,QW_Close!A:J,5,0),"") | H619: {=IF(NOT(ISBLANK(A619)),((_xlfn.XLOOKUP(1,(_bbt3[[#All],[ID]]=A619)*(_bbt3[[#All],[METRIC_NAME]]="YLD_YTM_ASK"),_bbt3[[#All],[METRIC_VALUE]])*0.5)+(_xlfn.XLOOKUP(1,(_bbt3[[#All],[ID]]=A619)*(_bbt3[[#All],[METRIC_NAME]]="YLD_YTM_BID"),_bbt3[[#All],[METRIC_VALUE]])*0.5))/100,"")} | I619: =IF(ISNA(VLOOKUP(A619,QW_CloseDL!A:E,5,0)),0,VLOOKUP(A619,QW_CloseDL!A:E,5,0)) -> 0 | J619: =IF(ISNA(IF(NOT(ISBLANK(A619)),ABS(G619-I619),"")),0,(IF(NOT(ISBLANK(A619)),ABS(G619-I619)*10000,""))) | P619: 0 | Q619: =VLOOKUP(P619,A:B,2,0) -> #N/A | R619: =VLOOKUP(P619,A:E,4,0) -> #N/A | S619: =VLOOKUP(P619,A:J,10,0) -> #N/A | T619: =VLOOKUP(P619,A:J,5,0) -> #N/A
... B1414: =IF(NOT(ISBLANK(A1414)),VLOOKUP(A1414,'BBT3'!A:F,2,0),"") | C1414: =IF(NOT(ISBLANK(A1414)),VLOOKUP(A1414,'BBT3'!A:F,3,0),"") | D1414: =IF(NOT(ISBLANK(A1414)),VLOOKUP(A1414,'BBT3'!A:F,4,1),"") | E1414: =IF(NOT(ISBLANK(A1414)),VLOOKUP(A1414,'BBT3'!A:F,5,0),"") | F1414: =IF(NOT(ISBLANK(A1414)),VLOOKUP(A1414,'BBT3'!A:F,6,0),"") | G1414: =IF(NOT(ISBLANK(A1414)),VLOOKUP(A1414,QW_Close!A:J,5,0),"") | H1414: {=IF(NOT(ISBLANK(A1414)),((_xlfn.XLOOKUP(1,(_bbt3[[#All],[ID]]=A1414)*(_bbt3[[#All],[METRIC_NAME]]="YLD_YTM_ASK"),_bbt3[[#All],[METRIC_VALUE]])*0.5)+(_xlfn.XLOOKUP(1,(_bbt3[[#All],[ID]]=A1414)*(_bbt3[[#All],[METRIC_NAME]]="YLD_YTM_BID"),_bbt3[[#All],[METRIC_VALUE]])*0.5))/100,"")} | I1414: =IF(ISNA(VLOOKUP(A1414,QW_CloseDL!A:E,5,0)),0,VLOOKUP(A1414,QW_CloseDL!A:E,5,0)) -> 0 | J1414: =IF(ISNA(IF(NOT(ISBLANK(A1414)),ABS(G1414-I1414),"")),0,(IF(NOT(ISBLANK(A1414)),ABS(G1414-I1414)*10000,""))) | P1414: 0 | Q1414: =VLOOKUP(P1414,A:B,2,0) -> #N/A | R1414: =VLOOKUP(P1414,A:E,4,0) -> #N/A | S1414: =VLOOKUP(P1414,A:J,10,0) -> #N/A | T1414: =VLOOKUP(P1414,A:J,5,0) -> #N/A
B1415: =IF(NOT(ISBLANK(A1415)),VLOOKUP(A1415,'BBT3'!A:F,2,0),"") | C1415: =IF(NOT(ISBLANK(A1415)),VLOOKUP(A1415,'BBT3'!A:F,3,0),"") | D1415: =IF(NOT(ISBLANK(A1415)),VLOOKUP(A1415,'BBT3'!A:F,4,1),"") | E1415: =IF(NOT(ISBLANK(A1415)),VLOOKUP(A1415,'BBT3'!A:F,5,0),"") | F1415: =IF(NOT(ISBLANK(A1415)),VLOOKUP(A1415,'BBT3'!A:F,6,0),"") | G1415: =IF(NOT(ISBLANK(A1415)),VLOOKUP(A1415,QW_Close!A:J,5,0),"") | H1415: {=IF(NOT(ISBLANK(A1415)),((_xlfn.XLOOKUP(1,(_bbt3[[#All],[ID]]=A1415)*(_bbt3[[#All],[METRIC_NAME]]="YLD_YTM_ASK"),_bbt3[[#All],[METRIC_VALUE]])*0.5)+(_xlfn.XLOOKUP(1,(_bbt3[[#All],[ID]]=A1415)*(_bbt3[[#All],[METRIC_NAME]]="YLD_YTM_BID"),_bbt3[[#All],[METRIC_VALUE]])*0.5))/100,"")} | I1415: =IF(ISNA(VLOOKUP(A1415,QW_CloseDL!A:E,5,0)),0,VLOOKUP(A1415,QW_CloseDL!A:E,5,0)) -> 0 | J1415: =IF(ISNA(IF(NOT(ISBLANK(A1415)),ABS(G1415-I1415),"")),0,(IF(NOT(ISBLANK(A1415)),ABS(G1415-I1415)*10000,""))) | P1415: 0 | S1415: =VLOOKUP(P1415,A:J,10,0) -> #N/A | T1415: =VLOOKUP(P1415,A:J,5,0) -> #N/A
B1416: =IF(NOT(ISBLANK(A1416)),VLOOKUP(A1416,'BBT3'!A:F,2,0),"") | C1416: =IF(NOT(ISBLANK(A1416)),VLOOKUP(A1416,'BBT3'!A:F,3,0),"") | D1416: =IF(NOT(ISBLANK(A1416)),VLOOKUP(A1416,'BBT3'!A:F,4,1),"") | E1416: =IF(NOT(ISBLANK(A1416)),VLOOKUP(A1416,'BBT3'!A:F,5,0),"") | F1416: =IF(NOT(ISBLANK(A1416)),VLOOKUP(A1416,'BBT3'!A:F,6,0),"") | G1416: =IF(NOT(ISBLANK(A1416)),VLOOKUP(A1416,QW_Close!A:J,5,0),"") | H1416: {=IF(NOT(ISBLANK(A1416)),((_xlfn.XLOOKUP(1,(_bbt3[[#All],[ID]]=A1416)*(_bbt3[[#All],[METRIC_NAME]]="YLD_YTM_ASK"),_bbt3[[#All],[METRIC_VALUE]])*0.5)+(_xlfn.XLOOKUP(1,(_bbt3[[#All],[ID]]=A1416)*(_bbt3[[#All],[METRIC_NAME]]="YLD_YTM_BID"),_bbt3[[#All],[METRIC_VALUE]])*0.5))/100,"")} | I1416: =IF(ISNA(VLOOKUP(A1416,QW_CloseDL!A:E,5,0)),0,VLOOKUP(A1416,QW_CloseDL!A:E,5,0)) -> 0 | J1416: =IF(ISNA(IF(NOT(ISBLANK(A1416)),ABS(G1416-I1416),"")),0,(IF(NOT(ISBLANK(A1416)),ABS(G1416-I1416)*10000,""))) | P1416: 0 | S1416: =VLOOKUP(P1416,A:J,10,0) -> #N/A | T1416: =VLOOKUP(P1416,A:J,5,0) -> #N/A
B1417: =IF(NOT(ISBLANK(A1417)),VLOOKUP(A1417,'BBT3'!A:F,2,0),"") | C1417: =IF(NOT(ISBLANK(A1417)),VLOOKUP(A1417,'BBT3'!A:F,3,0),"") | D1417: =IF(NOT(ISBLANK(A1417)),VLOOKUP(A1417,'BBT3'!A:F,4,1),"") | E1417: =IF(NOT(ISBLANK(A1417)),VLOOKUP(A1417,'BBT3'!A:F,5,0),"") | F1417: =IF(NOT(ISBLANK(A1417)),VLOOKUP(A1417,'BBT3'!A:F,6,0),"") | G1417: =IF(NOT(ISBLANK(A1417)),VLOOKUP(A1417,QW_Close!A:J,5,0),"") | H1417: {=IF(NOT(ISBLANK(A1417)),((_xlfn.XLOOKUP(1,(_bbt3[[#All],[ID]]=A1417)*(_bbt3[[#All],[METRIC_NAME]]="YLD_YTM_ASK"),_bbt3[[#All],[METRIC_VALUE]])*0.5)+(_xlfn.XLOOKUP(1,(_bbt3[[#All],[ID]]=A1417)*(_bbt3[[#All],[METRIC_NAME]]="YLD_YTM_BID"),_bbt3[[#All],[METRIC_VALUE]])*0.5))/100,"")} | I1417: =IF(ISNA(VLOOKUP(A1417,QW_CloseDL!A:E,5,0)),0,VLOOKUP(A1417,QW_CloseDL!A:E,5,0)) -> 0 | J1417: =IF(ISNA(IF(NOT(ISBLANK(A1417)),ABS(G1417-I1417),"")),0,(IF(NOT(ISBLANK(A1417)),ABS(G1417-I1417)*10000,""))) | P1417: 0 | S1417: =VLOOKUP(P1417,A:J,10,0) -> #N/A | T1417: =VLOOKUP(P1417,A:J,5,0) -> #N/A
B1418: =IF(NOT(ISBLANK(A1418)),VLOOKUP(A1418,'BBT3'!A:F,2,0),"") | C1418: =IF(NOT(ISBLANK(A1418)),VLOOKUP(A1418,'BBT3'!A:F,3,0),"") | D1418: =IF(NOT(ISBLANK(A1418)),VLOOKUP(A1418,'BBT3'!A:F,4,1),"") | E1418: =IF(NOT(ISBLANK(A1418)),VLOOKUP(A1418,'BBT3'!A:F,5,0),"") | F1418: =IF(NOT(ISBLANK(A1418)),VLOOKUP(A1418,'BBT3'!A:F,6,0),"") | G1418: =IF(NOT(ISBLANK(A1418)),VLOOKUP(A1418,QW_Close!A:J,5,0),"") | H1418: {=IF(NOT(ISBLANK(A1418)),((_xlfn.XLOOKUP(1,(_bbt3[[#All],[ID]]=A1418)*(_bbt3[[#All],[METRIC_NAME]]="YLD_YTM_ASK"),_bbt3[[#All],[METRIC_VALUE]])*0.5)+(_xlfn.XLOOKUP(1,(_bbt3[[#All],[ID]]=A1418)*(_bbt3[[#All],[METRIC_NAME]]="YLD_YTM_BID"),_bbt3[[#All],[METRIC_VALUE]])*0.5))/100,"")} | I1418: =IF(ISNA(VLOOKUP(A1418,QW_CloseDL!A:E,5,0)),0,VLOOKUP(A1418,QW_CloseDL!A:E,5,0)) -> 0 | J1418: =IF(ISNA(IF(NOT(ISBLANK(A1418)),ABS(G1418-I1418),"")),0,(IF(NOT(ISBLANK(A1418)),ABS(G1418-I1418)*10000,""))) | P1418: 0 | S1418: =VLOOKUP(P1418,A:J,10,0) -> #N/A | T1418: =VLOOKUP(P1418,A:J,5,0) -> #N/A
B1419: =IF(NOT(ISBLANK(A1419)),VLOOKUP(A1419,'BBT3'!A:F,2,0),"") | C1419: =IF(NOT(ISBLANK(A1419)),VLOOKUP(A1419,'BBT3'!A:F,3,0),"") | D1419: =IF(NOT(ISBLANK(A1419)),VLOOKUP(A1419,'BBT3'!A:F,4,1),"") | E1419: =IF(NOT(ISBLANK(A1419)),VLOOKUP(A1419,'BBT3'!A:F,5,0),"") | F1419: =IF(NOT(ISBLANK(A1419)),VLOOKUP(A1419,'BBT3'!A:F,6,0),"") | G1419: =IF(NOT(ISBLANK(A1419)),VLOOKUP(A1419,QW_Close!A:J,5,0),"") | H1419: {=IF(NOT(ISBLANK(A1419)),((_xlfn.XLOOKUP(1,(_bbt3[[#All],[ID]]=A1419)*(_bbt3[[#All],[METRIC_NAME]]="YLD_YTM_ASK"),_bbt3[[#All],[METRIC_VALUE]])*0.5)+(_xlfn.XLOOKUP(1,(_bbt3[[#All],[ID]]=A1419)*(_bbt3[[#All],[METRIC_NAME]]="YLD_YTM_BID"),_bbt3[[#All],[METRIC_VALUE]])*0.5))/100,"")} | I1419: =IF(ISNA(VLOOKUP(A1419,QW_CloseDL!A:E,5,0)),0,VLOOKUP(A1419,QW_CloseDL!A:E,5,0)) -> 0 | J1419: =IF(ISNA(IF(NOT(ISBLANK(A1419)),ABS(G1419-I1419),"")),0,(IF(NOT(ISBLANK(A1419)),ABS(G1419-I1419)*10000,""))) | P1419: 0 | S1419: =VLOOKUP(P1419,A:J,10,0) -> #N/A | T1419: =VLOOKUP(P1419,A:J,5,0) -> #N/A
B1420: =IF(NOT(ISBLANK(A1420)),VLOOKUP(A1420,'BBT3'!A:F,2,0),"") | C1420: =IF(NOT(ISBLANK(A1420)),VLOOKUP(A1420,'BBT3'!A:F,3,0),"") | D1420: =IF(NOT(ISBLANK(A1420)),VLOOKUP(A1420,'BBT3'!A:F,4,1),"") | E1420: =IF(NOT(ISBLANK(A1420)),VLOOKUP(A1420,'BBT3'!A:F,5,0),"") | F1420: =IF(NOT(ISBLANK(A1420)),VLOOKUP(A1420,'BBT3'!A:F,6,0),"") | G1420: =IF(NOT(ISBLANK(A1420)),VLOOKUP(A1420,QW_Close!A:J,5,0),"") | H1420: {=IF(NOT(ISBLANK(A1420)),((_xlfn.XLOOKUP(1,(_bbt3[[#All],[ID]]=A1420)*(_bbt3[[#All],[METRIC_NAME]]="YLD_YTM_ASK"),_bbt3[[#All],[METRIC_VALUE]])*0.5)+(_xlfn.XLOOKUP(1,(_bbt3[[#All],[ID]]=A1420)*(_bbt3[[#All],[METRIC_NAME]]="YLD_YTM_BID"),_bbt3[[#All],[METRIC_VALUE]])*0.5))/100,"")} | I1420: =IF(ISNA(VLOOKUP(A1420,QW_CloseDL!A:E,5,0)),0,VLOOKUP(A1420,QW_CloseDL!A:E,5,0)) -> 0 | J1420: =IF(ISNA(IF(NOT(ISBLANK(A1420)),ABS(G1420-I1420),"")),0,(IF(NOT(ISBLANK(A1420)),ABS(G1420-I1420)*10000,""))) | P1420: 0 | S1420: =VLOOKUP(P1420,A:J,10,0) -> #N/A | T1420: =VLOOKUP(P1420,A:J,5,0) -> #N/A
B1421: =IF(NOT(ISBLANK(A1421)),VLOOKUP(A1421,'BBT3'!A:F,2,0),"") | C1421: =IF(NOT(ISBLANK(A1421)),VLOOKUP(A1421,'BBT3'!A:F,3,0),"") | D1421: =IF(NOT(ISBLANK(A1421)),VLOOKUP(A1421,'BBT3'!A:F,4,1),"") | E1421: =IF(NOT(ISBLANK(A1421)),VLOOKUP(A1421,'BBT3'!A:F,5,0),"") | F1421: =IF(NOT(ISBLANK(A1421)),VLOOKUP(A1421,'BBT3'!A:F,6,0),"") | G1421: =IF(NOT(ISBLANK(A1421)),VLOOKUP(A1421,QW_Close!A:J,5,0),"") | H1421: {=IF(NOT(ISBLANK(A1421)),((_xlfn.XLOOKUP(1,(_bbt3[[#All],[ID]]=A1421)*(_bbt3[[#All],[METRIC_NAME]]="YLD_YTM_ASK"),_bbt3[[#All],[METRIC_VALUE]])*0.5)+(_xlfn.XLOOKUP(1,(_bbt3[[#All],[ID]]=A1421)*(_bbt3[[#All],[METRIC_NAME]]="YLD_YTM_BID"),_bbt3[[#All],[METRIC_VALUE]])*0.5))/100,"")} | I1421: =IF(ISNA(VLOOKUP(A1421,QW_CloseDL!A:E,5,0)),0,VLOOKUP(A1421,QW_CloseDL!A:E,5,0)) -> 0 | J1421: =IF(ISNA(IF(NOT(ISBLANK(A1421)),ABS(G1421-I1421),"")),0,(IF(NOT(ISBLANK(A1421)),ABS(G1421-I1421)*10000,""))) | P1421: 0 | S1421: =VLOOKUP(P1421,A:J,10,0) -> #N/A | T1421: =VLOOKUP(P1421,A:J,5,0) -> #N/A
B1422: =IF(NOT(ISBLANK(A1422)),VLOOKUP(A1422,'BBT3'!A:F,2,0),"") | C1422: =IF(NOT(ISBLANK(A1422)),VLOOKUP(A1422,'BBT3'!A:F,3,0),"") | D1422: =IF(NOT(ISBLANK(A1422)),VLOOKUP(A1422,'BBT3'!A:F,4,1),"") | E1422: =IF(NOT(ISBLANK(A1422)),VLOOKUP(A1422,'BBT3'!A:F,5,0),"") | F1422: =IF(NOT(ISBLANK(A1422)),VLOOKUP(A1422,'BBT3'!A:F,6,0),"") | G1422: =IF(NOT(ISBLANK(A1422)),VLOOKUP(A1422,QW_Close!A:J,5,0),"") | H1422: {=IF(NOT(ISBLANK(A1422)),((_xlfn.XLOOKUP(1,(_bbt3[[#All],[ID]]=A1422)*(_bbt3[[#All],[METRIC_NAME]]="YLD_YTM_ASK"),_bbt3[[#All],[METRIC_VALUE]])*0.5)+(_xlfn.XLOOKUP(1,(_bbt3[[#All],[ID]]=A1422)*(_bbt3[[#All],[METRIC_NAME]]="YLD_YTM_BID"),_bbt3[[#All],[METRIC_VALUE]])*0.5))/100,"")} | I1422: =IF(ISNA(VLOOKUP(A1422,QW_CloseDL!A:E,5,0)),0,VLOOKUP(A1422,QW_CloseDL!A:E,5,0)) -> 0 | J1422: =IF(ISNA(IF(NOT(ISBLANK(A1422)),ABS(G1422-I1422),"")),0,(IF(NOT(ISBLANK(A1422)),ABS(G1422-I1422)*10000,""))) | P1422: 0 | S1422: =VLOOKUP(P1422,A:J,10,0) -> #N/A | T1422: =VLOOKUP(P1422,A:J,5,0) -> #N/A
B1423: =IF(NOT(ISBLANK(A1423)),VLOOKUP(A1423,'BBT3'!A:F,2,0),"") | C1423: =IF(NOT(ISBLANK(A1423)),VLOOKUP(A1423,'BBT3'!A:F,3,0),"") | D1423: =IF(NOT(ISBLANK(A1423)),VLOOKUP(A1423,'BBT3'!A:F,4,1),"") | E1423: =IF(NOT(ISBLANK(A1423)),VLOOKUP(A1423,'BBT3'!A:F,5,0),"") | F1423: =IF(NOT(ISBLANK(A1423)),VLOOKUP(A1423,'BBT3'!A:F,6,0),"") | G1423: =IF(NOT(ISBLANK(A1423)),VLOOKUP(A1423,QW_Close!A:J,5,0),"") | H1423: {=IF(NOT(ISBLANK(A1423)),((_xlfn.XLOOKUP(1,(_bbt3[[#All],[ID]]=A1423)*(_bbt3[[#All],[METRIC_NAME]]="YLD_YTM_ASK"),_bbt3[[#All],[METRIC_VALUE]])*0.5)+(_xlfn.XLOOKUP(1,(_bbt3[[#All],[ID]]=A1423)*(_bbt3[[#All],[METRIC_NAME]]="YLD_YTM_BID"),_bbt3[[#All],[METRIC_VALUE]])*0.5))/100,"")} | I1423: =IF(ISNA(VLOOKUP(A1423,QW_CloseDL!A:E,5,0)),0,VLOOKUP(A1423,QW_CloseDL!A:E,5,0)) -> 0 | J1423: =IF(ISNA(IF(NOT(ISBLANK(A1423)),ABS(G1423-I1423),"")),0,(IF(NOT(ISBLANK(A1423)),ABS(G1423-I1423)*10000,""))) | P1423: 0 | S1423: =VLOOKUP(P1423,A:J,10,0) -> #N/A | T1423: =VLOOKUP(P1423,A:J,5,0) -> #N/A
B1424: =IF(NOT(ISBLANK(A1424)),VLOOKUP(A1424,'BBT3'!A:F,2,0),"") | C1424: =IF(NOT(ISBLANK(A1424)),VLOOKUP(A1424,'BBT3'!A:F,3,0),"") | D1424: =IF(NOT(ISBLANK(A1424)),VLOOKUP(A1424,'BBT3'!A:F,4,1),"") | E1424: =IF(NOT(ISBLANK(A1424)),VLOOKUP(A1424,'BBT3'!A:F,5,0),"") | F1424: =IF(NOT(ISBLANK(A1424)),VLOOKUP(A1424,'BBT3'!A:F,6,0),"") | G1424: =IF(NOT(ISBLANK(A1424)),VLOOKUP(A1424,QW_Close!A:J,5,0),"") | H1424: {=IF(NOT(ISBLANK(A1424)),((_xlfn.XLOOKUP(1,(_bbt3[[#All],[ID]]=A1424)*(_bbt3[[#All],[METRIC_NAME]]="YLD_YTM_ASK"),_bbt3[[#All],[METRIC_VALUE]])*0.5)+(_xlfn.XLOOKUP(1,(_bbt3[[#All],[ID]]=A1424)*(_bbt3[[#All],[METRIC_NAME]]="YLD_YTM_BID"),_bbt3[[#All],[METRIC_VALUE]])*0.5))/100,"")} | I1424: =IF(ISNA(VLOOKUP(A1424,QW_CloseDL!A:E,5,0)),0,VLOOKUP(A1424,QW_CloseDL!A:E,5,0)) -> 0 | J1424: =IF(ISNA(IF(NOT(ISBLANK(A1424)),ABS(G1424-I1424),"")),0,(IF(NOT(ISBLANK(A1424)),ABS(G1424-I1424)*10000,""))) | P1424: 0 | S1424: =VLOOKUP(P1424,A:J,10,0) -> #N/A | T1424: =VLOOKUP(P1424,A:J,5,0) -> #N/A
B1425: =IF(NOT(ISBLANK(A1425)),VLOOKUP(A1425,'BBT3'!A:F,2,0),"") | C1425: =IF(NOT(ISBLANK(A1425)),VLOOKUP(A1425,'BBT3'!A:F,3,0),"") | D1425: =IF(NOT(ISBLANK(A1425)),VLOOKUP(A1425,'BBT3'!A:F,4,1),"") | E1425: =IF(NOT(ISBLANK(A1425)),VLOOKUP(A1425,'BBT3'!A:F,5,0),"") | F1425: =IF(NOT(ISBLANK(A1425)),VLOOKUP(A1425,'BBT3'!A:F,6,0),"") | G1425: =IF(NOT(ISBLANK(A1425)),VLOOKUP(A1425,QW_Close!A:J,5,0),"") | H1425: {=IF(NOT(ISBLANK(A1425)),((_xlfn.XLOOKUP(1,(_bbt3[[#All],[ID]]=A1425)*(_bbt3[[#All],[METRIC_NAME]]="YLD_YTM_ASK"),_bbt3[[#All],[METRIC_VALUE]])*0.5)+(_xlfn.XLOOKUP(1,(_bbt3[[#All],[ID]]=A1425)*(_bbt3[[#All],[METRIC_NAME]]="YLD_YTM_BID"),_bbt3[[#All],[METRIC_VALUE]])*0.5))/100,"")} | I1425: =IF(ISNA(VLOOKUP(A1425,QW_CloseDL!A:E,5,0)),0,VLOOKUP(A1425,QW_CloseDL!A:E,5,0)) -> 0 | J1425: =IF(ISNA(IF(NOT(ISBLANK(A1425)),ABS(G1425-I1425),"")),0,(IF(NOT(ISBLANK(A1425)),ABS(G1425-I1425)*10000,""))) | P1425: 0 | S1425: =VLOOKUP(P1425,A:J,10,0) -> #N/A | T1425: =VLOOKUP(P1425,A:J,5,0) -> #N/A
B1426: =IF(NOT(ISBLANK(A1426)),VLOOKUP(A1426,'BBT3'!A:F,2,0),"") | C1426: =IF(NOT(ISBLANK(A1426)),VLOOKUP(A1426,'BBT3'!A:F,3,0),"") | D1426: =IF(NOT(ISBLANK(A1426)),VLOOKUP(A1426,'BBT3'!A:F,4,1),"") | E1426: =IF(NOT(ISBLANK(A1426)),VLOOKUP(A1426,'BBT3'!A:F,5,0),"") | F1426: =IF(NOT(ISBLANK(A1426)),VLOOKUP(A1426,'BBT3'!A:F,6,0),"") | G1426: =IF(NOT(ISBLANK(A1426)),VLOOKUP(A1426,QW_Close!A:J,5,0),"") | H1426: {=IF(NOT(ISBLANK(A1426)),((_xlfn.XLOOKUP(1,(_bbt3[[#All],[ID]]=A1426)*(_bbt3[[#All],[METRIC_NAME]]="YLD_YTM_ASK"),_bbt3[[#All],[METRIC_VALUE]])*0.5)+(_xlfn.XLOOKUP(1,(_bbt3[[#All],[ID]]=A1426)*(_bbt3[[#All],[METRIC_NAME]]="YLD_YTM_BID"),_bbt3[[#All],[METRIC_VALUE]])*0.5))/100,"")} | I1426: =IF(ISNA(VLOOKUP(A1426,QW_CloseDL!A:E,5,0)),0,VLOOKUP(A1426,QW_CloseDL!A:E,5,0)) -> 0 | J1426: =IF(ISNA(IF(NOT(ISBLANK(A1426)),ABS(G1426-I1426),"")),0,(IF(NOT(ISBLANK(A1426)),ABS(G1426-I1426)*10000,""))) | P1426: 0 | S1426: =VLOOKUP(P1426,A:J,10,0) -> #N/A | T1426: =VLOOKUP(P1426,A:J,5,0) -> #N/A
... B1442: =IF(NOT(ISBLANK(A1442)),VLOOKUP(A1442,'BBT3'!A:F,2,0),"") | C1442: =IF(NOT(ISBLANK(A1442)),VLOOKUP(A1442,'BBT3'!A:F,3,0),"") | D1442: =IF(NOT(ISBLANK(A1442)),VLOOKUP(A1442,'BBT3'!A:F,4,1),"") | E1442: =IF(NOT(ISBLANK(A1442)),VLOOKUP(A1442,'BBT3'!A:F,5,0),"") | F1442: =IF(NOT(ISBLANK(A1442)),VLOOKUP(A1442,'BBT3'!A:F,6,0),"") | G1442: =IF(NOT(ISBLANK(A1442)),VLOOKUP(A1442,QW_Close!A:J,5,0),"") | H1442: {=IF(NOT(ISBLANK(A1442)),((_xlfn.XLOOKUP(1,(_bbt3[[#All],[ID]]=A1442)*(_bbt3[[#All],[METRIC_NAME]]="YLD_YTM_ASK"),_bbt3[[#All],[METRIC_VALUE]])*0.5)+(_xlfn.XLOOKUP(1,(_bbt3[[#All],[ID]]=A1442)*(_bbt3[[#All],[METRIC_NAME]]="YLD_YTM_BID"),_bbt3[[#All],[METRIC_VALUE]])*0.5))/100,"")} | I1442: =IF(ISNA(VLOOKUP(A1442,QW_CloseDL!A:E,5,0)),0,VLOOKUP(A1442,QW_CloseDL!A:E,5,0)) -> 0 | J1442: =IF(ISNA(IF(NOT(ISBLANK(A1442)),ABS(G1442-I1442),"")),0,(IF(NOT(ISBLANK(A1442)),ABS(G1442-I1442)*10000,""))) | P1442: 0 | S1442: =VLOOKUP(P1442,A:J,10,0) -> #N/A | T1442: =VLOOKUP(P1442,A:J,5,0) -> #N/A
B1443: =IF(NOT(ISBLANK(A1443)),VLOOKUP(A1443,'BBT3'!A:F,2,0),"") | C1443: =IF(NOT(ISBLANK(A1443)),VLOOKUP(A1443,'BBT3'!A:F,3,0),"") | D1443: =IF(NOT(ISBLANK(A1443)),VLOOKUP(A1443,'BBT3'!A:F,4,1),"") | E1443: =IF(NOT(ISBLANK(A1443)),VLOOKUP(A1443,'BBT3'!A:F,5,0),"") | F1443: =IF(NOT(ISBLANK(A1443)),VLOOKUP(A1443,'BBT3'!A:F,6,0),"") | G1443: =IF(NOT(ISBLANK(A1443)),VLOOKUP(A1443,QW_Close!A:J,5,0),"") | H1443: {=IF(NOT(ISBLANK(A1443)),((_xlfn.XLOOKUP(1,(_bbt3[[#All],[ID]]=A1443)*(_bbt3[[#All],[METRIC_NAME]]="YLD_YTM_ASK"),_bbt3[[#All],[METRIC_VALUE]])*0.5)+(_xlfn.XLOOKUP(1,(_bbt3[[#All],[ID]]=A1443)*(_bbt3[[#All],[METRIC_NAME]]="YLD_YTM_BID"),_bbt3[[#All],[METRIC_VALUE]])*0.5))/100,"")} | I1443: =IF(ISNA(VLOOKUP(A1443,QW_CloseDL!A:E,5,0)),0,VLOOKUP(A1443,QW_CloseDL!A:E,5,0)) -> 0 | J1443: =IF(ISNA(IF(NOT(ISBLANK(A1443)),ABS(G1443-I1443),"")),0,(IF(NOT(ISBLANK(A1443)),ABS(G1443-I1443)*10000,""))) | S1443: =VLOOKUP(P1443,A:J,10,0) -> #N/A | T1443: =VLOOKUP(P1443,A:J,5,0) -> #N/A
B1444: =IF(NOT(ISBLANK(A1444)),VLOOKUP(A1444,'BBT3'!A:F,2,0),"") | C1444: =IF(NOT(ISBLANK(A1444)),VLOOKUP(A1444,'BBT3'!A:F,3,0),"") | D1444: =IF(NOT(ISBLANK(A1444)),VLOOKUP(A1444,'BBT3'!A:F,4,1),"") | E1444: =IF(NOT(ISBLANK(A1444)),VLOOKUP(A1444,'BBT3'!A:F,5,0),"") | F1444: =IF(NOT(ISBLANK(A1444)),VLOOKUP(A1444,'BBT3'!A:F,6,0),"") | G1444: =IF(NOT(ISBLANK(A1444)),VLOOKUP(A1444,QW_Close!A:J,5,0),"") | H1444: {=IF(NOT(ISBLANK(A1444)),((_xlfn.XLOOKUP(1,(_bbt3[[#All],[ID]]=A1444)*(_bbt3[[#All],[METRIC_NAME]]="YLD_YTM_ASK"),_bbt3[[#All],[METRIC_VALUE]])*0.5)+(_xlfn.XLOOKUP(1,(_bbt3[[#All],[ID]]=A1444)*(_bbt3[[#All],[METRIC_NAME]]="YLD_YTM_BID"),_bbt3[[#All],[METRIC_VALUE]])*0.5))/100,"")} | I1444: =IF(ISNA(VLOOKUP(A1444,QW_CloseDL!A:E,5,0)),0,VLOOKUP(A1444,QW_CloseDL!A:E,5,0)) -> 0 | J1444: =IF(ISNA(IF(NOT(ISBLANK(A1444)),ABS(G1444-I1444),"")),0,(IF(NOT(ISBLANK(A1444)),ABS(G1444-I1444)*10000,""))) | S1444: =VLOOKUP(P1444,A:J,10,0) -> #N/A | T1444: =VLOOKUP(P1444,A:J,5,0) -> #N/A
B1445: =IF(NOT(ISBLANK(A1445)),VLOOKUP(A1445,'BBT3'!A:F,2,0),"") | C1445: =IF(NOT(ISBLANK(A1445)),VLOOKUP(A1445,'BBT3'!A:F,3,0),"") | D1445: =IF(NOT(ISBLANK(A1445)),VLOOKUP(A1445,'BBT3'!A:F,4,1),"") | E1445: =IF(NOT(ISBLANK(A1445)),VLOOKUP(A1445,'BBT3'!A:F,5,0),"") | F1445: =IF(NOT(ISBLANK(A1445)),VLOOKUP(A1445,'BBT3'!A:F,6,0),"") | G1445: =IF(NOT(ISBLANK(A1445)),VLOOKUP(A1445,QW_Close!A:J,5,0),"") | H1445: {=IF(NOT(ISBLANK(A1445)),((_xlfn.XLOOKUP(1,(_bbt3[[#All],[ID]]=A1445)*(_bbt3[[#All],[METRIC_NAME]]="YLD_YTM_ASK"),_bbt3[[#All],[METRIC_VALUE]])*0.5)+(_xlfn.XLOOKUP(1,(_bbt3[[#All],[ID]]=A1445)*(_bbt3[[#All],[METRIC_NAME]]="YLD_YTM_BID"),_bbt3[[#All],[METRIC_VALUE]])*0.5))/100,"")} | I1445: =IF(ISNA(VLOOKUP(A1445,QW_CloseDL!A:E,5,0)),0,VLOOKUP(A1445,QW_CloseDL!A:E,5,0)) -> 0 | J1445: =IF(ISNA(IF(NOT(ISBLANK(A1445)),ABS(G1445-I1445),"")),0,(IF(NOT(ISBLANK(A1445)),ABS(G1445-I1445)*10000,""))) | S1445: =VLOOKUP(P1445,A:J,10,0) -> #N/A | T1445: =VLOOKUP(P1445,A:J,5,0) -> #N/A
B1446: =IF(NOT(ISBLANK(A1446)),VLOOKUP(A1446,'BBT3'!A:F,2,0),"") | C1446: =IF(NOT(ISBLANK(A1446)),VLOOKUP(A1446,'BBT3'!A:F,3,0),"") | D1446: =IF(NOT(ISBLANK(A1446)),VLOOKUP(A1446,'BBT3'!A:F,4,1),"") | E1446: =IF(NOT(ISBLANK(A1446)),VLOOKUP(A1446,'BBT3'!A:F,5,0),"") | F1446: =IF(NOT(ISBLANK(A1446)),VLOOKUP(A1446,'BBT3'!A:F,6,0),"") | G1446: =IF(NOT(ISBLANK(A1446)),VLOOKUP(A1446,QW_Close!A:J,5,0),"") | H1446: {=IF(NOT(ISBLANK(A1446)),((_xlfn.XLOOKUP(1,(_bbt3[[#All],[ID]]=A1446)*(_bbt3[[#All],[METRIC_NAME]]="YLD_YTM_ASK"),_bbt3[[#All],[METRIC_VALUE]])*0.5)+(_xlfn.XLOOKUP(1,(_bbt3[[#All],[ID]]=A1446)*(_bbt3[[#All],[METRIC_NAME]]="YLD_YTM_BID"),_bbt3[[#All],[METRIC_VALUE]])*0.5))/100,"")} | I1446: =IF(ISNA(VLOOKUP(A1446,QW_CloseDL!A:E,5,0)),0,VLOOKUP(A1446,QW_CloseDL!A:E,5,0)) -> 0 | J1446: =IF(ISNA(IF(NOT(ISBLANK(A1446)),ABS(G1446-I1446),"")),0,(IF(NOT(ISBLANK(A1446)),ABS(G1446-I1446)*10000,""))) | S1446: =VLOOKUP(P1446,A:J,10,0) -> #N/A | T1446: =VLOOKUP(P1446,A:J,5,0) -> #N/A
B1447: =IF(NOT(ISBLANK(A1447)),VLOOKUP(A1447,'BBT3'!A:F,2,0),"") | C1447: =IF(NOT(ISBLANK(A1447)),VLOOKUP(A1447,'BBT3'!A:F,3,0),"") | D1447: =IF(NOT(ISBLANK(A1447)),VLOOKUP(A1447,'BBT3'!A:F,4,1),"") | E1447: =IF(NOT(ISBLANK(A1447)),VLOOKUP(A1447,'BBT3'!A:F,5,0),"") | F1447: =IF(NOT(ISBLANK(A1447)),VLOOKUP(A1447,'BBT3'!A:F,6,0),"") | G1447: =IF(NOT(ISBLANK(A1447)),VLOOKUP(A1447,QW_Close!A:J,5,0),"") | H1447: {=IF(NOT(ISBLANK(A1447)),((_xlfn.XLOOKUP(1,(_bbt3[[#All],[ID]]=A1447)*(_bbt3[[#All],[METRIC_NAME]]="YLD_YTM_ASK"),_bbt3[[#All],[METRIC_VALUE]])*0.5)+(_xlfn.XLOOKUP(1,(_bbt3[[#All],[ID]]=A1447)*(_bbt3[[#All],[METRIC_NAME]]="YLD_YTM_BID"),_bbt3[[#All],[METRIC_VALUE]])*0.5))/100,"")} | I1447: =IF(ISNA(VLOOKUP(A1447,QW_CloseDL!A:E,5,0)),0,VLOOKUP(A1447,QW_CloseDL!A:E,5,0)) -> 0 | J1447: =IF(ISNA(IF(NOT(ISBLANK(A1447)),ABS(G1447-I1447),"")),0,(IF(NOT(ISBLANK(A1447)),ABS(G1447-I1447)*10000,""))) | S1447: =VLOOKUP(P1447,A:J,10,0) -> #N/A | T1447: =VLOOKUP(P1447,A:J,5,0) -> #N/A
B1448: =IF(NOT(ISBLANK(A1448)),VLOOKUP(A1448,'BBT3'!A:F,2,0),"") | C1448: =IF(NOT(ISBLANK(A1448)),VLOOKUP(A1448,'BBT3'!A:F,3,0),"") | D1448: =IF(NOT(ISBLANK(A1448)),VLOOKUP(A1448,'BBT3'!A:F,4,1),"") | E1448: =IF(NOT(ISBLANK(A1448)),VLOOKUP(A1448,'BBT3'!A:F,5,0),"") | F1448: =IF(NOT(ISBLANK(A1448)),VLOOKUP(A1448,'BBT3'!A:F,6,0),"") | G1448: =IF(NOT(ISBLANK(A1448)),VLOOKUP(A1448,QW_Close!A:J,5,0),"") | H1448: {=IF(NOT(ISBLANK(A1448)),((_xlfn.XLOOKUP(1,(_bbt3[[#All],[ID]]=A1448)*(_bbt3[[#All],[METRIC_NAME]]="YLD_YTM_ASK"),_bbt3[[#All],[METRIC_VALUE]])*0.5)+(_xlfn.XLOOKUP(1,(_bbt3[[#All],[ID]]=A1448)*(_bbt3[[#All],[METRIC_NAME]]="YLD_YTM_BID"),_bbt3[[#All],[METRIC_VALUE]])*0.5))/100,"")} | I1448: =IF(ISNA(VLOOKUP(A1448,QW_CloseDL!A:E,5,0)),0,VLOOKUP(A1448,QW_CloseDL!A:E,5,0)) -> 0 | J1448: =IF(ISNA(IF(NOT(ISBLANK(A1448)),ABS(G1448-I1448),"")),0,(IF(NOT(ISBLANK(A1448)),ABS(G1448-I1448)*10000,""))) | S1448: =VLOOKUP(P1448,A:J,10,0) -> #N/A | T1448: =VLOOKUP(P1448,A:J,5,0) -> #N/A
B1449: =IF(NOT(ISBLANK(A1449)),VLOOKUP(A1449,'BBT3'!A:F,2,0),"") | C1449: =IF(NOT(ISBLANK(A1449)),VLOOKUP(A1449,'BBT3'!A:F,3,0),"") | D1449: =IF(NOT(ISBLANK(A1449)),VLOOKUP(A1449,'BBT3'!A:F,4,1),"") | E1449: =IF(NOT(ISBLANK(A1449)),VLOOKUP(A1449,'BBT3'!A:F,5,0),"") | F1449: =IF(NOT(ISBLANK(A1449)),VLOOKUP(A1449,'BBT3'!A:F,6,0),"") | G1449: =IF(NOT(ISBLANK(A1449)),VLOOKUP(A1449,QW_Close!A:J,5,0),"") | H1449: {=IF(NOT(ISBLANK(A1449)),((_xlfn.XLOOKUP(1,(_bbt3[[#All],[ID]]=A1449)*(_bbt3[[#All],[METRIC_NAME]]="YLD_YTM_ASK"),_bbt3[[#All],[METRIC_VALUE]])*0.5)+(_xlfn.XLOOKUP(1,(_bbt3[[#All],[ID]]=A1449)*(_bbt3[[#All],[METRIC_NAME]]="YLD_YTM_BID"),_bbt3[[#All],[METRIC_VALUE]])*0.5))/100,"")} | I1449: =IF(ISNA(VLOOKUP(A1449,QW_CloseDL!A:E,5,0)),0,VLOOKUP(A1449,QW_CloseDL!A:E,5,0)) -> 0 | J1449: =IF(ISNA(IF(NOT(ISBLANK(A1449)),ABS(G1449-I1449),"")),0,(IF(NOT(ISBLANK(A1449)),ABS(G1449-I1449)*10000,""))) | S1449: =VLOOKUP(P1449,A:J,10,0) -> #N/A | T1449: =VLOOKUP(P1449,A:J,5,0) -> #N/A
B1450: =IF(NOT(ISBLANK(A1450)),VLOOKUP(A1450,'BBT3'!A:F,2,0),"") | C1450: =IF(NOT(ISBLANK(A1450)),VLOOKUP(A1450,'BBT3'!A:F,3,0),"") | D1450: =IF(NOT(ISBLANK(A1450)),VLOOKUP(A1450,'BBT3'!A:F,4,1),"") | E1450: =IF(NOT(ISBLANK(A1450)),VLOOKUP(A1450,'BBT3'!A:F,5,0),"") | F1450: =IF(NOT(ISBLANK(A1450)),VLOOKUP(A1450,'BBT3'!A:F,6,0),"") | G1450: =IF(NOT(ISBLANK(A1450)),VLOOKUP(A1450,QW_Close!A:J,5,0),"") | H1450: {=IF(NOT(ISBLANK(A1450)),((_xlfn.XLOOKUP(1,(_bbt3[[#All],[ID]]=A1450)*(_bbt3[[#All],[METRIC_NAME]]="YLD_YTM_ASK"),_bbt3[[#All],[METRIC_VALUE]])*0.5)+(_xlfn.XLOOKUP(1,(_bbt3[[#All],[ID]]=A1450)*(_bbt3[[#All],[METRIC_NAME]]="YLD_YTM_BID"),_bbt3[[#All],[METRIC_VALUE]])*0.5))/100,"")} | I1450: =IF(ISNA(VLOOKUP(A1450,QW_CloseDL!A:E,5,0)),0,VLOOKUP(A1450,QW_CloseDL!A:E,5,0)) -> 0 | J1450: =IF(ISNA(IF(NOT(ISBLANK(A1450)),ABS(G1450-I1450),"")),0,(IF(NOT(ISBLANK(A1450)),ABS(G1450-I1450)*10000,""))) | S1450: =VLOOKUP(P1450,A:J,10,0) -> #N/A | T1450: =VLOOKUP(P1450,A:J,5,0) -> #N/A
B1451: =IF(NOT(ISBLANK(A1451)),VLOOKUP(A1451,'BBT3'!A:F,2,0),"") | C1451: =IF(NOT(ISBLANK(A1451)),VLOOKUP(A1451,'BBT3'!A:F,3,0),"") | D1451: =IF(NOT(ISBLANK(A1451)),VLOOKUP(A1451,'BBT3'!A:F,4,1),"") | E1451: =IF(NOT(ISBLANK(A1451)),VLOOKUP(A1451,'BBT3'!A:F,5,0),"") | F1451: =IF(NOT(ISBLANK(A1451)),VLOOKUP(A1451,'BBT3'!A:F,6,0),"") | G1451: =IF(NOT(ISBLANK(A1451)),VLOOKUP(A1451,QW_Close!A:J,5,0),"") | H1451: {=IF(NOT(ISBLANK(A1451)),((_xlfn.XLOOKUP(1,(_bbt3[[#All],[ID]]=A1451)*(_bbt3[[#All],[METRIC_NAME]]="YLD_YTM_ASK"),_bbt3[[#All],[METRIC_VALUE]])*0.5)+(_xlfn.XLOOKUP(1,(_bbt3[[#All],[ID]]=A1451)*(_bbt3[[#All],[METRIC_NAME]]="YLD_YTM_BID"),_bbt3[[#All],[METRIC_VALUE]])*0.5))/100,"")} | I1451: =IF(ISNA(VLOOKUP(A1451,QW_CloseDL!A:E,5,0)),0,VLOOKUP(A1451,QW_CloseDL!A:E,5,0)) -> 0 | J1451: =IF(ISNA(IF(NOT(ISBLANK(A1451)),ABS(G1451-I1451),"")),0,(IF(NOT(ISBLANK(A1451)),ABS(G1451-I1451)*10000,""))) | S1451: =VLOOKUP(P1451,A:J,10,0) -> #N/A | T1451: =VLOOKUP(P1451,A:J,5,0) -> #N/A
B1452: =IF(NOT(ISBLANK(A1452)),VLOOKUP(A1452,'BBT3'!A:F,2,0),"") | C1452: =IF(NOT(ISBLANK(A1452)),VLOOKUP(A1452,'BBT3'!A:F,3,0),"") | D1452: =IF(NOT(ISBLANK(A1452)),VLOOKUP(A1452,'BBT3'!A:F,4,1),"") | E1452: =IF(NOT(ISBLANK(A1452)),VLOOKUP(A1452,'BBT3'!A:F,5,0),"") | F1452: =IF(NOT(ISBLANK(A1452)),VLOOKUP(A1452,'BBT3'!A:F,6,0),"") | G1452: =IF(NOT(ISBLANK(A1452)),VLOOKUP(A1452,QW_Close!A:J,5,0),"") | H1452: {=IF(NOT(ISBLANK(A1452)),((_xlfn.XLOOKUP(1,(_bbt3[[#All],[ID]]=A1452)*(_bbt3[[#All],[METRIC_NAME]]="YLD_YTM_ASK"),_bbt3[[#All],[METRIC_VALUE]])*0.5)+(_xlfn.XLOOKUP(1,(_bbt3[[#All],[ID]]=A1452)*(_bbt3[[#All],[METRIC_NAME]]="YLD_YTM_BID"),_bbt3[[#All],[METRIC_VALUE]])*0.5))/100,"")} | I1452: =IF(ISNA(VLOOKUP(A1452,QW_CloseDL!A:E,5,0)),0,VLOOKUP(A1452,QW_CloseDL!A:E,5,0)) -> 0 | J1452: =IF(ISNA(IF(NOT(ISBLANK(A1452)),ABS(G1452-I1452),"")),0,(IF(NOT(ISBLANK(A1452)),ABS(G1452-I1452)*10000,""))) | S1452: =VLOOKUP(P1452,A:J,10,0) -> #N/A | T1452: =VLOOKUP(P1452,A:J,5,0) -> #N/A
B1453: =IF(NOT(ISBLANK(A1453)),VLOOKUP(A1453,'BBT3'!A:F,2,0),"") | C1453: =IF(NOT(ISBLANK(A1453)),VLOOKUP(A1453,'BBT3'!A:F,3,0),"") | D1453: =IF(NOT(ISBLANK(A1453)),VLOOKUP(A1453,'BBT3'!A:F,4,1),"") | E1453: =IF(NOT(ISBLANK(A1453)),VLOOKUP(A1453,'BBT3'!A:F,5,0),"") | F1453: =IF(NOT(ISBLANK(A1453)),VLOOKUP(A1453,'BBT3'!A:F,6,0),"") | G1453: =IF(NOT(ISBLANK(A1453)),VLOOKUP(A1453,QW_Close!A:J,5,0),"") | H1453: {=IF(NOT(ISBLANK(A1453)),((_xlfn.XLOOKUP(1,(_bbt3[[#All],[ID]]=A1453)*(_bbt3[[#All],[METRIC_NAME]]="YLD_YTM_ASK"),_bbt3[[#All],[METRIC_VALUE]])*0.5)+(_xlfn.XLOOKUP(1,(_bbt3[[#All],[ID]]=A1453)*(_bbt3[[#All],[METRIC_NAME]]="YLD_YTM_BID"),_bbt3[[#All],[METRIC_VALUE]])*0.5))/100,"")} | I1453: =IF(ISNA(VLOOKUP(A1453,QW_CloseDL!A:E,5,0)),0,VLOOKUP(A1453,QW_CloseDL!A:E,5,0)) -> 0 | J1453: =IF(ISNA(IF(NOT(ISBLANK(A1453)),ABS(G1453-I1453),"")),0,(IF(NOT(ISBLANK(A1453)),ABS(G1453-I1453)*10000,""))) | T1453: =VLOOKUP(P1453,A:J,5,0) -> #N/A
B1454: =IF(NOT(ISBLANK(A1454)),VLOOKUP(A1454,'BBT3'!A:F,2,0),"") | C1454: =IF(NOT(ISBLANK(A1454)),VLOOKUP(A1454,'BBT3'!A:F,3,0),"") | D1454: =IF(NOT(ISBLANK(A1454)),VLOOKUP(A1454,'BBT3'!A:F,4,1),"") | E1454: =IF(NOT(ISBLANK(A1454)),VLOOKUP(A1454,'BBT3'!A:F,5,0),"") | F1454: =IF(NOT(ISBLANK(A1454)),VLOOKUP(A1454,'BBT3'!A:F,6,0),"") | G1454: =IF(NOT(ISBLANK(A1454)),VLOOKUP(A1454,QW_Close!A:J,5,0),"") | H1454: {=IF(NOT(ISBLANK(A1454)),((_xlfn.XLOOKUP(1,(_bbt3[[#All],[ID]]=A1454)*(_bbt3[[#All],[METRIC_NAME]]="YLD_YTM_ASK"),_bbt3[[#All],[METRIC_VALUE]])*0.5)+(_xlfn.XLOOKUP(1,(_bbt3[[#All],[ID]]=A1454)*(_bbt3[[#All],[METRIC_NAME]]="YLD_YTM_BID"),_bbt3[[#All],[METRIC_VALUE]])*0.5))/100,"")} | I1454: =IF(ISNA(VLOOKUP(A1454,QW_CloseDL!A:E,5,0)),0,VLOOKUP(A1454,QW_CloseDL!A:E,5,0)) -> 0 | J1454: =IF(ISNA(IF(NOT(ISBLANK(A1454)),ABS(G1454-I1454),"")),0,(IF(NOT(ISBLANK(A1454)),ABS(G1454-I1454)*10000,""))) | T1454: =VLOOKUP(P1454,A:J,5,0) -> #N/A
B1455: =IF(NOT(ISBLANK(A1455)),VLOOKUP(A1455,'BBT3'!A:F,2,0),"") | C1455: =IF(NOT(ISBLANK(A1455)),VLOOKUP(A1455,'BBT3'!A:F,3,0),"") | D1455: =IF(NOT(ISBLANK(A1455)),VLOOKUP(A1455,'BBT3'!A:F,4,1),"") | E1455: =IF(NOT(ISBLANK(A1455)),VLOOKUP(A1455,'BBT3'!A:F,5,0),"") | F1455: =IF(NOT(ISBLANK(A1455)),VLOOKUP(A1455,'BBT3'!A:F,6,0),"") | G1455: =IF(NOT(ISBLANK(A1455)),VLOOKUP(A1455,QW_Close!A:J,5,0),"") | H1455: {=IF(NOT(ISBLANK(A1455)),((_xlfn.XLOOKUP(1,(_bbt3[[#All],[ID]]=A1455)*(_bbt3[[#All],[METRIC_NAME]]="YLD_YTM_ASK"),_bbt3[[#All],[METRIC_VALUE]])*0.5)+(_xlfn.XLOOKUP(1,(_bbt3[[#All],[ID]]=A1455)*(_bbt3[[#All],[METRIC_NAME]]="YLD_YTM_BID"),_bbt3[[#All],[METRIC_VALUE]])*0.5))/100,"")} | I1455: =IF(ISNA(VLOOKUP(A1455,QW_CloseDL!A:E,5,0)),0,VLOOKUP(A1455,QW_CloseDL!A:E,5,0)) -> 0 | J1455: =IF(ISNA(IF(NOT(ISBLANK(A1455)),ABS(G1455-I1455),"")),0,(IF(NOT(ISBLANK(A1455)),ABS(G1455-I1455)*10000,""))) | T1455: =VLOOKUP(P1455,A:J,5,0) -> #N/A
B1456: =IF(NOT(ISBLANK(A1456)),VLOOKUP(A1456,'BBT3'!A:F,2,0),"") | C1456: =IF(NOT(ISBLANK(A1456)),VLOOKUP(A1456,'BBT3'!A:F,3,0),"") | D1456: =IF(NOT(ISBLANK(A1456)),VLOOKUP(A1456,'BBT3'!A:F,4,1),"") | E1456: =IF(NOT(ISBLANK(A1456)),VLOOKUP(A1456,'BBT3'!A:F,5,0),"") | F1456: =IF(NOT(ISBLANK(A1456)),VLOOKUP(A1456,'BBT3'!A:F,6,0),"") | G1456: =IF(NOT(ISBLANK(A1456)),VLOOKUP(A1456,QW_Close!A:J,5,0),"") | H1456: {=IF(NOT(ISBLANK(A1456)),((_xlfn.XLOOKUP(1,(_bbt3[[#All],[ID]]=A1456)*(_bbt3[[#All],[METRIC_NAME]]="YLD_YTM_ASK"),_bbt3[[#All],[METRIC_VALUE]])*0.5)+(_xlfn.XLOOKUP(1,(_bbt3[[#All],[ID]]=A1456)*(_bbt3[[#All],[METRIC_NAME]]="YLD_YTM_BID"),_bbt3[[#All],[METRIC_VALUE]])*0.5))/100,"")} | I1456: =IF(ISNA(VLOOKUP(A1456,QW_CloseDL!A:E,5,0)),0,VLOOKUP(A1456,QW_CloseDL!A:E,5,0)) -> 0 | J1456: =IF(ISNA(IF(NOT(ISBLANK(A1456)),ABS(G1456-I1456),"")),0,(IF(NOT(ISBLANK(A1456)),ABS(G1456-I1456)*10000,""))) | T1456: =VLOOKUP(P1456,A:J,5,0) -> #N/A
B1457: =IF(NOT(ISBLANK(A1457)),VLOOKUP(A1457,'BBT3'!A:F,2,0),"") | C1457: =IF(NOT(ISBLANK(A1457)),VLOOKUP(A1457,'BBT3'!A:F,3,0),"") | D1457: =IF(NOT(ISBLANK(A1457)),VLOOKUP(A1457,'BBT3'!A:F,4,1),"") | E1457: =IF(NOT(ISBLANK(A1457)),VLOOKUP(A1457,'BBT3'!A:F,5,0),"") | F1457: =IF(NOT(ISBLANK(A1457)),VLOOKUP(A1457,'BBT3'!A:F,6,0),"") | G1457: =IF(NOT(ISBLANK(A1457)),VLOOKUP(A1457,QW_Close!A:J,5,0),"") | H1457: {=IF(NOT(ISBLANK(A1457)),((_xlfn.XLOOKUP(1,(_bbt3[[#All],[ID]]=A1457)*(_bbt3[[#All],[METRIC_NAME]]="YLD_YTM_ASK"),_bbt3[[#All],[METRIC_VALUE]])*0.5)+(_xlfn.XLOOKUP(1,(_bbt3[[#All],[ID]]=A1457)*(_bbt3[[#All],[METRIC_NAME]]="YLD_YTM_BID"),_bbt3[[#All],[METRIC_VALUE]])*0.5))/100,"")} | I1457: =IF(ISNA(VLOOKUP(A1457,QW_CloseDL!A:E,5,0)),0,VLOOKUP(A1457,QW_CloseDL!A:E,5,0)) -> 0 | J1457: =IF(ISNA(IF(NOT(ISBLANK(A1457)),ABS(G1457-I1457),"")),0,(IF(NOT(ISBLANK(A1457)),ABS(G1457-I1457)*10000,""))) | T1457: =VLOOKUP(P1457,A:J,5,0) -> #N/A
B1458: =IF(NOT(ISBLANK(A1458)),VLOOKUP(A1458,'BBT3'!A:F,2,0),"") | C1458: =IF(NOT(ISBLANK(A1458)),VLOOKUP(A1458,'BBT3'!A:F,3,0),"") | D1458: =IF(NOT(ISBLANK(A1458)),VLOOKUP(A1458,'BBT3'!A:F,4,1),"") | E1458: =IF(NOT(ISBLANK(A1458)),VLOOKUP(A1458,'BBT3'!A:F,5,0),"") | F1458: =IF(NOT(ISBLANK(A1458)),VLOOKUP(A1458,'BBT3'!A:F,6,0),"") | G1458: =IF(NOT(ISBLANK(A1458)),VLOOKUP(A1458,QW_Close!A:J,5,0),"") | H1458: {=IF(NOT(ISBLANK(A1458)),((_xlfn.XLOOKUP(1,(_bbt3[[#All],[ID]]=A1458)*(_bbt3[[#All],[METRIC_NAME]]="YLD_YTM_ASK"),_bbt3[[#All],[METRIC_VALUE]])*0.5)+(_xlfn.XLOOKUP(1,(_bbt3[[#All],[ID]]=A1458)*(_bbt3[[#All],[METRIC_NAME]]="YLD_YTM_BID"),_bbt3[[#All],[METRIC_VALUE]])*0.5))/100,"")} | I1458: =IF(ISNA(VLOOKUP(A1458,QW_CloseDL!A:E,5,0)),0,VLOOKUP(A1458,QW_CloseDL!A:E,5,0)) -> 0 | J1458: =IF(ISNA(IF(NOT(ISBLANK(A1458)),ABS(G1458-I1458),"")),0,(IF(NOT(ISBLANK(A1458)),ABS(G1458-I1458)*10000,""))) | T1458: =VLOOKUP(P1458,A:J,5,0) -> #N/A
B1459: =IF(NOT(ISBLANK(A1459)),VLOOKUP(A1459,'BBT3'!A:F,2,0),"") | C1459: =IF(NOT(ISBLANK(A1459)),VLOOKUP(A1459,'BBT3'!A:F,3,0),"") | D1459: =IF(NOT(ISBLANK(A1459)),VLOOKUP(A1459,'BBT3'!A:F,4,1),"") | E1459: =IF(NOT(ISBLANK(A1459)),VLOOKUP(A1459,'BBT3'!A:F,5,0),"") | F1459: =IF(NOT(ISBLANK(A1459)),VLOOKUP(A1459,'BBT3'!A:F,6,0),"") | G1459: =IF(NOT(ISBLANK(A1459)),VLOOKUP(A1459,QW_Close!A:J,5,0),"") | H1459: {=IF(NOT(ISBLANK(A1459)),((_xlfn.XLOOKUP(1,(_bbt3[[#All],[ID]]=A1459)*(_bbt3[[#All],[METRIC_NAME]]="YLD_YTM_ASK"),_bbt3[[#All],[METRIC_VALUE]])*0.5)+(_xlfn.XLOOKUP(1,(_bbt3[[#All],[ID]]=A1459)*(_bbt3[[#All],[METRIC_NAME]]="YLD_YTM_BID"),_bbt3[[#All],[METRIC_VALUE]])*0.5))/100,"")} | I1459: =IF(ISNA(VLOOKUP(A1459,QW_CloseDL!A:E,5,0)),0,VLOOKUP(A1459,QW_CloseDL!A:E,5,0)) -> 0 | J1459: =IF(ISNA(IF(NOT(ISBLANK(A1459)),ABS(G1459-I1459),"")),0,(IF(NOT(ISBLANK(A1459)),ABS(G1459-I1459)*10000,"")))
B1460: =IF(NOT(ISBLANK(A1460)),VLOOKUP(A1460,'BBT3'!A:F,2,0),"") | C1460: =IF(NOT(ISBLANK(A1460)),VLOOKUP(A1460,'BBT3'!A:F,3,0),"") | D1460: =IF(NOT(ISBLANK(A1460)),VLOOKUP(A1460,'BBT3'!A:F,4,1),"") | E1460: =IF(NOT(ISBLANK(A1460)),VLOOKUP(A1460,'BBT3'!A:F,5,0),"") | F1460: =IF(NOT(ISBLANK(A1460)),VLOOKUP(A1460,'BBT3'!A:F,6,0),"") | G1460: =IF(NOT(ISBLANK(A1460)),VLOOKUP(A1460,QW_Close!A:J,5,0),"") | H1460: {=IF(NOT(ISBLANK(A1460)),((_xlfn.XLOOKUP(1,(_bbt3[[#All],[ID]]=A1460)*(_bbt3[[#All],[METRIC_NAME]]="YLD_YTM_ASK"),_bbt3[[#All],[METRIC_VALUE]])*0.5)+(_xlfn.XLOOKUP(1,(_bbt3[[#All],[ID]]=A1460)*(_bbt3[[#All],[METRIC_NAME]]="YLD_YTM_BID"),_bbt3[[#All],[METRIC_VALUE]])*0.5))/100,"")} | I1460: =IF(ISNA(VLOOKUP(A1460,QW_CloseDL!A:E,5,0)),0,VLOOKUP(A1460,QW_CloseDL!A:E,5,0)) -> 0 | J1460: =IF(ISNA(IF(NOT(ISBLANK(A1460)),ABS(G1460-I1460),"")),0,(IF(NOT(ISBLANK(A1460)),ABS(G1460-I1460)*10000,"")))
B1461: =IF(NOT(ISBLANK(A1461)),VLOOKUP(A1461,'BBT3'!A:F,2,0),"") | C1461: =IF(NOT(ISBLANK(A1461)),VLOOKUP(A1461,'BBT3'!A:F,3,0),"") | D1461: =IF(NOT(ISBLANK(A1461)),VLOOKUP(A1461,'BBT3'!A:F,4,1),"") | E1461: =IF(NOT(ISBLANK(A1461)),VLOOKUP(A1461,'BBT3'!A:F,5,0),"") | F1461: =IF(NOT(ISBLANK(A1461)),VLOOKUP(A1461,'BBT3'!A:F,6,0),"") | G1461: =IF(NOT(ISBLANK(A1461)),VLOOKUP(A1461,QW_Close!A:J,5,0),"") | H1461: {=IF(NOT(ISBLANK(A1461)),((_xlfn.XLOOKUP(1,(_bbt3[[#All],[ID]]=A1461)*(_bbt3[[#All],[METRIC_NAME]]="YLD_YTM_ASK"),_bbt3[[#All],[METRIC_VALUE]])*0.5)+(_xlfn.XLOOKUP(1,(_bbt3[[#All],[ID]]=A1461)*(_bbt3[[#All],[METRIC_NAME]]="YLD_YTM_BID"),_bbt3[[#All],[METRIC_VALUE]])*0.5))/100,"")} | I1461: =IF(ISNA(VLOOKUP(A1461,QW_CloseDL!A:E,5,0)),0,VLOOKUP(A1461,QW_CloseDL!A:E,5,0)) -> 0 | J1461: =IF(ISNA(IF(NOT(ISBLANK(A1461)),ABS(G1461-I1461),"")),0,(IF(NOT(ISBLANK(A1461)),ABS(G1461-I1461)*10000,"")))
B1462: =IF(NOT(ISBLANK(A1462)),VLOOKUP(A1462,'BBT3'!A:F,2,0),"") | C1462: =IF(NOT(ISBLANK(A1462)),VLOOKUP(A1462,'BBT3'!A:F,3,0),"") | D1462: =IF(NOT(ISBLANK(A1462)),VLOOKUP(A1462,'BBT3'!A:F,4,1),"") | E1462: =IF(NOT(ISBLANK(A1462)),VLOOKUP(A1462,'BBT3'!A:F,5,0),"") | F1462: =IF(NOT(ISBLANK(A1462)),VLOOKUP(A1462,'BBT3'!A:F,6,0),"") | G1462: =IF(NOT(ISBLANK(A1462)),VLOOKUP(A1462,QW_Close!A:J,5,0),"") | H1462: {=IF(NOT(ISBLANK(A1462)),((_xlfn.XLOOKUP(1,(_bbt3[[#All],[ID]]=A1462)*(_bbt3[[#All],[METRIC_NAME]]="YLD_YTM_ASK"),_bbt3[[#All],[METRIC_VALUE]])*0.5)+(_xlfn.XLOOKUP(1,(_bbt3[[#All],[ID]]=A1462)*(_bbt3[[#All],[METRIC_NAME]]="YLD_YTM_BID"),_bbt3[[#All],[METRIC_VALUE]])*0.5))/100,"")} | I1462: =IF(ISNA(VLOOKUP(A1462,QW_CloseDL!A:E,5,0)),0,VLOOKUP(A1462,QW_CloseDL!A:E,5,0)) -> 0 | J1462: =IF(ISNA(IF(NOT(ISBLANK(A1462)),ABS(G1462-I1462),"")),0,(IF(NOT(ISBLANK(A1462)),ABS(G1462-I1462)*10000,"")))
B1463: =IF(NOT(ISBLANK(A1463)),VLOOKUP(A1463,'BBT3'!A:F,2,0),"") | C1463: =IF(NOT(ISBLANK(A1463)),VLOOKUP(A1463,'BBT3'!A:F,3,0),"") | D1463: =IF(NOT(ISBLANK(A1463)),VLOOKUP(A1463,'BBT3'!A:F,4,1),"") | E1463: =IF(NOT(ISBLANK(A1463)),VLOOKUP(A1463,'BBT3'!A:F,5,0),"") | F1463: =IF(NOT(ISBLANK(A1463)),VLOOKUP(A1463,'BBT3'!A:F,6,0),"") | G1463: =IF(NOT(ISBLANK(A1463)),VLOOKUP(A1463,QW_Close!A:J,5,0),"") | H1463: {=IF(NOT(ISBLANK(A1463)),((_xlfn.XLOOKUP(1,(_bbt3[[#All],[ID]]=A1463)*(_bbt3[[#All],[METRIC_NAME]]="YLD_YTM_ASK"),_bbt3[[#All],[METRIC_VALUE]])*0.5)+(_xlfn.XLOOKUP(1,(_bbt3[[#All],[ID]]=A1463)*(_bbt3[[#All],[METRIC_NAME]]="YLD_YTM_BID"),_bbt3[[#All],[METRIC_VALUE]])*0.5))/100,"")} | I1463: =IF(ISNA(VLOOKUP(A1463,QW_CloseDL!A:E,5,0)),0,VLOOKUP(A1463,QW_CloseDL!A:E,5,0)) -> 0 | J1463: =IF(ISNA(IF(NOT(ISBLANK(A1463)),ABS(G1463-I1463),"")),0,(IF(NOT(ISBLANK(A1463)),ABS(G1463-I1463)*10000,"")))
B1464: =IF(NOT(ISBLANK(A1464)),VLOOKUP(A1464,'BBT3'!A:F,2,0),"") | C1464: =IF(NOT(ISBLANK(A1464)),VLOOKUP(A1464,'BBT3'!A:F,3,0),"") | D1464: =IF(NOT(ISBLANK(A1464)),VLOOKUP(A1464,'BBT3'!A:F,4,1),"") | E1464: =IF(NOT(ISBLANK(A1464)),VLOOKUP(A1464,'BBT3'!A:F,5,0),"") | F1464: =IF(NOT(ISBLANK(A1464)),VLOOKUP(A1464,'BBT3'!A:F,6,0),"") | G1464: =IF(NOT(ISBLANK(A1464)),VLOOKUP(A1464,QW_Close!A:J,5,0),"") | H1464: {=IF(NOT(ISBLANK(A1464)),((_xlfn.XLOOKUP(1,(_bbt3[[#All],[ID]]=A1464)*(_bbt3[[#All],[METRIC_NAME]]="YLD_YTM_ASK"),_bbt3[[#All],[METRIC_VALUE]])*0.5)+(_xlfn.XLOOKUP(1,(_bbt3[[#All],[ID]]=A1464)*(_bbt3[[#All],[METRIC_NAME]]="YLD_YTM_BID"),_bbt3[[#All],[METRIC_VALUE]])*0.5))/100,"")} | I1464: =IF(ISNA(VLOOKUP(A1464,QW_CloseDL!A:E,5,0)),0,VLOOKUP(A1464,QW_CloseDL!A:E,5,0)) -> 0 | J1464: =IF(ISNA(IF(NOT(ISBLANK(A1464)),ABS(G1464-I1464),"")),0,(IF(NOT(ISBLANK(A1464)),ABS(G1464-I1464)*10000,"")))
B1465: =IF(NOT(ISBLANK(A1465)),VLOOKUP(A1465,'BBT3'!A:F,2,0),"") | C1465: =IF(NOT(ISBLANK(A1465)),VLOOKUP(A1465,'BBT3'!A:F,3,0),"") | D1465: =IF(NOT(ISBLANK(A1465)),VLOOKUP(A1465,'BBT3'!A:F,4,1),"") | E1465: =IF(NOT(ISBLANK(A1465)),VLOOKUP(A1465,'BBT3'!A:F,5,0),"") | F1465: =IF(NOT(ISBLANK(A1465)),VLOOKUP(A1465,'BBT3'!A:F,6,0),"") | G1465: =IF(NOT(ISBLANK(A1465)),VLOOKUP(A1465,QW_Close!A:J,5,0),"") | H1465: {=IF(NOT(ISBLANK(A1465)),((_xlfn.XLOOKUP(1,(_bbt3[[#All],[ID]]=A1465)*(_bbt3[[#All],[METRIC_NAME]]="YLD_YTM_ASK"),_bbt3[[#All],[METRIC_VALUE]])*0.5)+(_xlfn.XLOOKUP(1,(_bbt3[[#All],[ID]]=A1465)*(_bbt3[[#All],[METRIC_NAME]]="YLD_YTM_BID"),_bbt3[[#All],[METRIC_VALUE]])*0.5))/100,"")} | I1465: =IF(ISNA(VLOOKUP(A1465,QW_CloseDL!A:E,5,0)),0,VLOOKUP(A1465,QW_CloseDL!A:E,5,0)) -> 0 | J1465: =IF(ISNA(IF(NOT(ISBLANK(A1465)),ABS(G1465-I1465),"")),0,(IF(NOT(ISBLANK(A1465)),ABS(G1465-I1465)*10000,"")))
B1466: =IF(NOT(ISBLANK(A1466)),VLOOKUP(A1466,'BBT3'!A:F,2,0),"") | C1466: =IF(NOT(ISBLANK(A1466)),VLOOKUP(A1466,'BBT3'!A:F,3,0),"") | D1466: =IF(NOT(ISBLANK(A1466)),VLOOKUP(A1466,'BBT3'!A:F,4,1),"") | E1466: =IF(NOT(ISBLANK(A1466)),VLOOKUP(A1466,'BBT3'!A:F,5,0),"") | F1466: =IF(NOT(ISBLANK(A1466)),VLOOKUP(A1466,'BBT3'!A:F,6,0),"") | G1466: =IF(NOT(ISBLANK(A1466)),VLOOKUP(A1466,QW_Close!A:J,5,0),"") | H1466: {=IF(NOT(ISBLANK(A1466)),((_xlfn.XLOOKUP(1,(_bbt3[[#All],[ID]]=A1466)*(_bbt3[[#All],[METRIC_NAME]]="YLD_YTM_ASK"),_bbt3[[#All],[METRIC_VALUE]])*0.5)+(_xlfn.XLOOKUP(1,(_bbt3[[#All],[ID]]=A1466)*(_bbt3[[#All],[METRIC_NAME]]="YLD_YTM_BID"),_bbt3[[#All],[METRIC_VALUE]])*0.5))/100,"")} | I1466: =IF(ISNA(VLOOKUP(A1466,QW_CloseDL!A:E,5,0)),0,VLOOKUP(A1466,QW_CloseDL!A:E,5,0)) -> 0 | J1466: =IF(ISNA(IF(NOT(ISBLANK(A1466)),ABS(G1466-I1466),"")),0,(IF(NOT(ISBLANK(A1466)),ABS(G1466-I1466)*10000,"")))
B1467: =IF(NOT(ISBLANK(A1467)),VLOOKUP(A1467,'BBT3'!A:F,2,0),"") | C1467: =IF(NOT(ISBLANK(A1467)),VLOOKUP(A1467,'BBT3'!A:F,3,0),"") | D1467: =IF(NOT(ISBLANK(A1467)),VLOOKUP(A1467,'BBT3'!A:F,4,1),"") | E1467: =IF(NOT(ISBLANK(A1467)),VLOOKUP(A1467,'BBT3'!A:F,5,0),"") | F1467: =IF(NOT(ISBLANK(A1467)),VLOOKUP(A1467,'BBT3'!A:F,6,0),"") | G1467: =IF(NOT(ISBLANK(A1467)),VLOOKUP(A1467,QW_Close!A:J,5,0),"") | H1467: {=IF(NOT(ISBLANK(A1467)),((_xlfn.XLOOKUP(1,(_bbt3[[#All],[ID]]=A1467)*(_bbt3[[#All],[METRIC_NAME]]="YLD_YTM_ASK"),_bbt3[[#All],[METRIC_VALUE]])*0.5)+(_xlfn.XLOOKUP(1,(_bbt3[[#All],[ID]]=A1467)*(_bbt3[[#All],[METRIC_NAME]]="YLD_YTM_BID"),_bbt3[[#All],[METRIC_VALUE]])*0.5))/100,"")} | I1467: =IF(ISNA(VLOOKUP(A1467,QW_CloseDL!A:E,5,0)),0,VLOOKUP(A1467,QW_CloseDL!A:E,5,0)) -> 0 | J1467: =IF(ISNA(IF(NOT(ISBLANK(A1467)),ABS(G1467-I1467),"")),0,(IF(NOT(ISBLANK(A1467)),ABS(G1467-I1467)*10000,"")))
B1468: =IF(NOT(ISBLANK(A1468)),VLOOKUP(A1468,'BBT3'!A:F,2,0),"") | C1468: =IF(NOT(ISBLANK(A1468)),VLOOKUP(A1468,'BBT3'!A:F,3,0),"") | D1468: =IF(NOT(ISBLANK(A1468)),VLOOKUP(A1468,'BBT3'!A:F,4,1),"") | E1468: =IF(NOT(ISBLANK(A1468)),VLOOKUP(A1468,'BBT3'!A:F,5,0),"") | F1468: =IF(NOT(ISBLANK(A1468)),VLOOKUP(A1468,'BBT3'!A:F,6,0),"") | G1468: =IF(NOT(ISBLANK(A1468)),VLOOKUP(A1468,QW_Close!A:J,5,0),"") | H1468: {=IF(NOT(ISBLANK(A1468)),((_xlfn.XLOOKUP(1,(_bbt3[[#All],[ID]]=A1468)*(_bbt3[[#All],[METRIC_NAME]]="YLD_YTM_ASK"),_bbt3[[#All],[METRIC_VALUE]])*0.5)+(_xlfn.XLOOKUP(1,(_bbt3[[#All],[ID]]=A1468)*(_bbt3[[#All],[METRIC_NAME]]="YLD_YTM_BID"),_bbt3[[#All],[METRIC_VALUE]])*0.5))/100,"")} | I1468: =IF(ISNA(VLOOKUP(A1468,QW_CloseDL!A:E,5,0)),0,VLOOKUP(A1468,QW_CloseDL!A:E,5,0)) -> 0 | J1468: =IF(ISNA(IF(NOT(ISBLANK(A1468)),ABS(G1468-I1468),"")),0,(IF(NOT(ISBLANK(A1468)),ABS(G1468-I1468)*10000,"")))
B1469: =IF(NOT(ISBLANK(A1469)),VLOOKUP(A1469,'BBT3'!A:F,2,0),"") | C1469: =IF(NOT(ISBLANK(A1469)),VLOOKUP(A1469,'BBT3'!A:F,3,0),"") | D1469: =IF(NOT(ISBLANK(A1469)),VLOOKUP(A1469,'BBT3'!A:F,4,1),"") | E1469: =IF(NOT(ISBLANK(A1469)),VLOOKUP(A1469,'BBT3'!A:F,5,0),"") | F1469: =IF(NOT(ISBLANK(A1469)),VLOOKUP(A1469,'BBT3'!A:F,6,0),"") | G1469: =IF(NOT(ISBLANK(A1469)),VLOOKUP(A1469,QW_Close!A:J,5,0),"") | H1469: {=IF(NOT(ISBLANK(A1469)),((_xlfn.XLOOKUP(1,(_bbt3[[#All],[ID]]=A1469)*(_bbt3[[#All],[METRIC_NAME]]="YLD_YTM_ASK"),_bbt3[[#All],[METRIC_VALUE]])*0.5)+(_xlfn.XLOOKUP(1,(_bbt3[[#All],[ID]]=A1469)*(_bbt3[[#All],[METRIC_NAME]]="YLD_YTM_BID"),_bbt3[[#All],[METRIC_VALUE]])*0.5))/100,"")} | I1469: =IF(ISNA(VLOOKUP(A1469,QW_CloseDL!A:E,5,0)),0,VLOOKUP(A1469,QW_CloseDL!A:E,5,0)) -> 0 | J1469: =IF(ISNA(IF(NOT(ISBLANK(A1469)),ABS(G1469-I1469),"")),0,(IF(NOT(ISBLANK(A1469)),ABS(G1469-I1469)*10000,"")))
B1470: =IF(NOT(ISBLANK(A1470)),VLOOKUP(A1470,'BBT3'!A:F,2,0),"") | C1470: =IF(NOT(ISBLANK(A1470)),VLOOKUP(A1470,'BBT3'!A:F,3,0),"") | D1470: =IF(NOT(ISBLANK(A1470)),VLOOKUP(A1470,'BBT3'!A:F,4,1),"") | E1470: =IF(NOT(ISBLANK(A1470)),VLOOKUP(A1470,'BBT3'!A:F,5,0),"") | F1470: =IF(NOT(ISBLANK(A1470)),VLOOKUP(A1470,'BBT3'!A:F,6,0),"") | G1470: =IF(NOT(ISBLANK(A1470)),VLOOKUP(A1470,QW_Close!A:J,5,0),"") | H1470: {=IF(NOT(ISBLANK(A1470)),((_xlfn.XLOOKUP(1,(_bbt3[[#All],[ID]]=A1470)*(_bbt3[[#All],[METRIC_NAME]]="YLD_YTM_ASK"),_bbt3[[#All],[METRIC_VALUE]])*0.5)+(_xlfn.XLOOKUP(1,(_bbt3[[#All],[ID]]=A1470)*(_bbt3[[#All],[METRIC_NAME]]="YLD_YTM_BID"),_bbt3[[#All],[METRIC_VALUE]])*0.5))/100,"")} | I1470: =IF(ISNA(VLOOKUP(A1470,QW_CloseDL!A:E,5,0)),0,VLOOKUP(A1470,QW_CloseDL!A:E,5,0)) -> 0 | J1470: =IF(ISNA(IF(NOT(ISBLANK(A1470)),ABS(G1470-I1470),"")),0,(IF(NOT(ISBLANK(A1470)),ABS(G1470-I1470)*10000,"")))
... B2034: =IF(NOT(ISBLANK(A2034)),VLOOKUP(A2034,'BBT3'!A:F,2,0),"") | C2034: =IF(NOT(ISBLANK(A2034)),VLOOKUP(A2034,'BBT3'!A:F,3,0),"") | D2034: =IF(NOT(ISBLANK(A2034)),VLOOKUP(A2034,'BBT3'!A:F,4,1),"") | E2034: =IF(NOT(ISBLANK(A2034)),VLOOKUP(A2034,'BBT3'!A:F,5,0),"") | F2034: =IF(NOT(ISBLANK(A2034)),VLOOKUP(A2034,'BBT3'!A:F,6,0),"") | G2034: =IF(NOT(ISBLANK(A2034)),VLOOKUP(A2034,QW_Close!A:J,5,0),"") | H2034: {=IF(NOT(ISBLANK(A2034)),((_xlfn.XLOOKUP(1,(_bbt3[[#All],[ID]]=A2034)*(_bbt3[[#All],[METRIC_NAME]]="YLD_YTM_ASK"),_bbt3[[#All],[METRIC_VALUE]])*0.5)+(_xlfn.XLOOKUP(1,(_bbt3[[#All],[ID]]=A2034)*(_bbt3[[#All],[METRIC_NAME]]="YLD_YTM_BID"),_bbt3[[#All],[METRIC_VALUE]])*0.5))/100,"")} | I2034: =IF(ISNA(VLOOKUP(A2034,QW_CloseDL!A:E,5,0)),0,VLOOKUP(A2034,QW_CloseDL!A:E,5,0)) -> 0 | J2034: =IF(ISNA(IF(NOT(ISBLANK(A2034)),ABS(G2034-I2034),"")),0,(IF(NOT(ISBLANK(A2034)),ABS(G2034-I2034)*10000,"")))
B2035: =IF(NOT(ISBLANK(A2035)),VLOOKUP(A2035,'BBT3'!A:F,2,0),"") | I2035: =IF(ISNA(VLOOKUP(A2035,QW_CloseDL!A:E,5,0)),0,VLOOKUP(A2035,QW_CloseDL!A:E,5,0)) -> 0 | J2035: =IF(ISNA(IF(NOT(ISBLANK(A2035)),ABS(G2035-I2035),"")),0,(IF(NOT(ISBLANK(A2035)),ABS(G2035-I2035)*10000,"")))

Sheet Sheet2
A1: 7 avril | B1: 912810FD5 | C1: Bond | D1: 3.625 | E1: 5.3113676 | F1: 46858
A2: 7 avril | B2: 912810FH6 | C2: Bond | D2: 3.875 | E2: 4.4163064 | F2: 47223
A3: 7 avril | B3: 912810FQ6 | C3: Bond | D3: 3.375 | E3: 1.8684145 | F3: 48319
A4: 7 avril | B4: 91282CQJ3 | C4: Bond | D4: 3.875 | E4: 2.5884364 | F4: 47223
A5: 8 avril | B5: 912810FD5 | C5: Bond | D5: 3.625 | E5: 8.3604806 | F5: 46858
A6: 8 avril | B6: 912810FH6 | C6: Bond | D6: 3.875 | E6: 4.9256543 | F6: 47223
A7: 9 avril | B7: 912810FD5 | C7: Bond | D7: 3.625 | E7: 2.4752025 | F7: 46858
A8: 9 avril | B8: 912810FH6 | C8: Bond | D8: 3.875 | E8: 2.0235517 | F8: 47223
A9: 9 avril | B9: 912810FQ6 | C9: Bond | D9: 3.375 | E9: 0.70895187 | F9: 48319
A10: 10 avril | B10: 912810FD5 | C10: Bond | D10: 3.625 | E10: 3.2498878 | F10: 46858
A11: 10 avril | B11: 912810FH6 | C11: Bond | D11: 3.875 | E11: 1.0141913 | F11: 47223
A12: 13 avril | B12: 912810FD5 | C12: Bond | D12: 3.625 | E12: 6.6969418 | F12: 46858
... A28: 29 avril | B28: 912810FQ6 | C28: Bond | D28: 3.375 | E28: 5.0500235 | F28: 48319
B29: 912810FD5 | C29: Bond | D29: 3.625 | E29: 2.7452044 | F29: 46858
B30: 912810FQ6 | C30: Bond | D30: 3.375 | E30: 2.654631 | F30: 48319
B31: 912810FD5 | C31: Bond | D31: 3.625 | E31: 2.3576115 | F31: 46858
B32: 912810FH6 | C32: Bond | D32: 3.875 | E32: 3.2204291 | F32: 47223
B33: 912810FQ6 | C33: Bond | D33: 3.375 | E33: 4.0825531 | F33: 48319
B34: 912810FD5 | C34: Bond | D34: 3.625 | E34: 8.692771 | F34: 46858
B35: 912810FH6 | C35: Bond | D35: 3.875 | E35: 5.3088344 | F35: 47223
B36: 912810FD5 | C36: Bond | D36: 3.625 | E36: 5.54865 | F36: 46858
B37: 912810FH6 | C37: Bond | D37: 3.875 | E37: 3.63414 | F37: 47223
B38: 912810FQ6 | C38: Bond | D38: 3.375 | E38: 2.0194064 | F38: 48319
