Workbook
Name TheDate: 'Bond Comparaison'!$R$1

Sheet Batch
A1: CMD | B1: Time | C1: Batch | D1: Runner | E1: Source file | F1: Input-Table | G1: Out-Table | H1: Comment
A2: AMBatch.cmd | B2: 0.22222222 | C2: CurveDefSaver | D2: QW.Security.Batch.Lib.CurveDefRunner.Run | E2: CurveDefRunner.cs | F2: Select CurveName from qwData..QWCurveDefList | G2: Select * from qwData..QWCurveDefs order by MasterDate desc | H2: For each curve from the input tab le, we extract benchmark and store all benchmarks information in QWCurveDefs
A3: AMBatch.cmd | B3: 0.22222222 | C3: BlmChecker | D3: QW.Security.Batch.Lib.BlmChecker.Run | E3: BlmChecker.cs | H3: Check if licence is up
A4: AMBatch.cmd | B4: 0.22222222 | C4: CurrentsRunner | D4: QW.Framework.Translation.Coordinator.Run | E4: CurveRunner.cs | F4: CTJPY2Y,CTJPY5Y,CTJPY10Y,CTJPY20Y,CTJPY30Y,CTJPY40Y,CT2,CT3,CT5,CT7,CT10,CT20,CT30,CTDEM2Y,CTDEM3Y,CTDEM5Y,CTDEM10Y,CTDEM30Y,CTGBP2Y,CTGBP3Y,CTGBP5Y,CTGBP10Y,CTGBP30Y,CTCAD2Y,CTCAD3Y,CTCAD5Y,CTCAD7Y,CTCAD10Y,CTCAD20Y,CTCAD30Y,CTFRF2Y,CTFRF3Y,CTFRF5Y,CTFRF10Y,CTFRF30Y,CTITL2Y,CTITL3Y,CTITL5Y,CTITL10Y,CTITL30Y,CTESP2Y,CTESP3Y,CTESP5Y,CTESP10Y,CTESP30Y,CTBEF2Y,CTBEF3Y,CTBEF5Y,CTBEF10Y,CTBEF30Y | G4: select * from qw..Currents where MasterDate = '2026-07-27' | H4: Determine the on-the-run bonds for the following static list: CTJPY2Y,CTJPY5Y,CTJPY10Y,CTJPY20Y,CTJPY30Y,CTJPY40Y,CT2,CT3,CT5,CT7,CT10,CT20,CT30,CTDEM2Y,CTDEM3Y,CTDEM5Y,CTDEM10Y,CTDEM30Y,CTGBP2Y,CTGBP3Y,CTGBP5Y,CTGBP10Y,CTGBP30Y,CTCAD2Y,CTCAD3Y,CTCAD5Y,CTCAD7Y,CTCAD10Y,CTCAD20Y,CTCAD30Y,CTFRF2Y,CTFRF3Y,CTFRF5Y,CTFRF10Y,CTFRF30Y,CTITL2Y,CTITL3Y,CTITL5Y,CTITL10Y,CTITL30Y,CTESP2Y,CTESP3Y,CTESP5Y,CTESP10Y,CTESP30Y,CTBEF2Y,CTBEF3Y,CTBEF5Y,CTBEF10Y,CTBEF30Y
A5: EODBatch.cmd | B5: 0.77083333 | C5: BlmChecker
A6: EODBatch.cmd | B6: 0.77083333 | C6: PositionRoller
A7: EODBatch.cmd | B7: 0.77083333 | C7: PriceSaverBBT3 | D7: QW.Security.Batch.Lib.YieldFromPriceSaverDL.Run | E7: YieldFromPriceSaverDL.cs | F7: select bd.ID, bd.ISIN, bbt3.* from qw..Bond bd, qwdata..REFERENCE_BLOOMBERG_WSDL_PRINT_SB_US_GOV_BBT3 bbt3 where bbt3.Date='06/08/2026' and bd.ISIN = bbt3.MASTER_FIXED_INCOME_INSTRUMENT_ID union select bl.ID, bl.ISIN, bbt3.* from qw..Bill bl, qwdata..REFERENCE_BLOOMBERG_WSDL_PRINT_SB_US_GOV_BBT3 bbt3 where bbt3.Date='06/08/2026' and bl.ISIN = bbt3.MASTER_FIXED_INCOME_INSTRUMENT_ID | G7: qwData..ClosesDL | H7: The table REFERENCE_BLOOMBERG_WSDL_PRINT_SB_US_GOV_BBT3 is refreshed around 6PMFor each USTreasuries in REFERENCE_BLOOMBERG_WSDL_PRINT_SB_US_GOV_BBT3 for the Today Date (le run se lance a 18h30, apres le rollhour qui est de 16h, donc dans DateListAware, on prend la Today Date) , we compute the yield from prices from REFERENCE_BLOOMBERG_WSDL_PRINT_SB_US_GOV_BBT3 and store it in ClosesDL
A8: EODBatch.cmd | B8: 0.77083333 | C8: PriceSaverSFBar | D8: QW.Security.Batch.Lib.YieldFromPriceSaverDL.Run | E8: YieldFromPriceSaverDL.cs | F8: select ISIN AS ID, 'PX_BID' as METRIC_NAME, BID as METRIC_VALUE, * from dev.mart.canvas_sb_foreign_gov_bid_ask WHERE PRICE_DATE = '06/08/2026' and not BID is NULL union select ISIN AS ID, 'PX_ASK' as METRIC_NAME, ASK as METRIC_VALUE, * from dev.mart.canvas_sb_foreign_gov_bid_ask WHERE PRICE_DATE = '06/08/2026' and not ASK is NULL | G8: qwData..ClosesDL | H8: For each foreign bond in dev.mart.canvas_sb_foreign_gov_bid_ask for the current Date, we compute the yield from prices from dev.mart.canvas_sb_foreign_gov_bid_ask and store it in ClosesDL
A9: EODBatch.cmd | B9: 0.77083333 | C9: PriceSaverDLIndexes | D9: QW.Security.Batch.Lib.PriceSaverSnowflake.Run | E9: PriceSaverSnowflake.cs | F9: SELECT cfm.* FROM DEV.MART.CANVAS_SB_OVERNIGHT_INDEX AS cfm WHERE DATE >= DATEADD(day, -7, '06/08/2026'::DATE) AND NOT PX_LAST IS NULL | G9: qwData..ClosesDL | H9: For each indexe in DEV.MART.CANVAS_SB_OVERNIGHT_INDEX, we compute quote from the previous 7 business day and store it in CloseDL
A10: EODBatch.cmd | B10: 0.77083333 | C10: PriceSaverDLFutures | D10: QW.Security.Batch.Lib.PriceSaverSnowflake.Run | E10: PriceSaverSnowflake.cs | F10: SELECT cfm.* FROM DEV.MART.CANVAS_FUTURES_MASTER AS cfm WHERE DATE = '06/08/2026' AND NOT px_settle IS NULL | G10: qwData..ClosesDL | H10: For each ST/LT Future in DEV.MART.CANVAS_FUTURES_MASTER for the current date, we extract from CANVAS_FUTURES_MASTER the price and other static data and populate ClosesDL
A11: EODBatch.cmd | B11: 0.77083333 | C11: BlmChecker | D11: QW.Security.Batch.Lib.BlmChecker | E11: BlmChecker.cs | H11: Check if licence is up
A12: EODBatch.cmd | B12: 0.77083333 | C12: PriceSaver | D12: QW.Security.Batch.Lib.PriceSaver.Run | E12: PriceSaver.cs | F12: select ID from qw..Bond where Maturity>'2026-06-09' and FirstCall is null and ISNULL(IsDuplicate,0)=0 and ID not like '.%' and ID not like 'AU%DLV' and ID not in (select ID from qwData..Closes where Date='2026-06-09' and Src='QW') | G12: qwData..Closes | H12: For each USTreasuries from qw..Bond for the current date, we extract the price from DABPI and qw..Bond and compute the yield and populate Closes
A13: EODBatch.cmd | B13: 0.77083333 | C13: PriceSaverB | D13: QW.Security.Batch.Lib.PriceSaver.Run | E13: PriceSaver.cs | F13: GC.USD.1,SOFR,SFR3M,EuriborFut,CORFUT | G13: qwData..Closes | H13: For each bondFuture from this query: select ID from qw..BondFuture where LastDelivery>'${TradeDate-ToString('yyyyMMdd')}, we get the price from DAPI and compute the yield and populates Closes
A14: EODBatch.cmd | B14: 0.77083333 | C14: PriceSaverC | D14: QW.Security.Batch.Lib.PriceSaver.Run | E14: PriceSaver.cs | F14: FEDL01,SOFRRATE,MUTKCALM | G14: qwData..Closes | H14: For each indexes, we extract the closing of the current day and populate Closes
A15: EODBatch.cmd | B15: 0.77083333 | C15: PriceSaverOPT | D15: QW.Security.Batch.Lib.PriceSaver.Run | E15: PriceSaver.cs | F15: select ID from qw..[Option] where Expiration>'2026-06-09' and ID in (select distinct SecID from qwTrading..Positions where SODDate = '2026-06-09' and abs(quantity) > 0 UNION select distinct SecID from qwTrading..Trades where TradeDate = '2026-06-09') | G15: qwData..Closes | H15: Does not seem to do anything
A16: EODBatch.cmd | B16: 0.77083333 | C16: ParRates | D16: QW.Security.Batch.Lib.CurveRunnerParRates.doRun | E16: CurveRunnerParRates.cs | F16: EuriborSwap,OISSwap,OISCADSwap | G16: qwData..Curves | H16: For each swaps in these curves, we compute the swap rate and populate Curves

Sheet BBT3
A1: ID | B1: Column1 | C1: ISIN | D1: Coupon | E1: Maturity | F1: InflationLinked | G1: MASTER_FIXED_INCOME_INSTRUMENT_ID | H1: MASTER_FIXED_INCOME_ID_TYPE | I1: DATE | J1: METRIC_NAME | K1: METRIC_VALUE | L1: CR_TIME | M1: REPLICA_TIME
A2: 912797RG4 | B2: Bill | C2: US912797RG48 | D2: 0 | E2: 46240 | F2: N | G2: US912797RG48 | H2: ISIN | I2: 46224 | J2: PX_BID | K2: 3.6162000000 | L2: 46224.918 | M2: 46224.92
A3: 912797RG4 | B3: Bill | C3: US912797RG48 | D3: 0 | E3: 46240 | F3: N | G3: US912797RG48 | H3: ISIN | I3: 46224 | J3: PX_ASK | K3: 3.5956000000 | L3: 46224.918 | M3: 46224.92
A4: 912797RS8 | B4: Bill | C4: US912797RS85 | D4: 0 | E4: 46268 | F4: N | G4: US912797RS85 | H4: ISIN | I4: 46224 | J4: YLD_CNV_BID | K4: 3.717 | L4: 46224.918 | M4: 46224.92
A5: 912797RS8 | B5: Bill | C5: US912797RS85 | D5: 0 | E5: 46268 | F5: N | G5: US912797RS85 | H5: ISIN | I5: 46224 | J5: PX_BID | K5: 3.6501000000 | L5: 46224.918 | M5: 46224.92
A6: 912797RS8 | B6: Bill | C6: US912797RS85 | D6: 0 | E6: 46268 | F6: N | G6: US912797RS85 | H6: ISIN | I6: 46224 | J6: YLD_CNV_ASK | K6: 3.705 | L6: 46224.918 | M6: 46224.92
A7: 912797RS8 | B7: Bill | C7: US912797RS85 | D7: 0 | E7: 46268 | F7: N | G7: US912797RS85 | H7: ISIN | I7: 46224 | J7: PX_ASK | K7: 3.6381000000 | L7: 46224.918 | M7: 46224.92
A8: 912797RS8 | B8: Bill | C8: US912797RS85 | D8: 0 | E8: 46268 | F8: N | G8: US912797RS85 | H8: ISIN | I8: 46224 | J8: YLD_YTM_BID | K8: 3.717 | L8: 46224.918 | M8: 46224.92
A9: 912797RS8 | B9: Bill | C9: US912797RS85 | D9: 0 | E9: 46268 | F9: N | G9: US912797RS85 | H9: ISIN | I9: 46224 | J9: YLD_YTM_ASK | K9: 3.705 | L9: 46224.918 | M9: 46224.92
A10: 912797SA6 | B10: Bill | C10: US912797SA68 | D10: 0 | E10: 46296 | F10: N | G10: US912797SA68 | H10: ISIN | I10: 46224 | J10: YLD_YTM_ASK | K10: 3.755 | L10: 46224.918 | M10: 46224.92
A11: 912797SA6 | B11: Bill | C11: US912797SA68 | D11: 0 | E11: 46296 | F11: N | G11: US912797SA68 | H11: ISIN | I11: 46224 | J11: YLD_CNV_BID | K11: 3.765 | L11: 46224.918 | M11: 46224.92
A12: 912797SA6 | B12: Bill | C12: US912797SA68 | D12: 0 | E12: 46296 | F12: N | G12: US912797SA68 | H12: ISIN | I12: 46224 | J12: PX_BID | K12: 3.6867000000 | L12: 46224.918 | M12: 46224.92
A13: 912797SA6 | B13: Bill | C13: US912797SA68 | D13: 0 | E13: 46296 | F13: N | G13: US912797SA68 | H13: ISIN | I13: 46224 | J13: YLD_YTM_BID | K13: 3.765 | L13: 46224.918 | M13: 46224.92
... A2545: 912834QV3 | B2545: Bond | C2545: US912834QV37 | D2545: 0 | E2545: 53646 | F2545: N | G2545: US912834QV37 | H2545: ISIN | I2545: 46224 | J2545: PX_BID | K2545: 33.6685868400 | L2545: 46224.918 | M2545: 46224.92

Sheet CloseDL - PriceSaverBBT3
A1: ID | B1: Att | C1: Src | D1: Date | E1: Value | F1: CreatedDate | G1: CreatedBy | H1: ModifiedTime | I1: ModifiedBy | J1: Notes
A2: 3YH7 | B2: Price | C2: QW | D2: 46224 | E2: 104.23828 | F2: 46224.772 | G2: MARINER\SilverAdm | H2: 46224.772 | I2: MARINER\SilverAdm | J2: DL CANVAS_FUTURES_MASTER Date=7/21/2026 PX_SETTLE = no sttl dt
A3: 3YU6 | B3: Price | C3: QW | D3: 46224 | E3: 104.33203 | F3: 46224.772 | G3: MARINER\SilverAdm | H3: 46224.772 | I3: MARINER\SilverAdm | J3: DL CANVAS_FUTURES_MASTER Date=7/21/2026 PX_SETTLE = no sttl dt
A4: 3YZ6 | B4: Price | C4: QW | D4: 46224 | E4: 104.28516 | F4: 46224.772 | G4: MARINER\SilverAdm | H4: 46224.772 | I4: MARINER\SilverAdm | J4: DL CANVAS_FUTURES_MASTER Date=7/21/2026 PX_SETTLE = no sttl dt
A5: 912797RG4 | B5: Yield | C5: QW | D5: 46224 | E5: 0.03692402 | F5: 46224.772 | G5: MARINER\SilverAdm | H5: 46224.772 | I5: MARINER\SilverAdm | J5: DL Bill input Discount = 3.60590000 PX_ASK = 3.59560000 PX_BID = 3.61620000
A6: 912797RS8 | B6: Yield | C6: QW | D6: 46224 | E6: 0.037372658 | F6: 46224.772 | G6: MARINER\SilverAdm | H6: 46224.772 | I6: MARINER\SilverAdm | J6: DL Bill input Discount = 3.64410000 PX_ASK = 3.63810000 PX_BID = 3.65010000
A7: 912797SA6 | B7: Yield | C7: QW | D7: 46224 | E7: 0.037815548 | F7: 46224.772 | G7: MARINER\SilverAdm | H7: 46224.772 | I7: MARINER\SilverAdm | J7: DL Bill input Discount = 3.68150000 PX_ASK = 3.67630000 PX_BID = 3.68670000
A8: 912797SK4 | B8: Yield | C8: QW | D8: 46224 | E8: 0.038428587 | F8: 46224.772 | G8: MARINER\SilverAdm | H8: 46224.772 | I8: MARINER\SilverAdm | J8: DL Bill input Discount = 3.73495000 PX_ASK = 3.72960000 PX_BID = 3.74030000
A9: 912797SU2 | B9: Yield | C9: QW | D9: 46224 | E9: 0.038862044 | F9: 46224.772 | G9: MARINER\SilverAdm | H9: 46224.772 | I9: MARINER\SilverAdm | J9: DL Bill input Discount = 3.77070000 PX_ASK = 3.76210000 PX_BID = 3.77930000
A10: 912797TC1 | B10: Yield | C10: QW | D10: 46224 | E10: 0.039483145 | F10: 46224.772 | G10: MARINER\SilverAdm | H10: 46224.772 | I10: MARINER\SilverAdm | J10: DL Bill input Discount = 3.82445000 PX_ASK = 3.81830000 PX_BID = 3.83060000
A11: 912797TM9 | B11: Yield | C11: QW | D11: 46224 | E11: 0.039567644 | F11: 46224.772 | G11: MARINER\SilverAdm | H11: 46224.772 | I11: MARINER\SilverAdm | J11: DL Bill input Discount = 3.82675000 PX_ASK = 3.81470000 PX_BID = 3.83880000
A12: 912797TP2 | B12: Yield | C12: QW | D12: 46224 | E12: 0.036216935 | F12: 46224.772 | G12: MARINER\SilverAdm | H12: 46224.772 | I12: MARINER\SilverAdm | J12: DL Bill input Discount = 3.53995000 PX_ASK = 3.52780000 PX_BID = 3.55210000
A13: 912797TQ0 | B13: Yield | C13: QW | D13: 46224 | E13: 0.036351425 | F13: 46224.772 | G13: MARINER\SilverAdm | H13: 46224.772 | I13: MARINER\SilverAdm | J13: DL Bill input Discount = 3.55175000 PX_ASK = 3.54230000 PX_BID = 3.56120000
... A1389: XQU6 | B1389: Price | C1389: QW | D1389: 46224 | E1389: 112.41 | F1389: 46224.772 | G1389: MARINER\SilverAdm | H1389: 46224.772 | I1389: MARINER\SilverAdm | J1389: DL CANVAS_FUTURES_MASTER Date=7/21/2026 PX_SETTLE = no sttl dt

Sheet Close - PriceSaver
A1: ID | B1: Att | C1: Src | D1: Date | E1: Value | F1: Notes | G1: CreatedDate | H1: CreatedBy | I1: ModifiedTime | J1: ModifiedBy
A2: .TWI10 8/36 | B2: Yield | C2: QW | D2: 46224 | E2: 0.046489069 | G2: 46224.77 | H2: MARINERCAPITAL\jmannion | I2: 46224.77 | J2: MARINERCAPITAL\jmannion
A3: .TWI2 7/28 | B3: Yield | C3: QW | D3: 46224 | E3: 0.042577727 | G3: 46224.77 | H3: MARINERCAPITAL\jmannion | I3: 46224.77 | J3: MARINERCAPITAL\jmannion
A4: .TWI2 8/28 | B4: Yield | C4: QW | D4: 46224 | E4: 0.042613754 | G4: 46224.77 | H4: MARINERCAPITAL\jmannion | I4: 46224.77 | J4: MARINERCAPITAL\jmannion
A5: .TWI2 9/28 | B5: Yield | C5: QW | D5: 46224 | E5: 0.042740433 | G5: 46224.77 | H5: MARINERCAPITAL\jmannion | I5: 46224.77 | J5: MARINERCAPITAL\jmannion
A6: .TWI30 8/56 | B6: Yield | C6: QW | D6: 46224 | E6: 0.05135813 | G6: 46224.77 | H6: MARINERCAPITAL\jmannion | I6: 46224.77 | J6: MARINERCAPITAL\jmannion
A7: .TWI7 7/33 | B7: Yield | C7: QW | D7: 46224 | E7: 0.044992273 | G7: 46224.77 | H7: MARINERCAPITAL\jmannion | I7: 46224.77 | J7: MARINERCAPITAL\jmannion
A8: .TWI7 8/33 | B8: Yield | C8: QW | D8: 46224 | E8: 0.04509461 | G8: 46224.77 | H8: MARINERCAPITAL\jmannion | I8: 46224.77 | J8: MARINERCAPITAL\jmannion
A9: 3YH7 | B9: Price | C9: QW | D9: 46224 | E9: 104.23828 | F9: DL CANVAS_FUTURES_MASTER Date=7/21/2026 PX_SETTLE = no sttl dt | G9: 46224.772 | H9: MARINER\SilverAdm | I9: 46224.772 | J9: MARINER\SilverAdm
A10: 3YU6 | B10: Price | C10: QW | D10: 46224 | E10: 104.33203 | F10: DL CANVAS_FUTURES_MASTER Date=7/21/2026 PX_SETTLE = no sttl dt | G10: 46224.772 | H10: MARINER\SilverAdm | I10: 46224.772 | J10: MARINER\SilverAdm
A11: 3YZ6 | B11: Price | C11: QW | D11: 46224 | E11: 104.28516 | F11: DL CANVAS_FUTURES_MASTER Date=7/21/2026 PX_SETTLE = no sttl dt | G11: 46224.772 | H11: MARINER\SilverAdm | I11: 46224.772 | J11: MARINER\SilverAdm
A12: 912797RG4 | B12: Yield | C12: QW | D12: 46224 | E12: 0.03692402 | F12: DL Bill input Discount = 3.60590000 PX_ASK = 3.59560000 PX_BID = 3.61620000 | G12: 46224.772 | H12: MARINER\SilverAdm | I12: 46224.772 | J12: MARINER\SilverAdm
A13: 912797RS8 | B13: Yield | C13: QW | D13: 46224 | E13: 0.037372658 | F13: DL Bill input Discount = 3.64410000 PX_ASK = 3.63810000 PX_BID = 3.65010000 | G13: 46224.772 | H13: MARINER\SilverAdm | I13: 46224.772 | J13: MARINER\SilverAdm
A14: 912797SA6 | B14: Yield | C14: QW | D14: 46224 | E14: 0.037815548 | F14: DL Bill input Discount = 3.68150000 PX_ASK = 3.67630000 PX_BID = 3.68670000 | G14: 46224.772 | H14: MARINER\SilverAdm | I14: 46224.772 | J14: MARINER\SilverAdm
A15: 912797SK4 | B15: Yield | C15: QW | D15: 46224 | E15: 0.038428587 | F15: DL Bill input Discount = 3.73495000 PX_ASK = 3.72960000 PX_BID = 3.74030000 | G15: 46224.772 | H15: MARINER\SilverAdm | I15: 46224.772 | J15: MARINER\SilverAdm
A16: 912797SU2 | B16: Yield | C16: QW | D16: 46224 | E16: 0.038862044 | F16: DL Bill input Discount = 3.77070000 PX_ASK = 3.76210000 PX_BID = 3.77930000 | G16: 46224.772 | H16: MARINER\SilverAdm | I16: 46224.772 | J16: MARINER\SilverAdm
A17: 912797TC1 | B17: Yield | C17: QW | D17: 46224 | E17: 0.039483145 | F17: DL Bill input Discount = 3.82445000 PX_ASK = 3.81830000 PX_BID = 3.83060000 | G17: 46224.772 | H17: MARINER\SilverAdm | I17: 46224.772 | J17: MARINER\SilverAdm
A18: 912797TM9 | B18: Yield | C18: QW | D18: 46224 | E18: 0.039567644 | F18: DL Bill input Discount = 3.82675000 PX_ASK = 3.81470000 PX_BID = 3.83880000 | G18: 46224.772 | H18: MARINER\SilverAdm | I18: 46224.772 | J18: MARINER\SilverAdm
A19: 912797TP2 | B19: Yield | C19: QW | D19: 46224 | E19: 0.036216935 | F19: DL Bill input Discount = 3.53995000 PX_ASK = 3.52780000 PX_BID = 3.55210000 | G19: 46224.772 | H19: MARINER\SilverAdm | I19: 46224.772 | J19: MARINER\SilverAdm
A20: 912797TQ0 | B20: Yield | C20: QW | D20: 46224 | E20: 0.036351425 | F20: DL Bill input Discount = 3.55175000 PX_ASK = 3.54230000 PX_BID = 3.56120000 | G20: 46224.772 | H20: MARINER\SilverAdm | I20: 46224.772 | J20: MARINER\SilverAdm
... A769: CA013051ED53 | B769: Yield | C769: QW | D769: 46224 | E769: 0.047309139 | F769: DL input prc = 76.81950000 PX_ASK = 76.89300000 PX_BID = 76.74600000 | G769: 46224.772 | H769: MARINER\SilverAdm | I769: 46224.772 | J769: MARINER\SilverAdm
A770: CA135087B949 | B770: Price | C770: QW | D770: 46224 | E770: 106.55 | G770: 46224.77 | H770: MARINERCAPITAL\jmannion | I770: 46224.77 | J770: MARINERCAPITAL\jmannion
A771: CA135087B949 | B771: Yield | C771: QW | D771: 46224 | E771: 0.018811741 | F771: DL input prc = 88.93900000 PX_ASK = 89.14300000 PX_BID = 88.73500000 | G771: 46224.772 | H771: MARINER\SilverAdm | I771: 46224.772 | J771: MARINER\SilverAdm
A772: CA135087C939 | B772: Yield | C772: QW | D772: 46224 | E772: 0.039757384 | F772: DL input prc = 75.97650000 PX_ASK = 76.02000000 PX_BID = 75.93300000 | G772: 46224.772 | H772: MARINER\SilverAdm | I772: 46224.772 | J772: MARINER\SilverAdm
A773: CA135087D358 | B773: Yield | C773: QW | D773: 46224 | E773: 0.03906662 | F773: DL input prc = 82.85450000 PX_ASK = 82.88400000 PX_BID = 82.82500000 | G773: 46224.772 | H773: MARINER\SilverAdm | I773: 46224.772 | J773: MARINER\SilverAdm
A774: CA135087F825 | B774: Yield | C774: QW | D774: 46224 | E774: 0.025406025 | F774: DL input prc = 98.69600000 PX_ASK = 98.70300000 PX_BID = 98.68900000 | G774: 46224.772 | H774: MARINER\SilverAdm | I774: 46224.772 | J774: MARINER\SilverAdm
A775: CA135087G997 | B775: Price | C775: QW | D775: 46224 | E775: 0 | G775: 46224.77 | H775: MARINERCAPITAL\jmannion | I775: 46224.77 | J775: MARINERCAPITAL\jmannion
A776: CA135087G997 | B776: Yield | C776: QW | D776: 46224 | E776: 0.018859175 | F776: DL input prc = 73.03050000 PX_ASK = 73.24300000 PX_BID = 72.81800000 | G776: 46224.772 | H776: MARINER\SilverAdm | I776: 46224.772 | J776: MARINER\SilverAdm
A777: CA135087H235 | B777: Yield | C777: QW | D777: 46224 | E777: 0.028084009 | F777: DL input prc = 98.54300000 PX_ASK = 98.54800000 PX_BID = 98.53800000 | G777: 46224.772 | H777: MARINER\SilverAdm | I777: 46224.772 | J777: MARINER\SilverAdm
A778: CA135087H722 | B778: Yield | C778: QW | D778: 46224 | E778: 0.039686066 | F778: DL input prc = 68.70400000 PX_ASK = 68.73500000 PX_BID = 68.67300000 | G778: 46224.772 | H778: MARINER\SilverAdm | I778: 46224.772 | J778: MARINER\SilverAdm
A779: CA135087J397 | B779: Yield | C779: QW | D779: 46224 | E779: 0.029167881 | F779: DL input prc = 98.18100000 PX_ASK = 98.18800000 PX_BID = 98.17400000 | G779: 46224.772 | H779: MARINER\SilverAdm | I779: 46224.772 | J779: MARINER\SilverAdm
A780: CA135087K379 | B780: Yield | C780: QW | D780: 46224 | E780: 0.030871248 | F780: DL input prc = 93.36100000 PX_ASK = 93.36800000 PX_BID = 93.35400000 | G780: 46224.772 | H780: MARINER\SilverAdm | I780: 46224.772 | J780: MARINER\SilverAdm
A781: CA135087L443 | B781: Yield | C781: QW | D781: 46224 | E781: 0.031111385 | F781: DL input prc = 89.42850000 PX_ASK = 89.43700000 PX_BID = 89.42000000 | G781: 46224.772 | H781: MARINER\SilverAdm | I781: 46224.772 | J781: MARINER\SilverAdm
A782: CA135087L930 | B782: Yield | C782: QW | D782: 46224 | E782: 0.02295871 | F782: DL input prc = 99.85500000 PX_ASK = 99.86000000 PX_BID = 99.85000000 | G782: 46224.772 | H782: MARINER\SilverAdm | I782: 46224.772 | J782: MARINER\SilverAdm
A783: CA135087M276 | B783: Yield | C783: QW | D783: 46224 | E783: 0.031735214 | F783: DL input prc = 92.51550000 PX_ASK = 92.52400000 PX_BID = 92.50700000 | G783: 46224.772 | H783: MARINER\SilverAdm | I783: 46224.772 | J783: MARINER\SilverAdm
A784: CA135087M433 | B784: Price | C784: QW | D784: 46224 | E784: 0 | G784: 46224.77 | H784: MARINERCAPITAL\jmannion | I784: 46224.77 | J784: MARINERCAPITAL\jmannion
A785: CA135087M433 | B785: Yield | C785: QW | D785: 46224 | E785: 0.018496433 | F785: DL input prc = 64.82150000 PX_ASK = 65.06800000 PX_BID = 64.57500000 | G785: 46224.772 | H785: MARINER\SilverAdm | I785: 46224.772 | J785: MARINER\SilverAdm
A786: CA135087M680 | B786: Yield | C786: QW | D786: 46224 | E786: 0.039786161 | F786: DL input prc = 63.04600000 PX_ASK = 63.07700000 PX_BID = 63.01500000 | G786: 46224.772 | H786: MARINER\SilverAdm | I786: 46224.772 | J786: MARINER\SilverAdm
A787: CA135087M847 | B787: Yield | C787: QW | D787: 46224 | E787: 0.024516748 | F787: DL input prc = 99.27450000 PX_ASK = 99.27800000 PX_BID = 99.27100000 | G787: 46224.772 | H787: MARINER\SilverAdm | I787: 46224.772 | J787: MARINER\SilverAdm
A788: CA135087N266 | B788: Yield | C788: QW | D788: 46224 | E788: 0.032155299 | F788: DL input prc = 91.61300000 PX_ASK = 91.62300000 PX_BID = 91.60300000 | G788: 46224.772 | H788: MARINER\SilverAdm | I788: 46224.772 | J788: MARINER\SilverAdm
A789: CA135087N597 | B789: Yield | C789: QW | D789: 46224 | E789: 0.032570036 | F789: DL input prc = 93.34100000 PX_ASK = 93.35100000 PX_BID = 93.33100000 | G789: 46224.772 | H789: MARINER\SilverAdm | I789: 46224.772 | J789: MARINER\SilverAdm
A790: CA135087N670 | B790: Yield | C790: QW | D790: 46224 | E790: 0.029998875 | F790: DL input prc = 97.61800000 PX_ASK = 97.62900000 PX_BID = 97.60700000 | G790: 46224.772 | H790: MARINER\SilverAdm | I790: 46224.772 | J790: MARINER\SilverAdm
A791: CA135087N837 | B791: Yield | C791: QW | D791: 46224 | E791: 0.026378338 | F791: DL input prc = 100.12050000 PX_ASK = 100.12500000 PX_BID = 100.11600000 | G791: 46224.772 | H791: MARINER\SilverAdm | I791: 46224.772 | J791: MARINER\SilverAdm
A792: CA135087P329 | B792: Yield | C792: QW | D792: 46224 | E792: 0.032932724 | F792: DL input prc = 95.47900000 PX_ASK = 95.48900000 PX_BID = 95.46900000 | G792: 46224.772 | H792: MARINER\SilverAdm | I792: 46224.772 | J792: MARINER\SilverAdm
A793: CA135087P576 | B793: Yield | C793: QW | D793: 46224 | E793: 0.02786262 | F793: DL input prc = 101.11500000 PX_ASK = 101.12000000 PX_BID = 101.11000000 | G793: 46224.772 | H793: MARINER\SilverAdm | I793: 46224.772 | J793: MARINER\SilverAdm
A794: CA135087P733 | B794: Yield | C794: QW | D794: 46224 | E794: 0.026301799 | F794: DL input prc = 100.65550000 PX_ASK = 100.66800000 PX_BID = 100.64300000 | G794: 46224.772 | H794: MARINER\SilverAdm | I794: 46224.772 | J794: MARINER\SilverAdm
A795: CA135087P998 | B795: Yield | C795: QW | D795: 46224 | E795: 0.039767863 | F795: DL input prc = 78.85650000 PX_ASK = 78.88900000 PX_BID = 78.82400000 | G795: 46224.772 | H795: MARINER\SilverAdm | I795: 46224.772 | J795: MARINER\SilverAdm
A796: CA135087Q236 | B796: Yield | C796: QW | D796: 46224 | E796: 0.033301598 | F796: DL input prc = 96.46550000 PX_ASK = 96.47500000 PX_BID = 96.45600000 | G796: 46224.772 | H796: MARINER\SilverAdm | I796: 46224.772 | J796: MARINER\SilverAdm
... A823: CA135087U774 | B823: Yield | C823: QW | D823: 46224 | E823: 0.028650427 | F823: DL input prc = 99.77500000 PX_ASK = 99.78000000 PX_BID = 99.77000000 | G823: 46224.772 | H823: MARINER\SilverAdm | I823: 46224.772 | J823: MARINER\SilverAdm
A824: CA135087VS05 | B824: Price | C824: QW | D824: 46224 | E824: 0 | G824: 46224.77 | H824: MARINERCAPITAL\jmannion | I824: 46224.77 | J824: MARINERCAPITAL\jmannion
A825: CA135087VW17 | B825: Yield | C825: QW | D825: 46224 | E825: 0.02541898 | F825: DL input prc = 104.61250000 PX_ASK = 104.63100000 PX_BID = 104.59400000 | G825: 46224.772 | H825: MARINER\SilverAdm | I825: 46224.772 | J825: MARINER\SilverAdm
A826: CA135087WL43 | B826: Yield | C826: QW | D826: 46224 | E826: 0.029307684 | F826: DL input prc = 107.67800000 PX_ASK = 107.69300000 PX_BID = 107.66300000 | G826: 46224.772 | H826: MARINER\SilverAdm | I826: 46224.772 | J826: MARINER\SilverAdm
A827: CA135087WV25 | B827: Price | C827: QW | D827: 46224 | E827: 0 | G827: 46224.77 | H827: MARINERCAPITAL\jmannion | I827: 46224.77 | J827: MARINERCAPITAL\jmannion
A828: CA135087WV25 | B828: Yield | C828: QW | D828: 46224 | E828: 0.011119394 | F828: DL input prc = 114.98800000 PX_ASK = 115.12700000 PX_BID = 114.84900000 | G828: 46224.772 | H828: MARINER\SilverAdm | I828: 46224.772 | J828: MARINER\SilverAdm
A829: CA135087XG49 | B829: Yield | C829: QW | D829: 46224 | E829: 0.033278263 | F829: DL input prc = 114.74350000 PX_ASK = 114.76600000 PX_BID = 114.72100000 | G829: 46224.772 | H829: MARINER\SilverAdm | I829: 46224.772 | J829: MARINER\SilverAdm
A830: CA135087XQ21 | B830: Price | C830: QW | D830: 46224 | E830: 0 | G830: 46224.77 | H830: MARINERCAPITAL\jmannion | I830: 46224.77 | J830: MARINERCAPITAL\jmannion
A831: CA135087XQ21 | B831: Yield | C831: QW | D831: 46224 | E831: 0.013920764 | F831: DL input prc = 115.46250000 PX_ASK = 115.69500000 PX_BID = 115.23000000 | G831: 46224.772 | H831: MARINER\SilverAdm | I831: 46224.772 | J831: MARINER\SilverAdm
A832: CA135087XW98 | B832: Yield | C832: QW | D832: 46224 | E832: 0.036100462 | F832: DL input prc = 112.39250000 PX_ASK = 112.41200000 PX_BID = 112.37300000 | G832: 46224.772 | H832: MARINER\SilverAdm | I832: 46224.772 | J832: MARINER\SilverAdm
A833: CA135087YK42 | B833: Price | C833: QW | D833: 46224 | E833: 0 | G833: 46224.77 | H833: MARINERCAPITAL\jmannion | I833: 46224.77 | J833: MARINERCAPITAL\jmannion
A834: CA135087YK42 | B834: Yield | C834: QW | D834: 46224 | E834: 0.017062315 | F834: DL input prc = 103.95400000 PX_ASK = 104.15100000 PX_BID = 103.75700000 | G834: 46224.772 | H834: MARINER\SilverAdm | I834: 46224.772 | J834: MARINER\SilverAdm
A835: CA135087YQ12 | B835: Yield | C835: QW | D835: 46224 | E835: 0.03749629 | F835: DL input prc = 102.82900000 PX_ASK = 102.85800000 PX_BID = 102.80000000 | G835: 46224.772 | H835: MARINER\SilverAdm | I835: 46224.772 | J835: MARINER\SilverAdm
A836: CA135087ZH04 | B836: Price | C836: QW | D836: 46224 | E836: 0 | G836: 46224.77 | H836: MARINERCAPITAL\jmannion | I836: 46224.77 | J836: MARINERCAPITAL\jmannion
A837: CA135087ZH04 | B837: Yield | C837: QW | D837: 46224 | E837: 0.018072294 | F837: DL input prc = 95.21700000 PX_ASK = 95.41600000 PX_BID = 95.01800000 | G837: 46224.772 | H837: MARINER\SilverAdm | I837: 46224.772 | J837: MARINER\SilverAdm
A838: CA135087ZS68 | B838: Yield | C838: QW | D838: 46224 | E838: 0.038418722 | F838: DL input prc = 95.35750000 PX_ASK = 95.38800000 PX_BID = 95.32700000 | G838: 46224.772 | H838: MARINER\SilverAdm | I838: 46224.772 | J838: MARINER\SilverAdm
A839: CA13509PFL28 | B839: Yield | C839: QW | D839: 46224 | E839: 0.023343076 | F839: DL input prc = 99.93300000 PX_ASK = 99.93400000 PX_BID = 99.93200000 | G839: 46224.772 | H839: MARINER\SilverAdm | I839: 46224.772 | J839: MARINER\SilverAdm
A840: CA13509PFX65 | B840: Yield | C840: QW | D840: 46224 | E840: 0.025762691 | F840: DL input prc = 99.79900000 PX_ASK = 99.80400000 PX_BID = 99.79400000 | G840: 46224.772 | H840: MARINER\SilverAdm | I840: 46224.772 | J840: MARINER\SilverAdm
A841: CA13509PGF41 | B841: Yield | C841: QW | D841: 46224 | E841: 0.028061653 | F841: DL input prc = 99.26800000 PX_ASK = 99.27500000 PX_BID = 99.26100000 | G841: 46224.772 | H841: MARINER\SilverAdm | I841: 46224.772 | J841: MARINER\SilverAdm
A842: CA13509PGL19 | B842: Yield | C842: QW | D842: 46224 | E842: 0.028058876 | F842: DL input prc = 99.74850000 PX_ASK = 99.75500000 PX_BID = 99.74200000 | G842: 46224.772 | H842: MARINER\SilverAdm | I842: 46224.772 | J842: MARINER\SilverAdm
A843: CA13509PGS61 | B843: Yield | C843: QW | D843: 46224 | E843: 0.029430317 | F843: DL input prc = 99.32450000 PX_ASK = 99.33200000 PX_BID = 99.31700000 | G843: 46224.772 | H843: MARINER\SilverAdm | I843: 46224.772 | J843: MARINER\SilverAdm
A844: CA13509PHD83 | B844: Yield | C844: QW | D844: 46224 | E844: 0.0304747 | F844: DL input prc = 97.17350000 PX_ASK = 97.18300000 PX_BID = 97.16400000 | G844: 46224.772 | H844: MARINER\SilverAdm | I844: 46224.772 | J844: MARINER\SilverAdm
A845: CA13509PHM82 | B845: Yield | C845: QW | D845: 46224 | E845: 0.031540896 | F845: DL input prc = 94.88550000 PX_ASK = 94.89700000 PX_BID = 94.87400000 | G845: 46224.772 | H845: MARINER\SilverAdm | I845: 46224.772 | J845: MARINER\SilverAdm
A846: CA13509PHQ96 | B846: Yield | C846: QW | D846: 46224 | E846: 0.032366822 | F846: DL input prc = 90.84450000 PX_ASK = 90.85800000 PX_BID = 90.83100000 | G846: 46224.772 | H846: MARINER\SilverAdm | I846: 46224.772 | J846: MARINER\SilverAdm
A847: CA13509PHS52 | B847: Yield | C847: QW | D847: 46224 | E847: 0.032362156 | F847: DL input prc = 92.13150000 PX_ASK = 92.14600000 PX_BID = 92.11700000 | G847: 46224.772 | H847: MARINER\SilverAdm | I847: 46224.772 | J847: MARINER\SilverAdm
A848: CA13509PHU09 | B848: Yield | C848: QW | D848: 46224 | E848: 0.03236178 | F848: DL input prc = 94.27350000 PX_ASK = 94.28700000 PX_BID = 94.26000000 | G848: 46224.772 | H848: MARINER\SilverAdm | I848: 46224.772 | J848: MARINER\SilverAdm
... A1683: RXZ6 | B1683: Price | C1683: QW | D1683: 46224 | E1683: 123.76 | F1683: DL CANVAS_FUTURES_MASTER Date=7/21/2026 PX_SETTLE = no sttl dt | G1683: 46224.772 | H1683: MARINER\SilverAdm | I1683: 46224.772 | J1683: MARINER\SilverAdm
A1684: SERF7 | B1684: Price | C1684: QW | D1684: 46224 | E1684: 95.945 | G1684: 46224.77 | H1684: MARINERCAPITAL\jmannion | I1684: 46224.77 | J1684: MARINERCAPITAL\jmannion
A1685: SERF8 | B1685: Price | C1685: QW | D1685: 46224 | E1685: 95.93 | G1685: 46224.77 | H1685: MARINERCAPITAL\jmannion | I1685: 46224.77 | J1685: MARINERCAPITAL\jmannion
A1686: SERG7 | B1686: Price | C1686: QW | D1686: 46224 | E1686: 95.92 | G1686: 46224.77 | H1686: MARINERCAPITAL\jmannion | I1686: 46224.77 | J1686: MARINERCAPITAL\jmannion
A1687: SERG8 | B1687: Price | C1687: QW | D1687: 46224 | E1687: 95.95 | G1687: 46224.77 | H1687: MARINERCAPITAL\jmannion | I1687: 46224.77 | J1687: MARINERCAPITAL\jmannion
A1688: SERH7 | B1688: Price | C1688: QW | D1688: 46224 | E1688: 95.89 | G1688: 46224.77 | H1688: MARINERCAPITAL\jmannion | I1688: 46224.77 | J1688: MARINERCAPITAL\jmannion
A1689: SERH8 | B1689: Price | C1689: QW | D1689: 46224 | E1689: 95.97 | G1689: 46224.77 | H1689: MARINERCAPITAL\jmannion | I1689: 46224.77 | J1689: MARINERCAPITAL\jmannion
A1690: SERJ7 | B1690: Price | C1690: QW | D1690: 46224 | E1690: 95.86 | G1690: 46224.77 | H1690: MARINERCAPITAL\jmannion | I1690: 46224.77 | J1690: MARINERCAPITAL\jmannion
A1691: SERJ8 | B1691: Price | C1691: QW | D1691: 46224 | E1691: 95.99 | G1691: 46224.77 | H1691: MARINERCAPITAL\jmannion | I1691: 46224.77 | J1691: MARINERCAPITAL\jmannion
A1692: SERK7 | B1692: Price | C1692: QW | D1692: 46224 | E1692: 95.86 | G1692: 46224.77 | H1692: MARINERCAPITAL\jmannion | I1692: 46224.77 | J1692: MARINERCAPITAL\jmannion
A1693: SERK8 | B1693: Price | C1693: QW | D1693: 46224 | E1693: 96.01 | G1693: 46224.77 | H1693: MARINERCAPITAL\jmannion | I1693: 46224.77 | J1693: MARINERCAPITAL\jmannion
A1694: SERM7 | B1694: Price | C1694: QW | D1694: 46224 | E1694: 95.86 | G1694: 46224.77 | H1694: MARINERCAPITAL\jmannion | I1694: 46224.77 | J1694: MARINERCAPITAL\jmannion
A1695: SERN6 | B1695: Price | C1695: QW | D1695: 46224 | E1695: 96.38 | G1695: 46224.77 | H1695: MARINERCAPITAL\jmannion | I1695: 46224.77 | J1695: MARINERCAPITAL\jmannion
... A1706: SERZ7 | B1706: Price | C1706: QW | D1706: 46224 | E1706: 95.91 | G1706: 46224.77 | H1706: MARINERCAPITAL\jmannion | I1706: 46224.77 | J1706: MARINERCAPITAL\jmannion
A1707: SFRH7 | B1707: Price | C1707: QW | D1707: 46224 | E1707: 95.83 | F1707: DL CANVAS_FUTURES_MASTER Date=7/21/2026 PX_SETTLE = no sttl dt | G1707: 46224.772 | H1707: MARINER\SilverAdm | I1707: 46224.772 | J1707: MARINER\SilverAdm
A1708: SFRH8 | B1708: Price | C1708: QW | D1708: 46224 | E1708: 95.965 | F1708: DL CANVAS_FUTURES_MASTER Date=7/21/2026 PX_SETTLE = no sttl dt | G1708: 46224.772 | H1708: MARINER\SilverAdm | I1708: 46224.772 | J1708: MARINER\SilverAdm
A1709: SFRM6 | B1709: Price | C1709: QW | D1709: 46224 | E1709: 96.3175 | F1709: DL CANVAS_FUTURES_MASTER Date=7/21/2026 PX_SETTLE = no sttl dt | G1709: 46224.772 | H1709: MARINER\SilverAdm | I1709: 46224.772 | J1709: MARINER\SilverAdm
A1710: SFRM7 | B1710: Price | C1710: QW | D1710: 46224 | E1710: 95.825 | F1710: DL CANVAS_FUTURES_MASTER Date=7/21/2026 PX_SETTLE = no sttl dt | G1710: 46224.772 | H1710: MARINER\SilverAdm | I1710: 46224.772 | J1710: MARINER\SilverAdm
A1711: SFRU6 | B1711: Price | C1711: QW | D1711: 46224 | E1711: 96.08 | F1711: DL CANVAS_FUTURES_MASTER Date=7/21/2026 PX_SETTLE = no sttl dt | G1711: 46224.772 | H1711: MARINER\SilverAdm | I1711: 46224.772 | J1711: MARINER\SilverAdm
A1712: SFRU7 | B1712: Price | C1712: QW | D1712: 46224 | E1712: 95.87 | F1712: DL CANVAS_FUTURES_MASTER Date=7/21/2026 PX_SETTLE = no sttl dt | G1712: 46224.772 | H1712: MARINER\SilverAdm | I1712: 46224.772 | J1712: MARINER\SilverAdm
A1713: SFRZ6 | B1713: Price | C1713: QW | D1713: 46224 | E1713: 95.915 | F1713: DL CANVAS_FUTURES_MASTER Date=7/21/2026 PX_SETTLE = no sttl dt | G1713: 46224.772 | H1713: MARINER\SilverAdm | I1713: 46224.772 | J1713: MARINER\SilverAdm
A1714: SFRZ7 | B1714: Price | C1714: QW | D1714: 46224 | E1714: 95.93 | F1714: DL CANVAS_FUTURES_MASTER Date=7/21/2026 PX_SETTLE = no sttl dt | G1714: 46224.772 | H1714: MARINER\SilverAdm | I1714: 46224.772 | J1714: MARINER\SilverAdm
A1715: TUH7 | B1715: Price | C1715: QW | D1715: 46224 | E1715: 102.73828 | F1715: DL CANVAS_FUTURES_MASTER Date=7/21/2026 PX_SETTLE = no sttl dt | G1715: 46224.772 | H1715: MARINER\SilverAdm | I1715: 46224.772 | J1715: MARINER\SilverAdm
A1716: TUU6 | B1716: Price | C1716: QW | D1716: 46224 | E1716: 102.85938 | F1716: DL CANVAS_FUTURES_MASTER Date=7/21/2026 PX_SETTLE = no sttl dt | G1716: 46224.772 | H1716: MARINER\SilverAdm | I1716: 46224.772 | J1716: MARINER\SilverAdm
A1717: TUZ6 | B1717: Price | C1717: QW | D1717: 46224 | E1717: 102.77344 | F1717: DL CANVAS_FUTURES_MASTER Date=7/21/2026 PX_SETTLE = no sttl dt | G1717: 46224.772 | H1717: MARINER\SilverAdm | I1717: 46224.772 | J1717: MARINER\SilverAdm
A1718: TYH7 | B1718: Price | C1718: QW | D1718: 46224 | E1718: 108.32812 | F1718: DL CANVAS_FUTURES_MASTER Date=7/21/2026 PX_SETTLE = no sttl dt | G1718: 46224.772 | H1718: MARINER\SilverAdm | I1718: 46224.772 | J1718: MARINER\SilverAdm
...

Sheet Bond Comparaison
A1: {=_xlfn._xlws.FILTER(_xlfn.UNIQUE('BBT3'!A:A),_xlfn.UNIQUE('BBT3'!A:A)<>0)} -> ID | B1: Type | C1: ISIN | D1: Coupon | E1: Maturity | F1: InflationLinked | G1: IsZero | H1: Clode Yield | I1: BBT3 Yield | J1: Close DL Yield | K1: Diff absolue | L1: Computedby SilverAdmin | M1: Notes | Q1: {=_xll.qwCtxTrade()} -> ctx.46239.Live | R1: {=_xll.qwCalAddBusDays("US",TODAY(),O3)} -> 46238
A2: 912797RG4 | B2: =IF(NOT(ISBLANK(A2)),VLOOKUP(A2,'BBT3'!A:F,2,0),"") -> Bill | C2: =IF(NOT(ISBLANK(A2)),VLOOKUP(A2,'BBT3'!A:F,3,0),"") -> US912797RG48 | D2: =IF(NOT(ISBLANK(A2)),VLOOKUP(A2,'BBT3'!A:F,4,1),"") -> 0 | E2: =IF(NOT(ISBLANK(A2)),VLOOKUP(A2,'BBT3'!A:F,5,0),"") -> 46240 | F2: =IF(NOT(ISBLANK(A2)),VLOOKUP(A2,'BBT3'!A:F,6,0),"") -> N | G2: =IF(NOT(ISBLANK(A2)),IF(D2=0,"Y","N"),"") -> Y | H2: =IF(NOT(ISBLANK(A2)),VLOOKUP(A2,'Close - PriceSaver'!A:J,5,0),"") -> 0.03692402 | I2: {=IF(NOT(ISBLANK(A2)),((_xlfn.XLOOKUP(1,(_bbt3[[#All],[ID]]=A2)*(_bbt3[[#All],[METRIC_NAME]]="YLD_YTM_ASK"),_bbt3[[#All],[METRIC_VALUE]])*0.5)+(_xlfn.XLOOKUP(1,(_bbt3[[#All],[ID]]=A2)*(_bbt3[[#All],[METRIC_NAME]]="YLD_YTM_BID"),_bbt3[[#All],[METRIC_VALUE]])*0.5))/100,"")} -> #N/A | J2: =IF(ISNA(VLOOKUP(A2,'CloseDL - PriceSaverBBT3'!A:E,5,0)),0,VLOOKUP(A2,'CloseDL - PriceSaverBBT3'!A:E,5,0)) -> 0.03692402 | K2: =IF(ISNA(IF(NOT(ISBLANK(A2)),ABS(H2-J2),"")),0,(IF(NOT(ISBLANK(A2)),ABS(H2-J2)*10000,""))) -> 0 | L2: =IF(Close[[#This Row],[CreatedBy]]="MARINER\SilverAdm",1,0) -> 0 | M2: =IF(NOT(ISBLANK(A2)),VLOOKUP(A2,'Close - PriceSaver'!A:J,6,0),"") -> DL Bill input Discount = 3.60590000 PX_ASK = 3.59560000 PX_BID = 3.61620000 | R2: Total | S2: =COUNTA(A:A) -> 653
A3: 912797RS8 | B3: =IF(NOT(ISBLANK(A3)),VLOOKUP(A3,'BBT3'!A:F,2,0),"") -> Bill | C3: =IF(NOT(ISBLANK(A3)),VLOOKUP(A3,'BBT3'!A:F,3,0),"") -> US912797RS85 | D3: =IF(NOT(ISBLANK(A3)),VLOOKUP(A3,'BBT3'!A:F,4,1),"") -> 0 | E3: =IF(NOT(ISBLANK(A3)),VLOOKUP(A3,'BBT3'!A:F,5,0),"") -> 46268 | F3: =IF(NOT(ISBLANK(A3)),VLOOKUP(A3,'BBT3'!A:F,6,0),"") -> N | G3: =IF(NOT(ISBLANK(A3)),IF(D3=0,"Y","N"),"") -> Y | H3: =IF(NOT(ISBLANK(A3)),VLOOKUP(A3,'Close - PriceSaver'!A:J,5,0),"") -> 0.037372658 | I3: {=IF(NOT(ISBLANK(A3)),((_xlfn.XLOOKUP(1,(_bbt3[[#All],[ID]]=A3)*(_bbt3[[#All],[METRIC_NAME]]="YLD_YTM_ASK"),_bbt3[[#All],[METRIC_VALUE]])*0.5)+(_xlfn.XLOOKUP(1,(_bbt3[[#All],[ID]]=A3)*(_bbt3[[#All],[METRIC_NAME]]="YLD_YTM_BID"),_bbt3[[#All],[METRIC_VALUE]])*0.5))/100,"")} -> 0.03711 | J3: =IF(ISNA(VLOOKUP(A3,'CloseDL - PriceSaverBBT3'!A:E,5,0)),0,VLOOKUP(A3,'CloseDL - PriceSaverBBT3'!A:E,5,0)) -> 0.037372658 | K3: =IF(ISNA(IF(NOT(ISBLANK(A3)),ABS(H3-J3),"")),0,(IF(NOT(ISBLANK(A3)),ABS(H3-J3)*10000,""))) -> 0 | L3: =IF(Close[[#This Row],[CreatedBy]]="MARINER\SilverAdm",1,0) -> 0 | M3: =IF(NOT(ISBLANK(A3)),VLOOKUP(A3,'Close - PriceSaver'!A:J,6,0),"") -> DL Bill input Discount = 3.64410000 PX_ASK = 3.63810000 PX_BID = 3.65010000 | O3: -1 | R3: Nb of bonds to compare (Non-infla, non-bill, non-zc) | S3: {=COUNT(_xlfn._xlws.FILTER(K2:K3500,ISNUMBER(K2:K3500)*(F2:F3500="N")*(B2:B3500="Bond")*(G2:G3500="N")))} -> 352
A4: 912797SA6 | B4: =IF(NOT(ISBLANK(A4)),VLOOKUP(A4,'BBT3'!A:F,2,0),"") -> Bill | C4: =IF(NOT(ISBLANK(A4)),VLOOKUP(A4,'BBT3'!A:F,3,0),"") -> US912797SA68 | D4: =IF(NOT(ISBLANK(A4)),VLOOKUP(A4,'BBT3'!A:F,4,1),"") -> 0 | E4: =IF(NOT(ISBLANK(A4)),VLOOKUP(A4,'BBT3'!A:F,5,0),"") -> 46296 | F4: =IF(NOT(ISBLANK(A4)),VLOOKUP(A4,'BBT3'!A:F,6,0),"") -> N | G4: =IF(NOT(ISBLANK(A4)),IF(D4=0,"Y","N"),"") -> Y | H4: =IF(NOT(ISBLANK(A4)),VLOOKUP(A4,'Close - PriceSaver'!A:J,5,0),"") -> 0.037815548 | I4: {=IF(NOT(ISBLANK(A4)),((_xlfn.XLOOKUP(1,(_bbt3[[#All],[ID]]=A4)*(_bbt3[[#All],[METRIC_NAME]]="YLD_YTM_ASK"),_bbt3[[#All],[METRIC_VALUE]])*0.5)+(_xlfn.XLOOKUP(1,(_bbt3[[#All],[ID]]=A4)*(_bbt3[[#All],[METRIC_NAME]]="YLD_YTM_BID"),_bbt3[[#All],[METRIC_VALUE]])*0.5))/100,"")} -> 0.0376 | J4: =IF(ISNA(VLOOKUP(A4,'CloseDL - PriceSaverBBT3'!A:E,5,0)),0,VLOOKUP(A4,'CloseDL - PriceSaverBBT3'!A:E,5,0)) -> 0.037815548 | K4: =IF(ISNA(IF(NOT(ISBLANK(A4)),ABS(H4-J4),"")),0,(IF(NOT(ISBLANK(A4)),ABS(H4-J4)*10000,""))) -> 0 | L4: =IF(Close[[#This Row],[CreatedBy]]="MARINER\SilverAdm",1,0) -> 0 | M4: =IF(NOT(ISBLANK(A4)),VLOOKUP(A4,'Close - PriceSaver'!A:J,6,0),"") -> DL Bill input Discount = 3.68150000 PX_ASK = 3.67630000 PX_BID = 3.68670000 | S4: {=MAX(_xlfn._xlws.FILTER(K2:K3500,ISNUMBER(K2:K3500)*(F2:F3500="N")*(B2:B3500="Bond")*(G2:G3500="N")))} -> 0
A5: 912797SK4 | B5: =IF(NOT(ISBLANK(A5)),VLOOKUP(A5,'BBT3'!A:F,2,0),"") -> Bill | C5: =IF(NOT(ISBLANK(A5)),VLOOKUP(A5,'BBT3'!A:F,3,0),"") -> US912797SK41 | D5: =IF(NOT(ISBLANK(A5)),VLOOKUP(A5,'BBT3'!A:F,4,1),"") -> 0 | E5: =IF(NOT(ISBLANK(A5)),VLOOKUP(A5,'BBT3'!A:F,5,0),"") -> 46324 | F5: =IF(NOT(ISBLANK(A5)),VLOOKUP(A5,'BBT3'!A:F,6,0),"") -> N | G5: =IF(NOT(ISBLANK(A5)),IF(D5=0,"Y","N"),"") -> Y | H5: =IF(NOT(ISBLANK(A5)),VLOOKUP(A5,'Close - PriceSaver'!A:J,5,0),"") -> 0.038428587 | I5: {=IF(NOT(ISBLANK(A5)),((_xlfn.XLOOKUP(1,(_bbt3[[#All],[ID]]=A5)*(_bbt3[[#All],[METRIC_NAME]]="YLD_YTM_ASK"),_bbt3[[#All],[METRIC_VALUE]])*0.5)+(_xlfn.XLOOKUP(1,(_bbt3[[#All],[ID]]=A5)*(_bbt3[[#All],[METRIC_NAME]]="YLD_YTM_BID"),_bbt3[[#All],[METRIC_VALUE]])*0.5))/100,"")} -> 0.038265 | J5: =IF(ISNA(VLOOKUP(A5,'CloseDL - PriceSaverBBT3'!A:E,5,0)),0,VLOOKUP(A5,'CloseDL - PriceSaverBBT3'!A:E,5,0)) -> 0.038428587 | K5: =IF(ISNA(IF(NOT(ISBLANK(A5)),ABS(H5-J5),"")),0,(IF(NOT(ISBLANK(A5)),ABS(H5-J5)*10000,""))) -> 0 | L5: =IF(Close[[#This Row],[CreatedBy]]="MARINER\SilverAdm",1,0) -> 0 | M5: =IF(NOT(ISBLANK(A5)),VLOOKUP(A5,'Close - PriceSaver'!A:J,6,0),"") -> DL Bill input Discount = 3.73495000 PX_ASK = 3.72960000 PX_BID = 3.74030000 | S5: {=COUNT(_xlfn._xlws.FILTER(K2:K3500,ISNUMBER(K2:K3500)*(F2:F3500="N")*(B2:B3500="Bond")*(G2:G3500="N")*(L2:L3500=1)))} -> 0
A6: 912797SU2 | B6: =IF(NOT(ISBLANK(A6)),VLOOKUP(A6,'BBT3'!A:F,2,0),"") -> Bill | C6: =IF(NOT(ISBLANK(A6)),VLOOKUP(A6,'BBT3'!A:F,3,0),"") -> US912797SU23 | D6: =IF(NOT(ISBLANK(A6)),VLOOKUP(A6,'BBT3'!A:F,4,1),"") -> 0 | E6: =IF(NOT(ISBLANK(A6)),VLOOKUP(A6,'BBT3'!A:F,5,0),"") -> 46353 | F6: =IF(NOT(ISBLANK(A6)),VLOOKUP(A6,'BBT3'!A:F,6,0),"") -> N | G6: =IF(NOT(ISBLANK(A6)),IF(D6=0,"Y","N"),"") -> Y | H6: =IF(NOT(ISBLANK(A6)),VLOOKUP(A6,'Close - PriceSaver'!A:J,5,0),"") -> 0.038862044 | I6: {=IF(NOT(ISBLANK(A6)),((_xlfn.XLOOKUP(1,(_bbt3[[#All],[ID]]=A6)*(_bbt3[[#All],[METRIC_NAME]]="YLD_YTM_ASK"),_bbt3[[#All],[METRIC_VALUE]])*0.5)+(_xlfn.XLOOKUP(1,(_bbt3[[#All],[ID]]=A6)*(_bbt3[[#All],[METRIC_NAME]]="YLD_YTM_BID"),_bbt3[[#All],[METRIC_VALUE]])*0.5))/100,"")} -> 0.03875 | J6: =IF(ISNA(VLOOKUP(A6,'CloseDL - PriceSaverBBT3'!A:E,5,0)),0,VLOOKUP(A6,'CloseDL - PriceSaverBBT3'!A:E,5,0)) -> 0.038862044 | K6: =IF(ISNA(IF(NOT(ISBLANK(A6)),ABS(H6-J6),"")),0,(IF(NOT(ISBLANK(A6)),ABS(H6-J6)*10000,""))) -> 0 | L6: =IF(Close[[#This Row],[CreatedBy]]="MARINER\SilverAdm",1,0) -> 0 | M6: =IF(NOT(ISBLANK(A6)),VLOOKUP(A6,'Close - PriceSaver'!A:J,6,0),"") -> DL Bill input Discount = 3.77070000 PX_ASK = 3.76210000 PX_BID = 3.77930000 | S6: {=COUNT(_xlfn._xlws.FILTER(K2:K3500,ISNUMBER(K2:K3500)*(F2:F3500="N")*(B2:B3500="Bond")*(G2:G3500="N")*(L2:L3500=1)))} -> 0
A7: 912797TC1 | B7: =IF(NOT(ISBLANK(A7)),VLOOKUP(A7,'BBT3'!A:F,2,0),"") -> Bill | C7: =IF(NOT(ISBLANK(A7)),VLOOKUP(A7,'BBT3'!A:F,3,0),"") -> US912797TC16 | D7: =IF(NOT(ISBLANK(A7)),VLOOKUP(A7,'BBT3'!A:F,4,1),"") -> 0 | E7: =IF(NOT(ISBLANK(A7)),VLOOKUP(A7,'BBT3'!A:F,5,0),"") -> 46380 | F7: =IF(NOT(ISBLANK(A7)),VLOOKUP(A7,'BBT3'!A:F,6,0),"") -> N | G7: =IF(NOT(ISBLANK(A7)),IF(D7=0,"Y","N"),"") -> Y | H7: =IF(NOT(ISBLANK(A7)),VLOOKUP(A7,'Close - PriceSaver'!A:J,5,0),"") -> 0.039483145 | I7: {=IF(NOT(ISBLANK(A7)),((_xlfn.XLOOKUP(1,(_bbt3[[#All],[ID]]=A7)*(_bbt3[[#All],[METRIC_NAME]]="YLD_YTM_ASK"),_bbt3[[#All],[METRIC_VALUE]])*0.5)+(_xlfn.XLOOKUP(1,(_bbt3[[#All],[ID]]=A7)*(_bbt3[[#All],[METRIC_NAME]]="YLD_YTM_BID"),_bbt3[[#All],[METRIC_VALUE]])*0.5))/100,"")} -> 0.039425 | J7: =IF(ISNA(VLOOKUP(A7,'CloseDL - PriceSaverBBT3'!A:E,5,0)),0,VLOOKUP(A7,'CloseDL - PriceSaverBBT3'!A:E,5,0)) -> 0.039483145 | K7: =IF(ISNA(IF(NOT(ISBLANK(A7)),ABS(H7-J7),"")),0,(IF(NOT(ISBLANK(A7)),ABS(H7-J7)*10000,""))) -> 0 | L7: =IF(Close[[#This Row],[CreatedBy]]="MARINER\SilverAdm",1,0) -> 0 | M7: =IF(NOT(ISBLANK(A7)),VLOOKUP(A7,'Close - PriceSaver'!A:J,6,0),"") -> DL Bill input Discount = 3.82445000 PX_ASK = 3.81830000 PX_BID = 3.83060000
A8: 912797TM9 | B8: =IF(NOT(ISBLANK(A8)),VLOOKUP(A8,'BBT3'!A:F,2,0),"") -> Bill | C8: =IF(NOT(ISBLANK(A8)),VLOOKUP(A8,'BBT3'!A:F,3,0),"") -> US912797TM97 | D8: =IF(NOT(ISBLANK(A8)),VLOOKUP(A8,'BBT3'!A:F,4,1),"") -> 0 | E8: =IF(NOT(ISBLANK(A8)),VLOOKUP(A8,'BBT3'!A:F,5,0),"") -> 46408 | F8: =IF(NOT(ISBLANK(A8)),VLOOKUP(A8,'BBT3'!A:F,6,0),"") -> N | G8: =IF(NOT(ISBLANK(A8)),IF(D8=0,"Y","N"),"") -> Y | H8: =IF(NOT(ISBLANK(A8)),VLOOKUP(A8,'Close - PriceSaver'!A:J,5,0),"") -> 0.039567644 | I8: {=IF(NOT(ISBLANK(A8)),((_xlfn.XLOOKUP(1,(_bbt3[[#All],[ID]]=A8)*(_bbt3[[#All],[METRIC_NAME]]="YLD_YTM_ASK"),_bbt3[[#All],[METRIC_VALUE]])*0.5)+(_xlfn.XLOOKUP(1,(_bbt3[[#All],[ID]]=A8)*(_bbt3[[#All],[METRIC_NAME]]="YLD_YTM_BID"),_bbt3[[#All],[METRIC_VALUE]])*0.5))/100,"")} -> 0.039565 | J8: =IF(ISNA(VLOOKUP(A8,'CloseDL - PriceSaverBBT3'!A:E,5,0)),0,VLOOKUP(A8,'CloseDL - PriceSaverBBT3'!A:E,5,0)) -> 0.039567644 | K8: =IF(ISNA(IF(NOT(ISBLANK(A8)),ABS(H8-J8),"")),0,(IF(NOT(ISBLANK(A8)),ABS(H8-J8)*10000,""))) -> 0 | L8: =IF(Close[[#This Row],[CreatedBy]]="MARINER\SilverAdm",1,0) -> 0 | M8: =IF(NOT(ISBLANK(A8)),VLOOKUP(A8,'Close - PriceSaver'!A:J,6,0),"") -> DL Bill input Discount = 3.82675000 PX_ASK = 3.81470000 PX_BID = 3.83880000
A9: 912797TP2 | B9: =IF(NOT(ISBLANK(A9)),VLOOKUP(A9,'BBT3'!A:F,2,0),"") -> Bill | C9: =IF(NOT(ISBLANK(A9)),VLOOKUP(A9,'BBT3'!A:F,3,0),"") -> US912797TP29 | D9: =IF(NOT(ISBLANK(A9)),VLOOKUP(A9,'BBT3'!A:F,4,1),"") -> 0 | E9: =IF(NOT(ISBLANK(A9)),VLOOKUP(A9,'BBT3'!A:F,5,0),"") -> 46226 | F9: =IF(NOT(ISBLANK(A9)),VLOOKUP(A9,'BBT3'!A:F,6,0),"") -> N | G9: =IF(NOT(ISBLANK(A9)),IF(D9=0,"Y","N"),"") -> Y | H9: =IF(NOT(ISBLANK(A9)),VLOOKUP(A9,'Close - PriceSaver'!A:J,5,0),"") -> 0.036216935 | I9: {=IF(NOT(ISBLANK(A9)),((_xlfn.XLOOKUP(1,(_bbt3[[#All],[ID]]=A9)*(_bbt3[[#All],[METRIC_NAME]]="YLD_YTM_ASK"),_bbt3[[#All],[METRIC_VALUE]])*0.5)+(_xlfn.XLOOKUP(1,(_bbt3[[#All],[ID]]=A9)*(_bbt3[[#All],[METRIC_NAME]]="YLD_YTM_BID"),_bbt3[[#All],[METRIC_VALUE]])*0.5))/100,"")} -> 0.035895 | J9: =IF(ISNA(VLOOKUP(A9,'CloseDL - PriceSaverBBT3'!A:E,5,0)),0,VLOOKUP(A9,'CloseDL - PriceSaverBBT3'!A:E,5,0)) -> 0.036216935 | K9: =IF(ISNA(IF(NOT(ISBLANK(A9)),ABS(H9-J9),"")),0,(IF(NOT(ISBLANK(A9)),ABS(H9-J9)*10000,""))) -> 0 | L9: =IF(Close[[#This Row],[CreatedBy]]="MARINER\SilverAdm",1,0) -> 1 | M9: =IF(NOT(ISBLANK(A9)),VLOOKUP(A9,'Close - PriceSaver'!A:J,6,0),"") -> DL Bill input Discount = 3.53995000 PX_ASK = 3.52780000 PX_BID = 3.55210000
A10: 912797TQ0 | B10: =IF(NOT(ISBLANK(A10)),VLOOKUP(A10,'BBT3'!A:F,2,0),"") -> Bill | C10: =IF(NOT(ISBLANK(A10)),VLOOKUP(A10,'BBT3'!A:F,3,0),"") -> US912797TQ02 | D10: =IF(NOT(ISBLANK(A10)),VLOOKUP(A10,'BBT3'!A:F,4,1),"") -> 0 | E10: =IF(NOT(ISBLANK(A10)),VLOOKUP(A10,'BBT3'!A:F,5,0),"") -> 46233 | F10: =IF(NOT(ISBLANK(A10)),VLOOKUP(A10,'BBT3'!A:F,6,0),"") -> N | G10: =IF(NOT(ISBLANK(A10)),IF(D10=0,"Y","N"),"") -> Y | H10: =IF(NOT(ISBLANK(A10)),VLOOKUP(A10,'Close - PriceSaver'!A:J,5,0),"") -> 0.036351425 | I10: {=IF(NOT(ISBLANK(A10)),((_xlfn.XLOOKUP(1,(_bbt3[[#All],[ID]]=A10)*(_bbt3[[#All],[METRIC_NAME]]="YLD_YTM_ASK"),_bbt3[[#All],[METRIC_VALUE]])*0.5)+(_xlfn.XLOOKUP(1,(_bbt3[[#All],[ID]]=A10)*(_bbt3[[#All],[METRIC_NAME]]="YLD_YTM_BID"),_bbt3[[#All],[METRIC_VALUE]])*0.5))/100,"")} -> 0.03604 | J10: =IF(ISNA(VLOOKUP(A10,'CloseDL - PriceSaverBBT3'!A:E,5,0)),0,VLOOKUP(A10,'CloseDL - PriceSaverBBT3'!A:E,5,0)) -> 0.036351425 | K10: =IF(ISNA(IF(NOT(ISBLANK(A10)),ABS(H10-J10),"")),0,(IF(NOT(ISBLANK(A10)),ABS(H10-J10)*10000,""))) -> 0 | L10: =IF(Close[[#This Row],[CreatedBy]]="MARINER\SilverAdm",1,0) -> 1 | M10: =IF(NOT(ISBLANK(A10)),VLOOKUP(A10,'Close - PriceSaver'!A:J,6,0),"") -> DL Bill input Discount = 3.55175000 PX_ASK = 3.54230000 PX_BID = 3.56120000
A11: 912797TV9 | B11: =IF(NOT(ISBLANK(A11)),VLOOKUP(A11,'BBT3'!A:F,2,0),"") -> Bill | C11: =IF(NOT(ISBLANK(A11)),VLOOKUP(A11,'BBT3'!A:F,3,0),"") -> US912797TV96 | D11: =IF(NOT(ISBLANK(A11)),VLOOKUP(A11,'BBT3'!A:F,4,1),"") -> 0 | E11: =IF(NOT(ISBLANK(A11)),VLOOKUP(A11,'BBT3'!A:F,5,0),"") -> 46436 | F11: =IF(NOT(ISBLANK(A11)),VLOOKUP(A11,'BBT3'!A:F,6,0),"") -> N | G11: =IF(NOT(ISBLANK(A11)),IF(D11=0,"Y","N"),"") -> Y | H11: =IF(NOT(ISBLANK(A11)),VLOOKUP(A11,'Close - PriceSaver'!A:J,5,0),"") -> 0.03889128 | I11: {=IF(NOT(ISBLANK(A11)),((_xlfn.XLOOKUP(1,(_bbt3[[#All],[ID]]=A11)*(_bbt3[[#All],[METRIC_NAME]]="YLD_YTM_ASK"),_bbt3[[#All],[METRIC_VALUE]])*0.5)+(_xlfn.XLOOKUP(1,(_bbt3[[#All],[ID]]=A11)*(_bbt3[[#All],[METRIC_NAME]]="YLD_YTM_BID"),_bbt3[[#All],[METRIC_VALUE]])*0.5))/100,"")} -> 0.03885 | J11: =IF(ISNA(VLOOKUP(A11,'CloseDL - PriceSaverBBT3'!A:E,5,0)),0,VLOOKUP(A11,'CloseDL - PriceSaverBBT3'!A:E,5,0)) -> 0.03889128 | K11: =IF(ISNA(IF(NOT(ISBLANK(A11)),ABS(H11-J11),"")),0,(IF(NOT(ISBLANK(A11)),ABS(H11-J11)*10000,""))) -> 0 | L11: =IF(Close[[#This Row],[CreatedBy]]="MARINER\SilverAdm",1,0) -> 1 | M11: =IF(NOT(ISBLANK(A11)),VLOOKUP(A11,'Close - PriceSaver'!A:J,6,0),"") -> DL Bill input Discount = 3.75705000 PX_ASK = 3.73450000 PX_BID = 3.77960000
A12: 912797TW7 | B12: =IF(NOT(ISBLANK(A12)),VLOOKUP(A12,'BBT3'!A:F,2,0),"") -> Bill | C12: =IF(NOT(ISBLANK(A12)),VLOOKUP(A12,'BBT3'!A:F,3,0),"") -> US912797TW79 | D12: =IF(NOT(ISBLANK(A12)),VLOOKUP(A12,'BBT3'!A:F,4,1),"") -> 0 | E12: =IF(NOT(ISBLANK(A12)),VLOOKUP(A12,'BBT3'!A:F,5,0),"") -> 46247 | F12: =IF(NOT(ISBLANK(A12)),VLOOKUP(A12,'BBT3'!A:F,6,0),"") -> N | G12: =IF(NOT(ISBLANK(A12)),IF(D12=0,"Y","N"),"") -> Y | H12: =IF(NOT(ISBLANK(A12)),VLOOKUP(A12,'Close - PriceSaver'!A:J,5,0),"") -> 0.036994026 | I12: {=IF(NOT(ISBLANK(A12)),((_xlfn.XLOOKUP(1,(_bbt3[[#All],[ID]]=A12)*(_bbt3[[#All],[METRIC_NAME]]="YLD_YTM_ASK"),_bbt3[[#All],[METRIC_VALUE]])*0.5)+(_xlfn.XLOOKUP(1,(_bbt3[[#All],[ID]]=A12)*(_bbt3[[#All],[METRIC_NAME]]="YLD_YTM_BID"),_bbt3[[#All],[METRIC_VALUE]])*0.5))/100,"")} -> 0.0367 | J12: =IF(ISNA(VLOOKUP(A12,'CloseDL - PriceSaverBBT3'!A:E,5,0)),0,VLOOKUP(A12,'CloseDL - PriceSaverBBT3'!A:E,5,0)) -> 0.036994026 | K12: =IF(ISNA(IF(NOT(ISBLANK(A12)),ABS(H12-J12),"")),0,(IF(NOT(ISBLANK(A12)),ABS(H12-J12)*10000,""))) -> 0 | L12: =IF(Close[[#This Row],[CreatedBy]]="MARINER\SilverAdm",1,0) -> 1 | M12: =IF(NOT(ISBLANK(A12)),VLOOKUP(A12,'Close - PriceSaver'!A:J,6,0),"") -> DL Bill input Discount = 3.61140000 PX_ASK = 3.60170000 PX_BID = 3.62110000 | P12: ISIN | R12: Bond Type | S12: Coupon Rate | T12: Maturity | U12: Clode Yield | V12: Clode DL Yield | W12: Diff | X12: Contribution in Close
A13: 912797TX5 | B13: =IF(NOT(ISBLANK(A13)),VLOOKUP(A13,'BBT3'!A:F,2,0),"") -> Bill | C13: =IF(NOT(ISBLANK(A13)),VLOOKUP(A13,'BBT3'!A:F,3,0),"") -> US912797TX52 | D13: =IF(NOT(ISBLANK(A13)),VLOOKUP(A13,'BBT3'!A:F,4,1),"") -> 0 | E13: =IF(NOT(ISBLANK(A13)),VLOOKUP(A13,'BBT3'!A:F,5,0),"") -> 46254 | F13: =IF(NOT(ISBLANK(A13)),VLOOKUP(A13,'BBT3'!A:F,6,0),"") -> N | G13: =IF(NOT(ISBLANK(A13)),IF(D13=0,"Y","N"),"") -> Y | H13: =IF(NOT(ISBLANK(A13)),VLOOKUP(A13,'Close - PriceSaver'!A:J,5,0),"") -> 0.037155788 | I13: {=IF(NOT(ISBLANK(A13)),((_xlfn.XLOOKUP(1,(_bbt3[[#All],[ID]]=A13)*(_bbt3[[#All],[METRIC_NAME]]="YLD_YTM_ASK"),_bbt3[[#All],[METRIC_VALUE]])*0.5)+(_xlfn.XLOOKUP(1,(_bbt3[[#All],[ID]]=A13)*(_bbt3[[#All],[METRIC_NAME]]="YLD_YTM_BID"),_bbt3[[#All],[METRIC_VALUE]])*0.5))/100,"")} -> 0.03687 | J13: =IF(ISNA(VLOOKUP(A13,'CloseDL - PriceSaverBBT3'!A:E,5,0)),0,VLOOKUP(A13,'CloseDL - PriceSaverBBT3'!A:E,5,0)) -> 0.037155788 | K13: =IF(ISNA(IF(NOT(ISBLANK(A13)),ABS(H13-J13),"")),0,(IF(NOT(ISBLANK(A13)),ABS(H13-J13)*10000,""))) -> 0 | L13: =IF(Close[[#This Row],[CreatedBy]]="MARINER\SilverAdm",1,0) -> 1 | M13: =IF(NOT(ISBLANK(A13)),VLOOKUP(A13,'Close - PriceSaver'!A:J,6,0),"") -> DL Bill input Discount = 3.62575000 PX_ASK = 3.61790000 PX_BID = 3.63360000 | P13: {=_xlfn._xlws.FILTER(A2:A3500,(K2:K3500>S4*0.1%)*(G2:G3500="N")*(B2:B3500="Bond")*(F2:F3500="N"))} -> #VALUE! | Q13: =VLOOKUP(P13,A:C,3,0) -> #VALUE! | R13: =VLOOKUP(P13,A:B,2,0) -> #VALUE! | S13: =VLOOKUP(P13,A:E,4,0) -> #VALUE! | T13: =VLOOKUP(P13,A:K,5,0) -> #VALUE! | U13: =VLOOKUP(P13,A:K,8,0) -> #VALUE! | V13: =VLOOKUP(P13,A:K,10,0) -> #VALUE! | W13: =(V13-U13)*100 -> #VALUE! | X13: =VLOOKUP(P13,Close[[ID]:[CreatedBy]],8,0) -> #VALUE!
A14: 912797TY3 | B14: =IF(NOT(ISBLANK(A14)),VLOOKUP(A14,'BBT3'!A:F,2,0),"") -> Bill | C14: =IF(NOT(ISBLANK(A14)),VLOOKUP(A14,'BBT3'!A:F,3,0),"") -> US912797TY36 | D14: =IF(NOT(ISBLANK(A14)),VLOOKUP(A14,'BBT3'!A:F,4,1),"") -> 0 | E14: =IF(NOT(ISBLANK(A14)),VLOOKUP(A14,'BBT3'!A:F,5,0),"") -> 46261 | F14: =IF(NOT(ISBLANK(A14)),VLOOKUP(A14,'BBT3'!A:F,6,0),"") -> N | G14: =IF(NOT(ISBLANK(A14)),IF(D14=0,"Y","N"),"") -> Y | H14: =IF(NOT(ISBLANK(A14)),VLOOKUP(A14,'Close - PriceSaver'!A:J,5,0),"") -> 0.037284099 | I14: {=IF(NOT(ISBLANK(A14)),((_xlfn.XLOOKUP(1,(_bbt3[[#All],[ID]]=A14)*(_bbt3[[#All],[METRIC_NAME]]="YLD_YTM_ASK"),_bbt3[[#All],[METRIC_VALUE]])*0.5)+(_xlfn.XLOOKUP(1,(_bbt3[[#All],[ID]]=A14)*(_bbt3[[#All],[METRIC_NAME]]="YLD_YTM_BID"),_bbt3[[#All],[METRIC_VALUE]])*0.5))/100,"")} -> 0.03701 | J14: =IF(ISNA(VLOOKUP(A14,'CloseDL - PriceSaverBBT3'!A:E,5,0)),0,VLOOKUP(A14,'CloseDL - PriceSaverBBT3'!A:E,5,0)) -> 0.037284099 | K14: =IF(ISNA(IF(NOT(ISBLANK(A14)),ABS(H14-J14),"")),0,(IF(NOT(ISBLANK(A14)),ABS(H14-J14)*10000,""))) -> 0 | L14: =IF(Close[[#This Row],[CreatedBy]]="MARINER\SilverAdm",1,0) -> 1 | M14: =IF(NOT(ISBLANK(A14)),VLOOKUP(A14,'Close - PriceSaver'!A:J,6,0),"") -> DL Bill input Discount = 3.63685000 PX_ASK = 3.63180000 PX_BID = 3.64190000 | Q14: =VLOOKUP(P14,A:C,3,0) -> #N/A | R14: =VLOOKUP(P14,A:B,2,0) -> #N/A | S14: =VLOOKUP(P14,A:E,4,0) -> #N/A | T14: =VLOOKUP(P14,A:K,5,0) -> #N/A | U14: =VLOOKUP(P14,A:K,8,0) -> #N/A | V14: =VLOOKUP(P14,A:K,10,0) -> #N/A | W14: =(V14-U14)*100 -> #N/A | X14: =VLOOKUP(P14,Close[[ID]:[CreatedBy]],8,0) -> #N/A
A15: 912797UD7 | B15: =IF(NOT(ISBLANK(A15)),VLOOKUP(A15,'BBT3'!A:F,2,0),"") -> Bill | C15: =IF(NOT(ISBLANK(A15)),VLOOKUP(A15,'BBT3'!A:F,3,0),"") -> US912797UD79 | D15: =IF(NOT(ISBLANK(A15)),VLOOKUP(A15,'BBT3'!A:F,4,1),"") -> 0 | E15: =IF(NOT(ISBLANK(A15)),VLOOKUP(A15,'BBT3'!A:F,5,0),"") -> 46464 | F15: =IF(NOT(ISBLANK(A15)),VLOOKUP(A15,'BBT3'!A:F,6,0),"") -> N | G15: =IF(NOT(ISBLANK(A15)),IF(D15=0,"Y","N"),"") -> Y | H15: =IF(NOT(ISBLANK(A15)),VLOOKUP(A15,'Close - PriceSaver'!A:J,5,0),"") -> 0.039127954 | I15: {=IF(NOT(ISBLANK(A15)),((_xlfn.XLOOKUP(1,(_bbt3[[#All],[ID]]=A15)*(_bbt3[[#All],[METRIC_NAME]]="YLD_YTM_ASK"),_bbt3[[#All],[METRIC_VALUE]])*0.5)+(_xlfn.XLOOKUP(1,(_bbt3[[#All],[ID]]=A15)*(_bbt3[[#All],[METRIC_NAME]]="YLD_YTM_BID"),_bbt3[[#All],[METRIC_VALUE]])*0.5))/100,"")} -> 0.039065 | J15: =IF(ISNA(VLOOKUP(A15,'CloseDL - PriceSaverBBT3'!A:E,5,0)),0,VLOOKUP(A15,'CloseDL - PriceSaverBBT3'!A:E,5,0)) -> 0.039127954 | K15: =IF(ISNA(IF(NOT(ISBLANK(A15)),ABS(H15-J15),"")),0,(IF(NOT(ISBLANK(A15)),ABS(H15-J15)*10000,""))) -> 0 | L15: =IF(Close[[#This Row],[CreatedBy]]="MARINER\SilverAdm",1,0) -> 1 | M15: =IF(NOT(ISBLANK(A15)),VLOOKUP(A15,'Close - PriceSaver'!A:J,6,0),"") -> DL Bill input Discount = 3.77385000 PX_ASK = 3.75390000 PX_BID = 3.79380000 | Q15: =VLOOKUP(P15,A:C,3,0) -> #N/A | R15: =VLOOKUP(P15,A:B,2,0) -> #N/A | S15: =VLOOKUP(P15,A:E,4,0) -> #N/A | T15: =VLOOKUP(P15,A:K,5,0) -> #N/A | U15: =VLOOKUP(P15,A:K,8,0) -> #N/A | V15: =VLOOKUP(P15,A:K,10,0) -> #N/A | W15: =(V15-U15)*100 -> #N/A | X15: =VLOOKUP(P15,Close[[ID]:[CreatedBy]],8,0) -> #N/A
A16: 912797UE5 | B16: =IF(NOT(ISBLANK(A16)),VLOOKUP(A16,'BBT3'!A:F,2,0),"") -> Bill | C16: =IF(NOT(ISBLANK(A16)),VLOOKUP(A16,'BBT3'!A:F,3,0),"") -> US912797UE52 | D16: =IF(NOT(ISBLANK(A16)),VLOOKUP(A16,'BBT3'!A:F,4,1),"") -> 0 | E16: =IF(NOT(ISBLANK(A16)),VLOOKUP(A16,'BBT3'!A:F,5,0),"") -> 46492 | F16: =IF(NOT(ISBLANK(A16)),VLOOKUP(A16,'BBT3'!A:F,6,0),"") -> N | G16: =IF(NOT(ISBLANK(A16)),IF(D16=0,"Y","N"),"") -> Y | H16: =IF(NOT(ISBLANK(A16)),VLOOKUP(A16,'Close - PriceSaver'!A:J,5,0),"") -> 0.039584616 | I16: {=IF(NOT(ISBLANK(A16)),((_xlfn.XLOOKUP(1,(_bbt3[[#All],[ID]]=A16)*(_bbt3[[#All],[METRIC_NAME]]="YLD_YTM_ASK"),_bbt3[[#All],[METRIC_VALUE]])*0.5)+(_xlfn.XLOOKUP(1,(_bbt3[[#All],[ID]]=A16)*(_bbt3[[#All],[METRIC_NAME]]="YLD_YTM_BID"),_bbt3[[#All],[METRIC_VALUE]])*0.5))/100,"")} -> 0.039515 | J16: =IF(ISNA(VLOOKUP(A16,'CloseDL - PriceSaverBBT3'!A:E,5,0)),0,VLOOKUP(A16,'CloseDL - PriceSaverBBT3'!A:E,5,0)) -> 0.039584616 | K16: =IF(ISNA(IF(NOT(ISBLANK(A16)),ABS(H16-J16),"")),0,(IF(NOT(ISBLANK(A16)),ABS(H16-J16)*10000,""))) -> 0 | L16: =IF(Close[[#This Row],[CreatedBy]]="MARINER\SilverAdm",1,0) -> 1 | M16: =IF(NOT(ISBLANK(A16)),VLOOKUP(A16,'Close - PriceSaver'!A:J,6,0),"") -> DL Bill input Discount = 3.81120000 PX_ASK = 3.79100000 PX_BID = 3.83140000 | Q16: =VLOOKUP(P16,A:C,3,0) -> #N/A | R16: =VLOOKUP(P16,A:B,2,0) -> #N/A | S16: =VLOOKUP(P16,A:E,4,0) -> #N/A | T16: =VLOOKUP(P16,A:K,5,0) -> #N/A | U16: =VLOOKUP(P16,A:K,8,0) -> #N/A | V16: =VLOOKUP(P16,A:K,10,0) -> #N/A | W16: =(V16-U16)*100 -> #N/A | X16: =VLOOKUP(P16,Close[[ID]:[CreatedBy]],8,0) -> #N/A
A17: 912797UF2 | B17: =IF(NOT(ISBLANK(A17)),VLOOKUP(A17,'BBT3'!A:F,2,0),"") -> Bill | C17: =IF(NOT(ISBLANK(A17)),VLOOKUP(A17,'BBT3'!A:F,3,0),"") -> US912797UF28 | D17: =IF(NOT(ISBLANK(A17)),VLOOKUP(A17,'BBT3'!A:F,4,1),"") -> 0 | E17: =IF(NOT(ISBLANK(A17)),VLOOKUP(A17,'BBT3'!A:F,5,0),"") -> 46275 | F17: =IF(NOT(ISBLANK(A17)),VLOOKUP(A17,'BBT3'!A:F,6,0),"") -> N | G17: =IF(NOT(ISBLANK(A17)),IF(D17=0,"Y","N"),"") -> Y | H17: =IF(NOT(ISBLANK(A17)),VLOOKUP(A17,'Close - PriceSaver'!A:J,5,0),"") -> 0.037402686 | I17: {=IF(NOT(ISBLANK(A17)),((_xlfn.XLOOKUP(1,(_bbt3[[#All],[ID]]=A17)*(_bbt3[[#All],[METRIC_NAME]]="YLD_YTM_ASK"),_bbt3[[#All],[METRIC_VALUE]])*0.5)+(_xlfn.XLOOKUP(1,(_bbt3[[#All],[ID]]=A17)*(_bbt3[[#All],[METRIC_NAME]]="YLD_YTM_BID"),_bbt3[[#All],[METRIC_VALUE]])*0.5))/100,"")} -> 0.03715 | J17: =IF(ISNA(VLOOKUP(A17,'CloseDL - PriceSaverBBT3'!A:E,5,0)),0,VLOOKUP(A17,'CloseDL - PriceSaverBBT3'!A:E,5,0)) -> 0.037402686 | K17: =IF(ISNA(IF(NOT(ISBLANK(A17)),ABS(H17-J17),"")),0,(IF(NOT(ISBLANK(A17)),ABS(H17-J17)*10000,""))) -> 0 | L17: =IF(Close[[#This Row],[CreatedBy]]="MARINER\SilverAdm",1,0) -> 1 | M17: =IF(NOT(ISBLANK(A17)),VLOOKUP(A17,'Close - PriceSaver'!A:J,6,0),"") -> DL Bill input Discount = 3.64570000 PX_ASK = 3.63990000 PX_BID = 3.65150000 | Q17: =VLOOKUP(P17,A:C,3,0) -> #N/A | R17: =VLOOKUP(P17,A:B,2,0) -> #N/A | S17: =VLOOKUP(P17,A:E,4,0) -> #N/A | T17: =VLOOKUP(P17,A:K,5,0) -> #N/A | U17: =VLOOKUP(P17,A:K,8,0) -> #N/A | V17: =VLOOKUP(P17,A:K,10,0) -> #N/A | W17: =(V17-U17)*100 -> #N/A | X17: =VLOOKUP(P17,Close[[ID]:[CreatedBy]],8,0) -> #N/A
A18: 912797UG0 | B18: =IF(NOT(ISBLANK(A18)),VLOOKUP(A18,'BBT3'!A:F,2,0),"") -> Bill | C18: =IF(NOT(ISBLANK(A18)),VLOOKUP(A18,'BBT3'!A:F,3,0),"") -> US912797UG01 | D18: =IF(NOT(ISBLANK(A18)),VLOOKUP(A18,'BBT3'!A:F,4,1),"") -> 0 | E18: =IF(NOT(ISBLANK(A18)),VLOOKUP(A18,'BBT3'!A:F,5,0),"") -> 46282 | F18: =IF(NOT(ISBLANK(A18)),VLOOKUP(A18,'BBT3'!A:F,6,0),"") -> N | G18: =IF(NOT(ISBLANK(A18)),IF(D18=0,"Y","N"),"") -> Y | H18: =IF(NOT(ISBLANK(A18)),VLOOKUP(A18,'Close - PriceSaver'!A:J,5,0),"") -> 0.037350683 | I18: {=IF(NOT(ISBLANK(A18)),((_xlfn.XLOOKUP(1,(_bbt3[[#All],[ID]]=A18)*(_bbt3[[#All],[METRIC_NAME]]="YLD_YTM_ASK"),_bbt3[[#All],[METRIC_VALUE]])*0.5)+(_xlfn.XLOOKUP(1,(_bbt3[[#All],[ID]]=A18)*(_bbt3[[#All],[METRIC_NAME]]="YLD_YTM_BID"),_bbt3[[#All],[METRIC_VALUE]])*0.5))/100,"")} -> #N/A | J18: =IF(ISNA(VLOOKUP(A18,'CloseDL - PriceSaverBBT3'!A:E,5,0)),0,VLOOKUP(A18,'CloseDL - PriceSaverBBT3'!A:E,5,0)) -> 0.037350683 | K18: =IF(ISNA(IF(NOT(ISBLANK(A18)),ABS(H18-J18),"")),0,(IF(NOT(ISBLANK(A18)),ABS(H18-J18)*10000,""))) -> 0 | L18: =IF(Close[[#This Row],[CreatedBy]]="MARINER\SilverAdm",1,0) -> 1 | M18: =IF(NOT(ISBLANK(A18)),VLOOKUP(A18,'Close - PriceSaver'!A:J,6,0),"") -> DL Bill input Discount = 3.63940000 PX_ASK = 3.63170000 PX_BID = 3.64710000 | Q18: =VLOOKUP(P18,A:C,3,0) -> #N/A | R18: =VLOOKUP(P18,A:B,2,0) -> #N/A | S18: =VLOOKUP(P18,A:E,4,0) -> #N/A | T18: =VLOOKUP(P18,A:K,5,0) -> #N/A | U18: =VLOOKUP(P18,A:K,8,0) -> #N/A | V18: =VLOOKUP(P18,A:K,10,0) -> #N/A | W18: =(V18-U18)*100 -> #N/A | X18: =VLOOKUP(P18,Close[[ID]:[CreatedBy]],8,0) -> #N/A
A19: 912797UH8 | B19: =IF(NOT(ISBLANK(A19)),VLOOKUP(A19,'BBT3'!A:F,2,0),"") -> Bill | C19: =IF(NOT(ISBLANK(A19)),VLOOKUP(A19,'BBT3'!A:F,3,0),"") -> US912797UH83 | D19: =IF(NOT(ISBLANK(A19)),VLOOKUP(A19,'BBT3'!A:F,4,1),"") -> 0 | E19: =IF(NOT(ISBLANK(A19)),VLOOKUP(A19,'BBT3'!A:F,5,0),"") -> 46289 | F19: =IF(NOT(ISBLANK(A19)),VLOOKUP(A19,'BBT3'!A:F,6,0),"") -> N | G19: =IF(NOT(ISBLANK(A19)),IF(D19=0,"Y","N"),"") -> Y | H19: =IF(NOT(ISBLANK(A19)),VLOOKUP(A19,'Close - PriceSaver'!A:J,5,0),"") -> 0.037403076 | I19: {=IF(NOT(ISBLANK(A19)),((_xlfn.XLOOKUP(1,(_bbt3[[#All],[ID]]=A19)*(_bbt3[[#All],[METRIC_NAME]]="YLD_YTM_ASK"),_bbt3[[#All],[METRIC_VALUE]])*0.5)+(_xlfn.XLOOKUP(1,(_bbt3[[#All],[ID]]=A19)*(_bbt3[[#All],[METRIC_NAME]]="YLD_YTM_BID"),_bbt3[[#All],[METRIC_VALUE]])*0.5))/100,"")} -> 0.03718 | J19: =IF(ISNA(VLOOKUP(A19,'CloseDL - PriceSaverBBT3'!A:E,5,0)),0,VLOOKUP(A19,'CloseDL - PriceSaverBBT3'!A:E,5,0)) -> 0.037403076 | K19: =IF(ISNA(IF(NOT(ISBLANK(A19)),ABS(H19-J19),"")),0,(IF(NOT(ISBLANK(A19)),ABS(H19-J19)*10000,""))) -> 0 | L19: =IF(Close[[#This Row],[CreatedBy]]="MARINER\SilverAdm",1,0) -> 1 | M19: =IF(NOT(ISBLANK(A19)),VLOOKUP(A19,'Close - PriceSaver'!A:J,6,0),"") -> DL Bill input Discount = 3.64315000 PX_ASK = 3.63850000 PX_BID = 3.64780000 | Q19: =VLOOKUP(P19,A:C,3,0) -> #N/A | R19: =VLOOKUP(P19,A:B,2,0) -> #N/A | S19: =VLOOKUP(P19,A:E,4,0) -> #N/A | T19: =VLOOKUP(P19,A:K,5,0) -> #N/A | U19: =VLOOKUP(P19,A:K,8,0) -> #N/A | V19: =VLOOKUP(P19,A:K,10,0) -> #N/A | W19: =(V19-U19)*100 -> #N/A | X19: =VLOOKUP(P19,Close[[ID]:[CreatedBy]],8,0) -> #N/A
A20: 912797UJ4 | B20: =IF(NOT(ISBLANK(A20)),VLOOKUP(A20,'BBT3'!A:F,2,0),"") -> Bill | C20: =IF(NOT(ISBLANK(A20)),VLOOKUP(A20,'BBT3'!A:F,3,0),"") -> US912797UJ40 | D20: =IF(NOT(ISBLANK(A20)),VLOOKUP(A20,'BBT3'!A:F,4,1),"") -> 0 | E20: =IF(NOT(ISBLANK(A20)),VLOOKUP(A20,'BBT3'!A:F,5,0),"") -> 46303 | F20: =IF(NOT(ISBLANK(A20)),VLOOKUP(A20,'BBT3'!A:F,6,0),"") -> N | G20: =IF(NOT(ISBLANK(A20)),IF(D20=0,"Y","N"),"") -> Y | H20: =IF(NOT(ISBLANK(A20)),VLOOKUP(A20,'Close - PriceSaver'!A:J,5,0),"") -> 0.038095395 | I20: {=IF(NOT(ISBLANK(A20)),((_xlfn.XLOOKUP(1,(_bbt3[[#All],[ID]]=A20)*(_bbt3[[#All],[METRIC_NAME]]="YLD_YTM_ASK"),_bbt3[[#All],[METRIC_VALUE]])*0.5)+(_xlfn.XLOOKUP(1,(_bbt3[[#All],[ID]]=A20)*(_bbt3[[#All],[METRIC_NAME]]="YLD_YTM_BID"),_bbt3[[#All],[METRIC_VALUE]])*0.5))/100,"")} -> 0.03789 | J20: =IF(ISNA(VLOOKUP(A20,'CloseDL - PriceSaverBBT3'!A:E,5,0)),0,VLOOKUP(A20,'CloseDL - PriceSaverBBT3'!A:E,5,0)) -> 0.038095395 | K20: =IF(ISNA(IF(NOT(ISBLANK(A20)),ABS(H20-J20),"")),0,(IF(NOT(ISBLANK(A20)),ABS(H20-J20)*10000,""))) -> 0 | L20: =IF(Close[[#This Row],[CreatedBy]]="MARINER\SilverAdm",1,0) -> 1 | M20: =IF(NOT(ISBLANK(A20)),VLOOKUP(A20,'Close - PriceSaver'!A:J,6,0),"") -> DL Bill input Discount = 3.70705000 PX_ASK = 3.70350000 PX_BID = 3.71060000 | Q20: =VLOOKUP(P20,A:C,3,0) -> #N/A | R20: =VLOOKUP(P20,A:B,2,0) -> #N/A | S20: =VLOOKUP(P20,A:E,4,0) -> #N/A | T20: =VLOOKUP(P20,A:K,5,0) -> #N/A | U20: =VLOOKUP(P20,A:K,8,0) -> #N/A | V20: =VLOOKUP(P20,A:K,10,0) -> #N/A | W20: =(V20-U20)*100 -> #N/A | X20: =VLOOKUP(P20,Close[[ID]:[CreatedBy]],8,0) -> #N/A
A21: 912797UK1 | B21: =IF(NOT(ISBLANK(A21)),VLOOKUP(A21,'BBT3'!A:F,2,0),"") -> Bill | C21: =IF(NOT(ISBLANK(A21)),VLOOKUP(A21,'BBT3'!A:F,3,0),"") -> US912797UK13 | D21: =IF(NOT(ISBLANK(A21)),VLOOKUP(A21,'BBT3'!A:F,4,1),"") -> 0 | E21: =IF(NOT(ISBLANK(A21)),VLOOKUP(A21,'BBT3'!A:F,5,0),"") -> 46310 | F21: =IF(NOT(ISBLANK(A21)),VLOOKUP(A21,'BBT3'!A:F,6,0),"") -> N | G21: =IF(NOT(ISBLANK(A21)),IF(D21=0,"Y","N"),"") -> Y | H21: =IF(NOT(ISBLANK(A21)),VLOOKUP(A21,'Close - PriceSaver'!A:J,5,0),"") -> 0.038156782 | I21: {=IF(NOT(ISBLANK(A21)),((_xlfn.XLOOKUP(1,(_bbt3[[#All],[ID]]=A21)*(_bbt3[[#All],[METRIC_NAME]]="YLD_YTM_ASK"),_bbt3[[#All],[METRIC_VALUE]])*0.5)+(_xlfn.XLOOKUP(1,(_bbt3[[#All],[ID]]=A21)*(_bbt3[[#All],[METRIC_NAME]]="YLD_YTM_BID"),_bbt3[[#All],[METRIC_VALUE]])*0.5))/100,"")} -> 0.037965 | J21: =IF(ISNA(VLOOKUP(A21,'CloseDL - PriceSaverBBT3'!A:E,5,0)),0,VLOOKUP(A21,'CloseDL - PriceSaverBBT3'!A:E,5,0)) -> 0.038156782 | K21: =IF(ISNA(IF(NOT(ISBLANK(A21)),ABS(H21-J21),"")),0,(IF(NOT(ISBLANK(A21)),ABS(H21-J21)*10000,""))) -> 0 | L21: =IF(Close[[#This Row],[CreatedBy]]="MARINER\SilverAdm",1,0) -> 1 | M21: =IF(NOT(ISBLANK(A21)),VLOOKUP(A21,'Close - PriceSaver'!A:J,6,0),"") -> DL Bill input Discount = 3.71160000 PX_ASK = 3.70700000 PX_BID = 3.71620000 | Q21: =VLOOKUP(P21,A:C,3,0) -> #N/A | R21: =VLOOKUP(P21,A:B,2,0) -> #N/A | S21: =VLOOKUP(P21,A:E,4,0) -> #N/A | T21: =VLOOKUP(P21,A:K,5,0) -> #N/A | U21: =VLOOKUP(P21,A:K,8,0) -> #N/A | V21: =VLOOKUP(P21,A:K,10,0) -> #N/A | W21: =(V21-U21)*100 -> #N/A | X21: =VLOOKUP(P21,Close[[ID]:[CreatedBy]],8,0) -> #N/A
A22: 912797UL9 | B22: =IF(NOT(ISBLANK(A22)),VLOOKUP(A22,'BBT3'!A:F,2,0),"") -> Bill | C22: =IF(NOT(ISBLANK(A22)),VLOOKUP(A22,'BBT3'!A:F,3,0),"") -> US912797UL95 | D22: =IF(NOT(ISBLANK(A22)),VLOOKUP(A22,'BBT3'!A:F,4,1),"") -> 0 | E22: =IF(NOT(ISBLANK(A22)),VLOOKUP(A22,'BBT3'!A:F,5,0),"") -> 46317 | F22: =IF(NOT(ISBLANK(A22)),VLOOKUP(A22,'BBT3'!A:F,6,0),"") -> N | G22: =IF(NOT(ISBLANK(A22)),IF(D22=0,"Y","N"),"") -> Y | H22: =IF(NOT(ISBLANK(A22)),VLOOKUP(A22,'Close - PriceSaver'!A:J,5,0),"") -> 0.038313186 | I22: {=IF(NOT(ISBLANK(A22)),((_xlfn.XLOOKUP(1,(_bbt3[[#All],[ID]]=A22)*(_bbt3[[#All],[METRIC_NAME]]="YLD_YTM_ASK"),_bbt3[[#All],[METRIC_VALUE]])*0.5)+(_xlfn.XLOOKUP(1,(_bbt3[[#All],[ID]]=A22)*(_bbt3[[#All],[METRIC_NAME]]="YLD_YTM_BID"),_bbt3[[#All],[METRIC_VALUE]])*0.5))/100,"")} -> 0.03813 | J22: =IF(ISNA(VLOOKUP(A22,'CloseDL - PriceSaverBBT3'!A:E,5,0)),0,VLOOKUP(A22,'CloseDL - PriceSaverBBT3'!A:E,5,0)) -> 0.038313186 | K22: =IF(ISNA(IF(NOT(ISBLANK(A22)),ABS(H22-J22),"")),0,(IF(NOT(ISBLANK(A22)),ABS(H22-J22)*10000,""))) -> 0 | L22: =IF(Close[[#This Row],[CreatedBy]]="MARINER\SilverAdm",1,0) -> 1 | M22: =IF(NOT(ISBLANK(A22)),VLOOKUP(A22,'Close - PriceSaver'!A:J,6,0),"") -> DL Bill input Discount = 3.72525000 PX_ASK = 3.71760000 PX_BID = 3.73290000 | Q22: =VLOOKUP(P22,A:C,3,0) -> #N/A | R22: =VLOOKUP(P22,A:B,2,0) -> #N/A | S22: =VLOOKUP(P22,A:E,4,0) -> #N/A | T22: =VLOOKUP(P22,A:K,5,0) -> #N/A | U22: =VLOOKUP(P22,A:K,8,0) -> #N/A | V22: =VLOOKUP(P22,A:K,10,0) -> #N/A | W22: =(V22-U22)*100 -> #N/A | X22: =VLOOKUP(P22,Close[[ID]:[CreatedBy]],8,0) -> #N/A
A23: 912797UM7 | B23: =IF(NOT(ISBLANK(A23)),VLOOKUP(A23,'BBT3'!A:F,2,0),"") -> Bill | C23: =IF(NOT(ISBLANK(A23)),VLOOKUP(A23,'BBT3'!A:F,3,0),"") -> US912797UM78 | D23: =IF(NOT(ISBLANK(A23)),VLOOKUP(A23,'BBT3'!A:F,4,1),"") -> 0 | E23: =IF(NOT(ISBLANK(A23)),VLOOKUP(A23,'BBT3'!A:F,5,0),"") -> 46331 | F23: =IF(NOT(ISBLANK(A23)),VLOOKUP(A23,'BBT3'!A:F,6,0),"") -> N | G23: =IF(NOT(ISBLANK(A23)),IF(D23=0,"Y","N"),"") -> Y | H23: =IF(NOT(ISBLANK(A23)),VLOOKUP(A23,'Close - PriceSaver'!A:J,5,0),"") -> 0.038401009 | I23: {=IF(NOT(ISBLANK(A23)),((_xlfn.XLOOKUP(1,(_bbt3[[#All],[ID]]=A23)*(_bbt3[[#All],[METRIC_NAME]]="YLD_YTM_ASK"),_bbt3[[#All],[METRIC_VALUE]])*0.5)+(_xlfn.XLOOKUP(1,(_bbt3[[#All],[ID]]=A23)*(_bbt3[[#All],[METRIC_NAME]]="YLD_YTM_BID"),_bbt3[[#All],[METRIC_VALUE]])*0.5))/100,"")} -> 0.038245 | J23: =IF(ISNA(VLOOKUP(A23,'CloseDL - PriceSaverBBT3'!A:E,5,0)),0,VLOOKUP(A23,'CloseDL - PriceSaverBBT3'!A:E,5,0)) -> 0.038401009 | K23: =IF(ISNA(IF(NOT(ISBLANK(A23)),ABS(H23-J23),"")),0,(IF(NOT(ISBLANK(A23)),ABS(H23-J23)*10000,""))) -> 0 | L23: =IF(Close[[#This Row],[CreatedBy]]="MARINER\SilverAdm",1,0) -> 1 | M23: =IF(NOT(ISBLANK(A23)),VLOOKUP(A23,'Close - PriceSaver'!A:J,6,0),"") -> DL Bill input Discount = 3.73095000 PX_ASK = 3.72180000 PX_BID = 3.74010000 | Q23: =VLOOKUP(P23,A:C,3,0) -> #N/A | R23: =VLOOKUP(P23,A:B,2,0) -> #N/A | S23: =VLOOKUP(P23,A:E,4,0) -> #N/A | T23: =VLOOKUP(P23,A:K,5,0) -> #N/A | U23: =VLOOKUP(P23,A:K,8,0) -> #N/A | V23: =VLOOKUP(P23,A:K,10,0) -> #N/A | W23: =(V23-U23)*100 -> #N/A | X23: =VLOOKUP(P23,Close[[ID]:[CreatedBy]],8,0) -> #N/A
A24: 912797UR6 | B24: =IF(NOT(ISBLANK(A24)),VLOOKUP(A24,'BBT3'!A:F,2,0),"") -> Bill | C24: =IF(NOT(ISBLANK(A24)),VLOOKUP(A24,'BBT3'!A:F,3,0),"") -> US912797UR65 | D24: =IF(NOT(ISBLANK(A24)),VLOOKUP(A24,'BBT3'!A:F,4,1),"") -> 0 | E24: =IF(NOT(ISBLANK(A24)),VLOOKUP(A24,'BBT3'!A:F,5,0),"") -> 46231 | F24: =IF(NOT(ISBLANK(A24)),VLOOKUP(A24,'BBT3'!A:F,6,0),"") -> N | G24: =IF(NOT(ISBLANK(A24)),IF(D24=0,"Y","N"),"") -> Y | H24: =IF(NOT(ISBLANK(A24)),VLOOKUP(A24,'Close - PriceSaver'!A:J,5,0),"") -> 0.036217659 | I24: {=IF(NOT(ISBLANK(A24)),((_xlfn.XLOOKUP(1,(_bbt3[[#All],[ID]]=A24)*(_bbt3[[#All],[METRIC_NAME]]="YLD_YTM_ASK"),_bbt3[[#All],[METRIC_VALUE]])*0.5)+(_xlfn.XLOOKUP(1,(_bbt3[[#All],[ID]]=A24)*(_bbt3[[#All],[METRIC_NAME]]="YLD_YTM_BID"),_bbt3[[#All],[METRIC_VALUE]])*0.5))/100,"")} -> 0.035905 | J24: =IF(ISNA(VLOOKUP(A24,'CloseDL - PriceSaverBBT3'!A:E,5,0)),0,VLOOKUP(A24,'CloseDL - PriceSaverBBT3'!A:E,5,0)) -> 0.036217659 | K24: =IF(ISNA(IF(NOT(ISBLANK(A24)),ABS(H24-J24),"")),0,(IF(NOT(ISBLANK(A24)),ABS(H24-J24)*10000,""))) -> 0 | L24: =IF(Close[[#This Row],[CreatedBy]]="MARINER\SilverAdm",1,0) -> 1 | M24: =IF(NOT(ISBLANK(A24)),VLOOKUP(A24,'Close - PriceSaver'!A:J,6,0),"") -> DL Bill input Discount = 3.53915000 PX_ASK = 3.53170000 PX_BID = 3.54660000 | Q24: =VLOOKUP(P24,A:C,3,0) -> #N/A | R24: =VLOOKUP(P24,A:B,2,0) -> #N/A | S24: =VLOOKUP(P24,A:E,4,0) -> #N/A | T24: =VLOOKUP(P24,A:K,5,0) -> #N/A | U24: =VLOOKUP(P24,A:K,8,0) -> #N/A | V24: =VLOOKUP(P24,A:K,10,0) -> #N/A | W24: =(V24-U24)*100 -> #N/A | X24: =VLOOKUP(P24,Close[[ID]:[CreatedBy]],8,0) -> #N/A
A25: 912797US4 | B25: =IF(NOT(ISBLANK(A25)),VLOOKUP(A25,'BBT3'!A:F,2,0),"") -> Bill | C25: =IF(NOT(ISBLANK(A25)),VLOOKUP(A25,'BBT3'!A:F,3,0),"") -> US912797US49 | D25: =IF(NOT(ISBLANK(A25)),VLOOKUP(A25,'BBT3'!A:F,4,1),"") -> 0 | E25: =IF(NOT(ISBLANK(A25)),VLOOKUP(A25,'BBT3'!A:F,5,0),"") -> 46238 | F25: =IF(NOT(ISBLANK(A25)),VLOOKUP(A25,'BBT3'!A:F,6,0),"") -> N | G25: =IF(NOT(ISBLANK(A25)),IF(D25=0,"Y","N"),"") -> Y | H25: =IF(NOT(ISBLANK(A25)),VLOOKUP(A25,'Close - PriceSaver'!A:J,5,0),"") -> 0.036750206 | I25: {=IF(NOT(ISBLANK(A25)),((_xlfn.XLOOKUP(1,(_bbt3[[#All],[ID]]=A25)*(_bbt3[[#All],[METRIC_NAME]]="YLD_YTM_ASK"),_bbt3[[#All],[METRIC_VALUE]])*0.5)+(_xlfn.XLOOKUP(1,(_bbt3[[#All],[ID]]=A25)*(_bbt3[[#All],[METRIC_NAME]]="YLD_YTM_BID"),_bbt3[[#All],[METRIC_VALUE]])*0.5))/100,"")} -> 0.03644 | J25: =IF(ISNA(VLOOKUP(A25,'CloseDL - PriceSaverBBT3'!A:E,5,0)),0,VLOOKUP(A25,'CloseDL - PriceSaverBBT3'!A:E,5,0)) -> 0.036750206 | K25: =IF(ISNA(IF(NOT(ISBLANK(A25)),ABS(H25-J25),"")),0,(IF(NOT(ISBLANK(A25)),ABS(H25-J25)*10000,""))) -> 0 | L25: =IF(Close[[#This Row],[CreatedBy]]="MARINER\SilverAdm",1,0) -> 1 | M25: =IF(NOT(ISBLANK(A25)),VLOOKUP(A25,'Close - PriceSaver'!A:J,6,0),"") -> DL Bill input Discount = 3.58945000 PX_ASK = 3.58070000 PX_BID = 3.59820000 | Q25: =VLOOKUP(P25,A:C,3,0) -> #N/A | R25: =VLOOKUP(P25,A:B,2,0) -> #N/A | S25: =VLOOKUP(P25,A:E,4,0) -> #N/A | T25: =VLOOKUP(P25,A:K,5,0) -> #N/A | U25: =VLOOKUP(P25,A:K,8,0) -> #N/A | V25: =VLOOKUP(P25,A:K,10,0) -> #N/A | W25: =(V25-U25)*100 -> #N/A | X25: =VLOOKUP(P25,Close[[ID]:[CreatedBy]],8,0) -> #N/A
... A653: 912834QV3 | B653: =IF(NOT(ISBLANK(A653)),VLOOKUP(A653,'BBT3'!A:F,2,0),"") -> Bond | C653: =IF(NOT(ISBLANK(A653)),VLOOKUP(A653,'BBT3'!A:F,3,0),"") -> US912834QV37 | D653: =IF(NOT(ISBLANK(A653)),VLOOKUP(A653,'BBT3'!A:F,4,1),"") -> 0 | E653: =IF(NOT(ISBLANK(A653)),VLOOKUP(A653,'BBT3'!A:F,5,0),"") -> 53646 | F653: =IF(NOT(ISBLANK(A653)),VLOOKUP(A653,'BBT3'!A:F,6,0),"") -> N | G653: =IF(NOT(ISBLANK(A653)),IF(D653=0,"Y","N"),"") -> Y | H653: =IF(NOT(ISBLANK(A653)),VLOOKUP(A653,'Close - PriceSaver'!A:J,5,0),"") -> 0.054084487 | I653: {=IF(NOT(ISBLANK(A653)),((_xlfn.XLOOKUP(1,(_bbt3[[#All],[ID]]=A653)*(_bbt3[[#All],[METRIC_NAME]]="YLD_YTM_ASK"),_bbt3[[#All],[METRIC_VALUE]])*0.5)+(_xlfn.XLOOKUP(1,(_bbt3[[#All],[ID]]=A653)*(_bbt3[[#All],[METRIC_NAME]]="YLD_YTM_BID"),_bbt3[[#All],[METRIC_VALUE]])*0.5))/100,"")} -> #N/A | J653: =IF(ISNA(VLOOKUP(A653,'CloseDL - PriceSaverBBT3'!A:E,5,0)),0,VLOOKUP(A653,'CloseDL - PriceSaverBBT3'!A:E,5,0)) -> 0.054084487 | K653: =IF(ISNA(IF(NOT(ISBLANK(A653)),ABS(H653-J653),"")),0,(IF(NOT(ISBLANK(A653)),ABS(H653-J653)*10000,""))) -> 0 | L653: =IF(Close[[#This Row],[CreatedBy]]="MARINER\SilverAdm",1,0) -> 1 | M653: =IF(NOT(ISBLANK(A653)),VLOOKUP(A653,'Close - PriceSaver'!A:J,6,0),"") -> DL input prc = 33.81910010 PX_ASK = 33.96961336 PX_BID = 33.66858684 | Q653: =VLOOKUP(P653,A:C,3,0) -> #N/A | R653: =VLOOKUP(P653,A:B,2,0) -> #N/A | S653: =VLOOKUP(P653,A:E,4,0) -> #N/A | T653: =VLOOKUP(P653,A:K,5,0) -> #N/A | U653: =VLOOKUP(P653,A:K,8,0) -> #N/A | V653: =VLOOKUP(P653,A:K,10,0) -> #N/A | W653: =(V653-U653)*100 -> #N/A | X653: =VLOOKUP(P653,Close[[ID]:[CreatedBy]],8,0) -> #N/A
B654: =IF(NOT(ISBLANK(A654)),VLOOKUP(A654,'BBT3'!A:F,2,0),"") | C654: =IF(NOT(ISBLANK(A654)),VLOOKUP(A654,'BBT3'!A:F,3,0),"") | D654: =IF(NOT(ISBLANK(A654)),VLOOKUP(A654,'BBT3'!A:F,4,1),"") | E654: =IF(NOT(ISBLANK(A654)),VLOOKUP(A654,'BBT3'!A:F,5,0),"") | F654: =IF(NOT(ISBLANK(A654)),VLOOKUP(A654,'BBT3'!A:F,6,0),"") | G654: =IF(NOT(ISBLANK(A654)),IF(D654=0,"Y","N"),"") | H654: =IF(NOT(ISBLANK(A654)),VLOOKUP(A654,'Close - PriceSaver'!A:J,5,0),"") | I654: {=IF(NOT(ISBLANK(A654)),((_xlfn.XLOOKUP(1,(_bbt3[[#All],[ID]]=A654)*(_bbt3[[#All],[METRIC_NAME]]="YLD_YTM_ASK"),_bbt3[[#All],[METRIC_VALUE]])*0.5)+(_xlfn.XLOOKUP(1,(_bbt3[[#All],[ID]]=A654)*(_bbt3[[#All],[METRIC_NAME]]="YLD_YTM_BID"),_bbt3[[#All],[METRIC_VALUE]])*0.5))/100,"")} | J654: =IF(ISNA(VLOOKUP(A654,'CloseDL - PriceSaverBBT3'!A:E,5,0)),0,VLOOKUP(A654,'CloseDL - PriceSaverBBT3'!A:E,5,0)) -> 0 | K654: =IF(ISNA(IF(NOT(ISBLANK(A654)),ABS(H654-J654),"")),0,(IF(NOT(ISBLANK(A654)),ABS(H654-J654)*10000,""))) | L654: =IF(Close[[#This Row],[CreatedBy]]="MARINER\SilverAdm",1,0) -> 1 | M654: =IF(NOT(ISBLANK(A654)),VLOOKUP(A654,'Close - PriceSaver'!A:J,6,0),"") | Q654: =VLOOKUP(P654,A:C,3,0) -> #N/A | R654: =VLOOKUP(P654,A:B,2,0) -> #N/A | S654: =VLOOKUP(P654,A:E,4,0) -> #N/A | T654: =VLOOKUP(P654,A:K,5,0) -> #N/A | U654: =VLOOKUP(P654,A:K,8,0) -> #N/A | V654: =VLOOKUP(P654,A:K,10,0) -> #N/A | W654: =(V654-U654)*100 -> #N/A | X654: =VLOOKUP(P654,Close[[ID]:[CreatedBy]],8,0) -> #N/A
B655: =IF(NOT(ISBLANK(A655)),VLOOKUP(A655,'BBT3'!A:F,2,0),"") | C655: =IF(NOT(ISBLANK(A655)),VLOOKUP(A655,'BBT3'!A:F,3,0),"") | D655: =IF(NOT(ISBLANK(A655)),VLOOKUP(A655,'BBT3'!A:F,4,1),"") | E655: =IF(NOT(ISBLANK(A655)),VLOOKUP(A655,'BBT3'!A:F,5,0),"") | F655: =IF(NOT(ISBLANK(A655)),VLOOKUP(A655,'BBT3'!A:F,6,0),"") | G655: =IF(NOT(ISBLANK(A655)),IF(D655=0,"Y","N"),"") | H655: =IF(NOT(ISBLANK(A655)),VLOOKUP(A655,'Close - PriceSaver'!A:J,5,0),"") | I655: {=IF(NOT(ISBLANK(A655)),((_xlfn.XLOOKUP(1,(_bbt3[[#All],[ID]]=A655)*(_bbt3[[#All],[METRIC_NAME]]="YLD_YTM_ASK"),_bbt3[[#All],[METRIC_VALUE]])*0.5)+(_xlfn.XLOOKUP(1,(_bbt3[[#All],[ID]]=A655)*(_bbt3[[#All],[METRIC_NAME]]="YLD_YTM_BID"),_bbt3[[#All],[METRIC_VALUE]])*0.5))/100,"")} | J655: =IF(ISNA(VLOOKUP(A655,'CloseDL - PriceSaverBBT3'!A:E,5,0)),0,VLOOKUP(A655,'CloseDL - PriceSaverBBT3'!A:E,5,0)) -> 0 | K655: =IF(ISNA(IF(NOT(ISBLANK(A655)),ABS(H655-J655),"")),0,(IF(NOT(ISBLANK(A655)),ABS(H655-J655)*10000,""))) | L655: =IF(Close[[#This Row],[CreatedBy]]="MARINER\SilverAdm",1,0) -> 1 | M655: =IF(NOT(ISBLANK(A655)),VLOOKUP(A655,'Close - PriceSaver'!A:J,6,0),"") | Q655: =VLOOKUP(P655,A:C,3,0) -> #N/A | R655: =VLOOKUP(P655,A:B,2,0) -> #N/A | S655: =VLOOKUP(P655,A:E,4,0) -> #N/A | T655: =VLOOKUP(P655,A:K,5,0) -> #N/A | U655: =VLOOKUP(P655,A:K,8,0) -> #N/A | V655: =VLOOKUP(P655,A:K,10,0) -> #N/A | W655: =(V655-U655)*100 -> #N/A | X655: =VLOOKUP(P655,Close[[ID]:[CreatedBy]],8,0) -> #N/A
B656: =IF(NOT(ISBLANK(A656)),VLOOKUP(A656,'BBT3'!A:F,2,0),"") | C656: =IF(NOT(ISBLANK(A656)),VLOOKUP(A656,'BBT3'!A:F,3,0),"") | D656: =IF(NOT(ISBLANK(A656)),VLOOKUP(A656,'BBT3'!A:F,4,1),"") | E656: =IF(NOT(ISBLANK(A656)),VLOOKUP(A656,'BBT3'!A:F,5,0),"") | F656: =IF(NOT(ISBLANK(A656)),VLOOKUP(A656,'BBT3'!A:F,6,0),"") | G656: =IF(NOT(ISBLANK(A656)),IF(D656=0,"Y","N"),"") | H656: =IF(NOT(ISBLANK(A656)),VLOOKUP(A656,'Close - PriceSaver'!A:J,5,0),"") | I656: {=IF(NOT(ISBLANK(A656)),((_xlfn.XLOOKUP(1,(_bbt3[[#All],[ID]]=A656)*(_bbt3[[#All],[METRIC_NAME]]="YLD_YTM_ASK"),_bbt3[[#All],[METRIC_VALUE]])*0.5)+(_xlfn.XLOOKUP(1,(_bbt3[[#All],[ID]]=A656)*(_bbt3[[#All],[METRIC_NAME]]="YLD_YTM_BID"),_bbt3[[#All],[METRIC_VALUE]])*0.5))/100,"")} | J656: =IF(ISNA(VLOOKUP(A656,'CloseDL - PriceSaverBBT3'!A:E,5,0)),0,VLOOKUP(A656,'CloseDL - PriceSaverBBT3'!A:E,5,0)) -> 0 | K656: =IF(ISNA(IF(NOT(ISBLANK(A656)),ABS(H656-J656),"")),0,(IF(NOT(ISBLANK(A656)),ABS(H656-J656)*10000,""))) | L656: =IF(Close[[#This Row],[CreatedBy]]="MARINER\SilverAdm",1,0) -> 1 | M656: =IF(NOT(ISBLANK(A656)),VLOOKUP(A656,'Close - PriceSaver'!A:J,6,0),"") | Q656: =VLOOKUP(P656,A:C,3,0) -> #N/A | R656: =VLOOKUP(P656,A:B,2,0) -> #N/A | S656: =VLOOKUP(P656,A:E,4,0) -> #N/A | T656: =VLOOKUP(P656,A:K,5,0) -> #N/A | U656: =VLOOKUP(P656,A:K,8,0) -> #N/A | V656: =VLOOKUP(P656,A:K,10,0) -> #N/A | W656: =(V656-U656)*100 -> #N/A | X656: =VLOOKUP(P656,Close[[ID]:[CreatedBy]],8,0) -> #N/A
B657: =IF(NOT(ISBLANK(A657)),VLOOKUP(A657,'BBT3'!A:F,2,0),"") | C657: =IF(NOT(ISBLANK(A657)),VLOOKUP(A657,'BBT3'!A:F,3,0),"") | D657: =IF(NOT(ISBLANK(A657)),VLOOKUP(A657,'BBT3'!A:F,4,1),"") | E657: =IF(NOT(ISBLANK(A657)),VLOOKUP(A657,'BBT3'!A:F,5,0),"") | F657: =IF(NOT(ISBLANK(A657)),VLOOKUP(A657,'BBT3'!A:F,6,0),"") | G657: =IF(NOT(ISBLANK(A657)),IF(D657=0,"Y","N"),"") | H657: =IF(NOT(ISBLANK(A657)),VLOOKUP(A657,'Close - PriceSaver'!A:J,5,0),"") | I657: {=IF(NOT(ISBLANK(A657)),((_xlfn.XLOOKUP(1,(_bbt3[[#All],[ID]]=A657)*(_bbt3[[#All],[METRIC_NAME]]="YLD_YTM_ASK"),_bbt3[[#All],[METRIC_VALUE]])*0.5)+(_xlfn.XLOOKUP(1,(_bbt3[[#All],[ID]]=A657)*(_bbt3[[#All],[METRIC_NAME]]="YLD_YTM_BID"),_bbt3[[#All],[METRIC_VALUE]])*0.5))/100,"")} | J657: =IF(ISNA(VLOOKUP(A657,'CloseDL - PriceSaverBBT3'!A:E,5,0)),0,VLOOKUP(A657,'CloseDL - PriceSaverBBT3'!A:E,5,0)) -> 0 | K657: =IF(ISNA(IF(NOT(ISBLANK(A657)),ABS(H657-J657),"")),0,(IF(NOT(ISBLANK(A657)),ABS(H657-J657)*10000,""))) | L657: =IF(Close[[#This Row],[CreatedBy]]="MARINER\SilverAdm",1,0) -> 1 | M657: =IF(NOT(ISBLANK(A657)),VLOOKUP(A657,'Close - PriceSaver'!A:J,6,0),"") | Q657: =VLOOKUP(P657,A:C,3,0) -> #N/A | R657: =VLOOKUP(P657,A:B,2,0) -> #N/A | S657: =VLOOKUP(P657,A:E,4,0) -> #N/A | T657: =VLOOKUP(P657,A:K,5,0) -> #N/A | U657: =VLOOKUP(P657,A:K,8,0) -> #N/A | V657: =VLOOKUP(P657,A:K,10,0) -> #N/A | W657: =(V657-U657)*100 -> #N/A | X657: =VLOOKUP(P657,Close[[ID]:[CreatedBy]],8,0) -> #N/A
B658: =IF(NOT(ISBLANK(A658)),VLOOKUP(A658,'BBT3'!A:F,2,0),"") | C658: =IF(NOT(ISBLANK(A658)),VLOOKUP(A658,'BBT3'!A:F,3,0),"") | D658: =IF(NOT(ISBLANK(A658)),VLOOKUP(A658,'BBT3'!A:F,4,1),"") | E658: =IF(NOT(ISBLANK(A658)),VLOOKUP(A658,'BBT3'!A:F,5,0),"") | F658: =IF(NOT(ISBLANK(A658)),VLOOKUP(A658,'BBT3'!A:F,6,0),"") | G658: =IF(NOT(ISBLANK(A658)),IF(D658=0,"Y","N"),"") | H658: =IF(NOT(ISBLANK(A658)),VLOOKUP(A658,'Close - PriceSaver'!A:J,5,0),"") | I658: {=IF(NOT(ISBLANK(A658)),((_xlfn.XLOOKUP(1,(_bbt3[[#All],[ID]]=A658)*(_bbt3[[#All],[METRIC_NAME]]="YLD_YTM_ASK"),_bbt3[[#All],[METRIC_VALUE]])*0.5)+(_xlfn.XLOOKUP(1,(_bbt3[[#All],[ID]]=A658)*(_bbt3[[#All],[METRIC_NAME]]="YLD_YTM_BID"),_bbt3[[#All],[METRIC_VALUE]])*0.5))/100,"")} | J658: =IF(ISNA(VLOOKUP(A658,'CloseDL - PriceSaverBBT3'!A:E,5,0)),0,VLOOKUP(A658,'CloseDL - PriceSaverBBT3'!A:E,5,0)) -> 0 | K658: =IF(ISNA(IF(NOT(ISBLANK(A658)),ABS(H658-J658),"")),0,(IF(NOT(ISBLANK(A658)),ABS(H658-J658)*10000,""))) | L658: =IF(Close[[#This Row],[CreatedBy]]="MARINER\SilverAdm",1,0) -> 1 | M658: =IF(NOT(ISBLANK(A658)),VLOOKUP(A658,'Close - PriceSaver'!A:J,6,0),"") | Q658: =VLOOKUP(P658,A:C,3,0) -> #N/A | R658: =VLOOKUP(P658,A:B,2,0) -> #N/A | S658: =VLOOKUP(P658,A:E,4,0) -> #N/A | T658: =VLOOKUP(P658,A:K,5,0) -> #N/A | U658: =VLOOKUP(P658,A:K,8,0) -> #N/A | V658: =VLOOKUP(P658,A:K,10,0) -> #N/A | W658: =(V658-U658)*100 -> #N/A | X658: =VLOOKUP(P658,Close[[ID]:[CreatedBy]],8,0) -> #N/A
B659: =IF(NOT(ISBLANK(A659)),VLOOKUP(A659,'BBT3'!A:F,2,0),"") | C659: =IF(NOT(ISBLANK(A659)),VLOOKUP(A659,'BBT3'!A:F,3,0),"") | D659: =IF(NOT(ISBLANK(A659)),VLOOKUP(A659,'BBT3'!A:F,4,1),"") | E659: =IF(NOT(ISBLANK(A659)),VLOOKUP(A659,'BBT3'!A:F,5,0),"") | F659: =IF(NOT(ISBLANK(A659)),VLOOKUP(A659,'BBT3'!A:F,6,0),"") | G659: =IF(NOT(ISBLANK(A659)),IF(D659=0,"Y","N"),"") | H659: =IF(NOT(ISBLANK(A659)),VLOOKUP(A659,'Close - PriceSaver'!A:J,5,0),"") | I659: {=IF(NOT(ISBLANK(A659)),((_xlfn.XLOOKUP(1,(_bbt3[[#All],[ID]]=A659)*(_bbt3[[#All],[METRIC_NAME]]="YLD_YTM_ASK"),_bbt3[[#All],[METRIC_VALUE]])*0.5)+(_xlfn.XLOOKUP(1,(_bbt3[[#All],[ID]]=A659)*(_bbt3[[#All],[METRIC_NAME]]="YLD_YTM_BID"),_bbt3[[#All],[METRIC_VALUE]])*0.5))/100,"")} | J659: =IF(ISNA(VLOOKUP(A659,'CloseDL - PriceSaverBBT3'!A:E,5,0)),0,VLOOKUP(A659,'CloseDL - PriceSaverBBT3'!A:E,5,0)) -> 0 | K659: =IF(ISNA(IF(NOT(ISBLANK(A659)),ABS(H659-J659),"")),0,(IF(NOT(ISBLANK(A659)),ABS(H659-J659)*10000,""))) | L659: =IF(Close[[#This Row],[CreatedBy]]="MARINER\SilverAdm",1,0) -> 1 | M659: =IF(NOT(ISBLANK(A659)),VLOOKUP(A659,'Close - PriceSaver'!A:J,6,0),"") | Q659: =VLOOKUP(P659,A:C,3,0) -> #N/A | R659: =VLOOKUP(P659,A:B,2,0) -> #N/A | S659: =VLOOKUP(P659,A:E,4,0) -> #N/A | T659: =VLOOKUP(P659,A:K,5,0) -> #N/A | U659: =VLOOKUP(P659,A:K,8,0) -> #N/A | V659: =VLOOKUP(P659,A:K,10,0) -> #N/A | W659: =(V659-U659)*100 -> #N/A | X659: =VLOOKUP(P659,Close[[ID]:[CreatedBy]],8,0) -> #N/A
B660: =IF(NOT(ISBLANK(A660)),VLOOKUP(A660,'BBT3'!A:F,2,0),"") | C660: =IF(NOT(ISBLANK(A660)),VLOOKUP(A660,'BBT3'!A:F,3,0),"") | D660: =IF(NOT(ISBLANK(A660)),VLOOKUP(A660,'BBT3'!A:F,4,1),"") | E660: =IF(NOT(ISBLANK(A660)),VLOOKUP(A660,'BBT3'!A:F,5,0),"") | F660: =IF(NOT(ISBLANK(A660)),VLOOKUP(A660,'BBT3'!A:F,6,0),"") | G660: =IF(NOT(ISBLANK(A660)),IF(D660=0,"Y","N"),"") | H660: =IF(NOT(ISBLANK(A660)),VLOOKUP(A660,'Close - PriceSaver'!A:J,5,0),"") | I660: {=IF(NOT(ISBLANK(A660)),((_xlfn.XLOOKUP(1,(_bbt3[[#All],[ID]]=A660)*(_bbt3[[#All],[METRIC_NAME]]="YLD_YTM_ASK"),_bbt3[[#All],[METRIC_VALUE]])*0.5)+(_xlfn.XLOOKUP(1,(_bbt3[[#All],[ID]]=A660)*(_bbt3[[#All],[METRIC_NAME]]="YLD_YTM_BID"),_bbt3[[#All],[METRIC_VALUE]])*0.5))/100,"")} | J660: =IF(ISNA(VLOOKUP(A660,'CloseDL - PriceSaverBBT3'!A:E,5,0)),0,VLOOKUP(A660,'CloseDL - PriceSaverBBT3'!A:E,5,0)) -> 0 | K660: =IF(ISNA(IF(NOT(ISBLANK(A660)),ABS(H660-J660),"")),0,(IF(NOT(ISBLANK(A660)),ABS(H660-J660)*10000,""))) | L660: =IF(Close[[#This Row],[CreatedBy]]="MARINER\SilverAdm",1,0) -> 1 | M660: =IF(NOT(ISBLANK(A660)),VLOOKUP(A660,'Close - PriceSaver'!A:J,6,0),"") | Q660: =VLOOKUP(P660,A:C,3,0) -> #N/A | R660: =VLOOKUP(P660,A:B,2,0) -> #N/A | S660: =VLOOKUP(P660,A:E,4,0) -> #N/A | T660: =VLOOKUP(P660,A:K,5,0) -> #N/A | U660: =VLOOKUP(P660,A:K,8,0) -> #N/A | V660: =VLOOKUP(P660,A:K,10,0) -> #N/A | W660: =(V660-U660)*100 -> #N/A | X660: =VLOOKUP(P660,Close[[ID]:[CreatedBy]],8,0) -> #N/A
B661: =IF(NOT(ISBLANK(A661)),VLOOKUP(A661,'BBT3'!A:F,2,0),"") | C661: =IF(NOT(ISBLANK(A661)),VLOOKUP(A661,'BBT3'!A:F,3,0),"") | D661: =IF(NOT(ISBLANK(A661)),VLOOKUP(A661,'BBT3'!A:F,4,1),"") | E661: =IF(NOT(ISBLANK(A661)),VLOOKUP(A661,'BBT3'!A:F,5,0),"") | F661: =IF(NOT(ISBLANK(A661)),VLOOKUP(A661,'BBT3'!A:F,6,0),"") | G661: =IF(NOT(ISBLANK(A661)),IF(D661=0,"Y","N"),"") | H661: =IF(NOT(ISBLANK(A661)),VLOOKUP(A661,'Close - PriceSaver'!A:J,5,0),"") | I661: {=IF(NOT(ISBLANK(A661)),((_xlfn.XLOOKUP(1,(_bbt3[[#All],[ID]]=A661)*(_bbt3[[#All],[METRIC_NAME]]="YLD_YTM_ASK"),_bbt3[[#All],[METRIC_VALUE]])*0.5)+(_xlfn.XLOOKUP(1,(_bbt3[[#All],[ID]]=A661)*(_bbt3[[#All],[METRIC_NAME]]="YLD_YTM_BID"),_bbt3[[#All],[METRIC_VALUE]])*0.5))/100,"")} | J661: =IF(ISNA(VLOOKUP(A661,'CloseDL - PriceSaverBBT3'!A:E,5,0)),0,VLOOKUP(A661,'CloseDL - PriceSaverBBT3'!A:E,5,0)) -> 0 | K661: =IF(ISNA(IF(NOT(ISBLANK(A661)),ABS(H661-J661),"")),0,(IF(NOT(ISBLANK(A661)),ABS(H661-J661)*10000,""))) | L661: =IF(Close[[#This Row],[CreatedBy]]="MARINER\SilverAdm",1,0) -> 1 | M661: =IF(NOT(ISBLANK(A661)),VLOOKUP(A661,'Close - PriceSaver'!A:J,6,0),"") | Q661: =VLOOKUP(P661,A:C,3,0) -> #N/A | R661: =VLOOKUP(P661,A:B,2,0) -> #N/A | S661: =VLOOKUP(P661,A:E,4,0) -> #N/A | T661: =VLOOKUP(P661,A:K,5,0) -> #N/A | U661: =VLOOKUP(P661,A:K,8,0) -> #N/A | V661: =VLOOKUP(P661,A:K,10,0) -> #N/A | W661: =(V661-U661)*100 -> #N/A | X661: =VLOOKUP(P661,Close[[ID]:[CreatedBy]],8,0) -> #N/A
B662: =IF(NOT(ISBLANK(A662)),VLOOKUP(A662,'BBT3'!A:F,2,0),"") | C662: =IF(NOT(ISBLANK(A662)),VLOOKUP(A662,'BBT3'!A:F,3,0),"") | D662: =IF(NOT(ISBLANK(A662)),VLOOKUP(A662,'BBT3'!A:F,4,1),"") | E662: =IF(NOT(ISBLANK(A662)),VLOOKUP(A662,'BBT3'!A:F,5,0),"") | F662: =IF(NOT(ISBLANK(A662)),VLOOKUP(A662,'BBT3'!A:F,6,0),"") | G662: =IF(NOT(ISBLANK(A662)),IF(D662=0,"Y","N"),"") | H662: =IF(NOT(ISBLANK(A662)),VLOOKUP(A662,'Close - PriceSaver'!A:J,5,0),"") | I662: {=IF(NOT(ISBLANK(A662)),((_xlfn.XLOOKUP(1,(_bbt3[[#All],[ID]]=A662)*(_bbt3[[#All],[METRIC_NAME]]="YLD_YTM_ASK"),_bbt3[[#All],[METRIC_VALUE]])*0.5)+(_xlfn.XLOOKUP(1,(_bbt3[[#All],[ID]]=A662)*(_bbt3[[#All],[METRIC_NAME]]="YLD_YTM_BID"),_bbt3[[#All],[METRIC_VALUE]])*0.5))/100,"")} | J662: =IF(ISNA(VLOOKUP(A662,'CloseDL - PriceSaverBBT3'!A:E,5,0)),0,VLOOKUP(A662,'CloseDL - PriceSaverBBT3'!A:E,5,0)) -> 0 | K662: =IF(ISNA(IF(NOT(ISBLANK(A662)),ABS(H662-J662),"")),0,(IF(NOT(ISBLANK(A662)),ABS(H662-J662)*10000,""))) | L662: =IF(Close[[#This Row],[CreatedBy]]="MARINER\SilverAdm",1,0) -> 1 | M662: =IF(NOT(ISBLANK(A662)),VLOOKUP(A662,'Close - PriceSaver'!A:J,6,0),"") | Q662: =VLOOKUP(P662,A:C,3,0) -> #N/A | R662: =VLOOKUP(P662,A:B,2,0) -> #N/A | S662: =VLOOKUP(P662,A:E,4,0) -> #N/A | T662: =VLOOKUP(P662,A:K,5,0) -> #N/A | U662: =VLOOKUP(P662,A:K,8,0) -> #N/A | V662: =VLOOKUP(P662,A:K,10,0) -> #N/A | W662: =(V662-U662)*100 -> #N/A | X662: =VLOOKUP(P662,Close[[ID]:[CreatedBy]],8,0) -> #N/A
B663: =IF(NOT(ISBLANK(A663)),VLOOKUP(A663,'BBT3'!A:F,2,0),"") | C663: =IF(NOT(ISBLANK(A663)),VLOOKUP(A663,'BBT3'!A:F,3,0),"") | D663: =IF(NOT(ISBLANK(A663)),VLOOKUP(A663,'BBT3'!A:F,4,1),"") | E663: =IF(NOT(ISBLANK(A663)),VLOOKUP(A663,'BBT3'!A:F,5,0),"") | F663: =IF(NOT(ISBLANK(A663)),VLOOKUP(A663,'BBT3'!A:F,6,0),"") | G663: =IF(NOT(ISBLANK(A663)),IF(D663=0,"Y","N"),"") | H663: =IF(NOT(ISBLANK(A663)),VLOOKUP(A663,'Close - PriceSaver'!A:J,5,0),"") | I663: {=IF(NOT(ISBLANK(A663)),((_xlfn.XLOOKUP(1,(_bbt3[[#All],[ID]]=A663)*(_bbt3[[#All],[METRIC_NAME]]="YLD_YTM_ASK"),_bbt3[[#All],[METRIC_VALUE]])*0.5)+(_xlfn.XLOOKUP(1,(_bbt3[[#All],[ID]]=A663)*(_bbt3[[#All],[METRIC_NAME]]="YLD_YTM_BID"),_bbt3[[#All],[METRIC_VALUE]])*0.5))/100,"")} | J663: =IF(ISNA(VLOOKUP(A663,'CloseDL - PriceSaverBBT3'!A:E,5,0)),0,VLOOKUP(A663,'CloseDL - PriceSaverBBT3'!A:E,5,0)) -> 0 | K663: =IF(ISNA(IF(NOT(ISBLANK(A663)),ABS(H663-J663),"")),0,(IF(NOT(ISBLANK(A663)),ABS(H663-J663)*10000,""))) | L663: =IF(Close[[#This Row],[CreatedBy]]="MARINER\SilverAdm",1,0) -> 1 | M663: =IF(NOT(ISBLANK(A663)),VLOOKUP(A663,'Close - PriceSaver'!A:J,6,0),"") | Q663: =VLOOKUP(P663,A:C,3,0) -> #N/A | R663: =VLOOKUP(P663,A:B,2,0) -> #N/A | S663: =VLOOKUP(P663,A:E,4,0) -> #N/A | T663: =VLOOKUP(P663,A:K,5,0) -> #N/A | U663: =VLOOKUP(P663,A:K,8,0) -> #N/A | V663: =VLOOKUP(P663,A:K,10,0) -> #N/A | W663: =(V663-U663)*100 -> #N/A | X663: =VLOOKUP(P663,Close[[ID]:[CreatedBy]],8,0) -> #N/A
B664: =IF(NOT(ISBLANK(A664)),VLOOKUP(A664,'BBT3'!A:F,2,0),"") | C664: =IF(NOT(ISBLANK(A664)),VLOOKUP(A664,'BBT3'!A:F,3,0),"") | D664: =IF(NOT(ISBLANK(A664)),VLOOKUP(A664,'BBT3'!A:F,4,1),"") | E664: =IF(NOT(ISBLANK(A664)),VLOOKUP(A664,'BBT3'!A:F,5,0),"") | F664: =IF(NOT(ISBLANK(A664)),VLOOKUP(A664,'BBT3'!A:F,6,0),"") | G664: =IF(NOT(ISBLANK(A664)),IF(D664=0,"Y","N"),"") | H664: =IF(NOT(ISBLANK(A664)),VLOOKUP(A664,'Close - PriceSaver'!A:J,5,0),"") | I664: {=IF(NOT(ISBLANK(A664)),((_xlfn.XLOOKUP(1,(_bbt3[[#All],[ID]]=A664)*(_bbt3[[#All],[METRIC_NAME]]="YLD_YTM_ASK"),_bbt3[[#All],[METRIC_VALUE]])*0.5)+(_xlfn.XLOOKUP(1,(_bbt3[[#All],[ID]]=A664)*(_bbt3[[#All],[METRIC_NAME]]="YLD_YTM_BID"),_bbt3[[#All],[METRIC_VALUE]])*0.5))/100,"")} | J664: =IF(ISNA(VLOOKUP(A664,'CloseDL - PriceSaverBBT3'!A:E,5,0)),0,VLOOKUP(A664,'CloseDL - PriceSaverBBT3'!A:E,5,0)) -> 0 | K664: =IF(ISNA(IF(NOT(ISBLANK(A664)),ABS(H664-J664),"")),0,(IF(NOT(ISBLANK(A664)),ABS(H664-J664)*10000,""))) | L664: =IF(Close[[#This Row],[CreatedBy]]="MARINER\SilverAdm",1,0) -> 1 | M664: =IF(NOT(ISBLANK(A664)),VLOOKUP(A664,'Close - PriceSaver'!A:J,6,0),"") | Q664: =VLOOKUP(P664,A:C,3,0) -> #N/A | R664: =VLOOKUP(P664,A:B,2,0) -> #N/A | S664: =VLOOKUP(P664,A:E,4,0) -> #N/A | T664: =VLOOKUP(Q664,A:K,5,0) -> #N/A | U664: =VLOOKUP(Q664,A:K,8,0) -> #N/A | V664: =VLOOKUP(Q664,A:K,10,0) -> #N/A | W664: =(V664-U664)*100 -> #N/A | X664: =VLOOKUP(P664,Close[[ID]:[CreatedBy]],8,0) -> #N/A
B665: =IF(NOT(ISBLANK(A665)),VLOOKUP(A665,'BBT3'!A:F,2,0),"") | C665: =IF(NOT(ISBLANK(A665)),VLOOKUP(A665,'BBT3'!A:F,3,0),"") | D665: =IF(NOT(ISBLANK(A665)),VLOOKUP(A665,'BBT3'!A:F,4,1),"") | E665: =IF(NOT(ISBLANK(A665)),VLOOKUP(A665,'BBT3'!A:F,5,0),"") | F665: =IF(NOT(ISBLANK(A665)),VLOOKUP(A665,'BBT3'!A:F,6,0),"") | G665: =IF(NOT(ISBLANK(A665)),IF(D665=0,"Y","N"),"") | H665: =IF(NOT(ISBLANK(A665)),VLOOKUP(A665,'Close - PriceSaver'!A:J,5,0),"") | I665: {=IF(NOT(ISBLANK(A665)),((_xlfn.XLOOKUP(1,(_bbt3[[#All],[ID]]=A665)*(_bbt3[[#All],[METRIC_NAME]]="YLD_YTM_ASK"),_bbt3[[#All],[METRIC_VALUE]])*0.5)+(_xlfn.XLOOKUP(1,(_bbt3[[#All],[ID]]=A665)*(_bbt3[[#All],[METRIC_NAME]]="YLD_YTM_BID"),_bbt3[[#All],[METRIC_VALUE]])*0.5))/100,"")} | J665: =IF(ISNA(VLOOKUP(A665,'CloseDL - PriceSaverBBT3'!A:E,5,0)),0,VLOOKUP(A665,'CloseDL - PriceSaverBBT3'!A:E,5,0)) -> 0 | K665: =IF(ISNA(IF(NOT(ISBLANK(A665)),ABS(H665-J665),"")),0,(IF(NOT(ISBLANK(A665)),ABS(H665-J665)*10000,""))) | L665: =IF(Close[[#This Row],[CreatedBy]]="MARINER\SilverAdm",1,0) -> 1 | M665: =IF(NOT(ISBLANK(A665)),VLOOKUP(A665,'Close - PriceSaver'!A:J,6,0),"") | Q665: =VLOOKUP(P665,A:C,3,0) -> #N/A | R665: =VLOOKUP(P665,A:B,2,0) -> #N/A | S665: =VLOOKUP(P665,A:E,4,0) -> #N/A | T665: =VLOOKUP(Q665,A:K,5,0) -> #N/A | U665: =VLOOKUP(Q665,A:K,8,0) -> #N/A | V665: =VLOOKUP(Q665,A:K,10,0) -> #N/A | W665: =(V665-U665)*100 -> #N/A | X665: =VLOOKUP(P665,Close[[ID]:[CreatedBy]],8,0) -> #N/A
B666: =IF(NOT(ISBLANK(A666)),VLOOKUP(A666,'BBT3'!A:F,2,0),"") | C666: =IF(NOT(ISBLANK(A666)),VLOOKUP(A666,'BBT3'!A:F,3,0),"") | D666: =IF(NOT(ISBLANK(A666)),VLOOKUP(A666,'BBT3'!A:F,4,1),"") | E666: =IF(NOT(ISBLANK(A666)),VLOOKUP(A666,'BBT3'!A:F,5,0),"") | F666: =IF(NOT(ISBLANK(A666)),VLOOKUP(A666,'BBT3'!A:F,6,0),"") | G666: =IF(NOT(ISBLANK(A666)),IF(D666=0,"Y","N"),"") | H666: =IF(NOT(ISBLANK(A666)),VLOOKUP(A666,'Close - PriceSaver'!A:J,5,0),"") | I666: {=IF(NOT(ISBLANK(A666)),((_xlfn.XLOOKUP(1,(_bbt3[[#All],[ID]]=A666)*(_bbt3[[#All],[METRIC_NAME]]="YLD_YTM_ASK"),_bbt3[[#All],[METRIC_VALUE]])*0.5)+(_xlfn.XLOOKUP(1,(_bbt3[[#All],[ID]]=A666)*(_bbt3[[#All],[METRIC_NAME]]="YLD_YTM_BID"),_bbt3[[#All],[METRIC_VALUE]])*0.5))/100,"")} | J666: =IF(ISNA(VLOOKUP(A666,'CloseDL - PriceSaverBBT3'!A:E,5,0)),0,VLOOKUP(A666,'CloseDL - PriceSaverBBT3'!A:E,5,0)) -> 0 | K666: =IF(ISNA(IF(NOT(ISBLANK(A666)),ABS(H666-J666),"")),0,(IF(NOT(ISBLANK(A666)),ABS(H666-J666)*10000,""))) | L666: =IF(Close[[#This Row],[CreatedBy]]="MARINER\SilverAdm",1,0) -> 1 | M666: =IF(NOT(ISBLANK(A666)),VLOOKUP(A666,'Close - PriceSaver'!A:J,6,0),"") | Q666: =VLOOKUP(P666,A:C,3,0) -> #N/A | R666: =VLOOKUP(P666,A:B,2,0) -> #N/A | S666: =VLOOKUP(P666,A:E,4,0) -> #N/A | T666: =VLOOKUP(Q666,A:K,5,0) -> #N/A | U666: =VLOOKUP(Q666,A:K,8,0) -> #N/A | V666: =VLOOKUP(Q666,A:K,10,0) -> #N/A | W666: =(V666-U666)*100 -> #N/A | X666: =VLOOKUP(P666,Close[[ID]:[CreatedBy]],8,0) -> #N/A
B667: =IF(NOT(ISBLANK(A667)),VLOOKUP(A667,'BBT3'!A:F,2,0),"") | C667: =IF(NOT(ISBLANK(A667)),VLOOKUP(A667,'BBT3'!A:F,3,0),"") | D667: =IF(NOT(ISBLANK(A667)),VLOOKUP(A667,'BBT3'!A:F,4,1),"") | E667: =IF(NOT(ISBLANK(A667)),VLOOKUP(A667,'BBT3'!A:F,5,0),"") | F667: =IF(NOT(ISBLANK(A667)),VLOOKUP(A667,'BBT3'!A:F,6,0),"") | G667: =IF(NOT(ISBLANK(A667)),IF(D667=0,"Y","N"),"") | H667: =IF(NOT(ISBLANK(A667)),VLOOKUP(A667,'Close - PriceSaver'!A:J,5,0),"") | I667: {=IF(NOT(ISBLANK(A667)),((_xlfn.XLOOKUP(1,(_bbt3[[#All],[ID]]=A667)*(_bbt3[[#All],[METRIC_NAME]]="YLD_YTM_ASK"),_bbt3[[#All],[METRIC_VALUE]])*0.5)+(_xlfn.XLOOKUP(1,(_bbt3[[#All],[ID]]=A667)*(_bbt3[[#All],[METRIC_NAME]]="YLD_YTM_BID"),_bbt3[[#All],[METRIC_VALUE]])*0.5))/100,"")} | J667: =IF(ISNA(VLOOKUP(A667,'CloseDL - PriceSaverBBT3'!A:E,5,0)),0,VLOOKUP(A667,'CloseDL - PriceSaverBBT3'!A:E,5,0)) -> 0 | K667: =IF(ISNA(IF(NOT(ISBLANK(A667)),ABS(H667-J667),"")),0,(IF(NOT(ISBLANK(A667)),ABS(H667-J667)*10000,""))) | L667: =IF(Close[[#This Row],[CreatedBy]]="MARINER\SilverAdm",1,0) -> 1 | M667: =IF(NOT(ISBLANK(A667)),VLOOKUP(A667,'Close - PriceSaver'!A:J,6,0),"") | Q667: =VLOOKUP(P667,A:C,3,0) -> #N/A | R667: =VLOOKUP(P667,A:B,2,0) -> #N/A | S667: =VLOOKUP(P667,A:E,4,0) -> #N/A | T667: =VLOOKUP(Q667,A:K,5,0) -> #N/A | U667: =VLOOKUP(Q667,A:K,8,0) -> #N/A | V667: =VLOOKUP(Q667,A:K,10,0) -> #N/A | W667: =(V667-U667)*100 -> #N/A | X667: =VLOOKUP(P667,Close[[ID]:[CreatedBy]],8,0) -> #N/A
B668: =IF(NOT(ISBLANK(A668)),VLOOKUP(A668,'BBT3'!A:F,2,0),"") | C668: =IF(NOT(ISBLANK(A668)),VLOOKUP(A668,'BBT3'!A:F,3,0),"") | D668: =IF(NOT(ISBLANK(A668)),VLOOKUP(A668,'BBT3'!A:F,4,1),"") | E668: =IF(NOT(ISBLANK(A668)),VLOOKUP(A668,'BBT3'!A:F,5,0),"") | F668: =IF(NOT(ISBLANK(A668)),VLOOKUP(A668,'BBT3'!A:F,6,0),"") | G668: =IF(NOT(ISBLANK(A668)),IF(D668=0,"Y","N"),"") | H668: =IF(NOT(ISBLANK(A668)),VLOOKUP(A668,'Close - PriceSaver'!A:J,5,0),"") | I668: {=IF(NOT(ISBLANK(A668)),((_xlfn.XLOOKUP(1,(_bbt3[[#All],[ID]]=A668)*(_bbt3[[#All],[METRIC_NAME]]="YLD_YTM_ASK"),_bbt3[[#All],[METRIC_VALUE]])*0.5)+(_xlfn.XLOOKUP(1,(_bbt3[[#All],[ID]]=A668)*(_bbt3[[#All],[METRIC_NAME]]="YLD_YTM_BID"),_bbt3[[#All],[METRIC_VALUE]])*0.5))/100,"")} | J668: =IF(ISNA(VLOOKUP(A668,'CloseDL - PriceSaverBBT3'!A:E,5,0)),0,VLOOKUP(A668,'CloseDL - PriceSaverBBT3'!A:E,5,0)) -> 0 | K668: =IF(ISNA(IF(NOT(ISBLANK(A668)),ABS(H668-J668),"")),0,(IF(NOT(ISBLANK(A668)),ABS(H668-J668)*10000,""))) | L668: =IF(Close[[#This Row],[CreatedBy]]="MARINER\SilverAdm",1,0) -> 1 | M668: =IF(NOT(ISBLANK(A668)),VLOOKUP(A668,'Close - PriceSaver'!A:J,6,0),"") | Q668: =VLOOKUP(P668,A:C,3,0) -> #N/A | R668: =VLOOKUP(P668,A:B,2,0) -> #N/A | S668: =VLOOKUP(P668,A:E,4,0) -> #N/A | T668: =VLOOKUP(Q668,A:K,5,0) -> #N/A | U668: =VLOOKUP(Q668,A:K,8,0) -> #N/A | V668: =VLOOKUP(Q668,A:K,10,0) -> #N/A | W668: =(V668-U668)*100 -> #N/A | X668: =VLOOKUP(P668,Close[[ID]:[CreatedBy]],8,0) -> #N/A
B669: =IF(NOT(ISBLANK(A669)),VLOOKUP(A669,'BBT3'!A:F,2,0),"") | C669: =IF(NOT(ISBLANK(A669)),VLOOKUP(A669,'BBT3'!A:F,3,0),"") | D669: =IF(NOT(ISBLANK(A669)),VLOOKUP(A669,'BBT3'!A:F,4,1),"") | E669: =IF(NOT(ISBLANK(A669)),VLOOKUP(A669,'BBT3'!A:F,5,0),"") | F669: =IF(NOT(ISBLANK(A669)),VLOOKUP(A669,'BBT3'!A:F,6,0),"") | G669: =IF(NOT(ISBLANK(A669)),IF(D669=0,"Y","N"),"") | H669: =IF(NOT(ISBLANK(A669)),VLOOKUP(A669,'Close - PriceSaver'!A:J,5,0),"") | I669: {=IF(NOT(ISBLANK(A669)),((_xlfn.XLOOKUP(1,(_bbt3[[#All],[ID]]=A669)*(_bbt3[[#All],[METRIC_NAME]]="YLD_YTM_ASK"),_bbt3[[#All],[METRIC_VALUE]])*0.5)+(_xlfn.XLOOKUP(1,(_bbt3[[#All],[ID]]=A669)*(_bbt3[[#All],[METRIC_NAME]]="YLD_YTM_BID"),_bbt3[[#All],[METRIC_VALUE]])*0.5))/100,"")} | J669: =IF(ISNA(VLOOKUP(A669,'CloseDL - PriceSaverBBT3'!A:E,5,0)),0,VLOOKUP(A669,'CloseDL - PriceSaverBBT3'!A:E,5,0)) -> 0 | K669: =IF(ISNA(IF(NOT(ISBLANK(A669)),ABS(H669-J669),"")),0,(IF(NOT(ISBLANK(A669)),ABS(H669-J669)*10000,""))) | L669: =IF(Close[[#This Row],[CreatedBy]]="MARINER\SilverAdm",1,0) -> 1 | M669: =IF(NOT(ISBLANK(A669)),VLOOKUP(A669,'Close - PriceSaver'!A:J,6,0),"") | Q669: =VLOOKUP(P669,A:C,3,0) -> #N/A | R669: =VLOOKUP(P669,A:B,2,0) -> #N/A | S669: =VLOOKUP(P669,A:E,4,0) -> #N/A | T669: =VLOOKUP(Q669,A:K,5,0) -> #N/A | U669: =VLOOKUP(Q669,A:K,8,0) -> #N/A | V669: =VLOOKUP(Q669,A:K,10,0) -> #N/A | W669: =(V669-U669)*100 -> #N/A | X669: =VLOOKUP(P669,Close[[ID]:[CreatedBy]],8,0) -> #N/A
B670: =IF(NOT(ISBLANK(A670)),VLOOKUP(A670,'BBT3'!A:F,2,0),"") | C670: =IF(NOT(ISBLANK(A670)),VLOOKUP(A670,'BBT3'!A:F,3,0),"") | D670: =IF(NOT(ISBLANK(A670)),VLOOKUP(A670,'BBT3'!A:F,4,1),"") | E670: =IF(NOT(ISBLANK(A670)),VLOOKUP(A670,'BBT3'!A:F,5,0),"") | F670: =IF(NOT(ISBLANK(A670)),VLOOKUP(A670,'BBT3'!A:F,6,0),"") | G670: =IF(NOT(ISBLANK(A670)),IF(D670=0,"Y","N"),"") | H670: =IF(NOT(ISBLANK(A670)),VLOOKUP(A670,'Close - PriceSaver'!A:J,5,0),"") | I670: {=IF(NOT(ISBLANK(A670)),((_xlfn.XLOOKUP(1,(_bbt3[[#All],[ID]]=A670)*(_bbt3[[#All],[METRIC_NAME]]="YLD_YTM_ASK"),_bbt3[[#All],[METRIC_VALUE]])*0.5)+(_xlfn.XLOOKUP(1,(_bbt3[[#All],[ID]]=A670)*(_bbt3[[#All],[METRIC_NAME]]="YLD_YTM_BID"),_bbt3[[#All],[METRIC_VALUE]])*0.5))/100,"")} | J670: =IF(ISNA(VLOOKUP(A670,'CloseDL - PriceSaverBBT3'!A:E,5,0)),0,VLOOKUP(A670,'CloseDL - PriceSaverBBT3'!A:E,5,0)) -> 0 | K670: =IF(ISNA(IF(NOT(ISBLANK(A670)),ABS(H670-J670),"")),0,(IF(NOT(ISBLANK(A670)),ABS(H670-J670)*10000,""))) | L670: =IF(Close[[#This Row],[CreatedBy]]="MARINER\SilverAdm",1,0) -> 1 | M670: =IF(NOT(ISBLANK(A670)),VLOOKUP(A670,'Close - PriceSaver'!A:J,6,0),"") | Q670: =VLOOKUP(P670,A:C,3,0) -> #N/A | R670: =VLOOKUP(P670,A:B,2,0) -> #N/A | S670: =VLOOKUP(P670,A:E,4,0) -> #N/A | T670: =VLOOKUP(Q670,A:K,5,0) -> #N/A | U670: =VLOOKUP(Q670,A:K,8,0) -> #N/A | V670: =VLOOKUP(Q670,A:K,10,0) -> #N/A | W670: =(V670-U670)*100 -> #N/A | X670: =VLOOKUP(P670,Close[[ID]:[CreatedBy]],8,0) -> #N/A
B671: =IF(NOT(ISBLANK(A671)),VLOOKUP(A671,'BBT3'!A:F,2,0),"") | C671: =IF(NOT(ISBLANK(A671)),VLOOKUP(A671,'BBT3'!A:F,3,0),"") | D671: =IF(NOT(ISBLANK(A671)),VLOOKUP(A671,'BBT3'!A:F,4,1),"") | E671: =IF(NOT(ISBLANK(A671)),VLOOKUP(A671,'BBT3'!A:F,5,0),"") | F671: =IF(NOT(ISBLANK(A671)),VLOOKUP(A671,'BBT3'!A:F,6,0),"") | G671: =IF(NOT(ISBLANK(A671)),IF(D671=0,"Y","N"),"") | H671: =IF(NOT(ISBLANK(A671)),VLOOKUP(A671,'Close - PriceSaver'!A:J,5,0),"") | I671: {=IF(NOT(ISBLANK(A671)),((_xlfn.XLOOKUP(1,(_bbt3[[#All],[ID]]=A671)*(_bbt3[[#All],[METRIC_NAME]]="YLD_YTM_ASK"),_bbt3[[#All],[METRIC_VALUE]])*0.5)+(_xlfn.XLOOKUP(1,(_bbt3[[#All],[ID]]=A671)*(_bbt3[[#All],[METRIC_NAME]]="YLD_YTM_BID"),_bbt3[[#All],[METRIC_VALUE]])*0.5))/100,"")} | J671: =IF(ISNA(VLOOKUP(A671,'CloseDL - PriceSaverBBT3'!A:E,5,0)),0,VLOOKUP(A671,'CloseDL - PriceSaverBBT3'!A:E,5,0)) -> 0 | K671: =IF(ISNA(IF(NOT(ISBLANK(A671)),ABS(H671-J671),"")),0,(IF(NOT(ISBLANK(A671)),ABS(H671-J671)*10000,""))) | L671: =IF(Close[[#This Row],[CreatedBy]]="MARINER\SilverAdm",1,0) -> 1 | M671: =IF(NOT(ISBLANK(A671)),VLOOKUP(A671,'Close - PriceSaver'!A:J,6,0),"") | Q671: =VLOOKUP(P671,A:C,3,0) -> #N/A | R671: =VLOOKUP(P671,A:B,2,0) -> #N/A | S671: =VLOOKUP(P671,A:E,4,0) -> #N/A | T671: =VLOOKUP(Q671,A:K,5,0) -> #N/A | U671: =VLOOKUP(Q671,A:K,8,0) -> #N/A | V671: =VLOOKUP(Q671,A:K,10,0) -> #N/A | W671: =(V671-U671)*100 -> #N/A | X671: =VLOOKUP(P671,Close[[ID]:[CreatedBy]],8,0) -> #N/A
B672: =IF(NOT(ISBLANK(A672)),VLOOKUP(A672,'BBT3'!A:F,2,0),"") | C672: =IF(NOT(ISBLANK(A672)),VLOOKUP(A672,'BBT3'!A:F,3,0),"") | D672: =IF(NOT(ISBLANK(A672)),VLOOKUP(A672,'BBT3'!A:F,4,1),"") | E672: =IF(NOT(ISBLANK(A672)),VLOOKUP(A672,'BBT3'!A:F,5,0),"") | F672: =IF(NOT(ISBLANK(A672)),VLOOKUP(A672,'BBT3'!A:F,6,0),"") | G672: =IF(NOT(ISBLANK(A672)),IF(D672=0,"Y","N"),"") | H672: =IF(NOT(ISBLANK(A672)),VLOOKUP(A672,'Close - PriceSaver'!A:J,5,0),"") | I672: {=IF(NOT(ISBLANK(A672)),((_xlfn.XLOOKUP(1,(_bbt3[[#All],[ID]]=A672)*(_bbt3[[#All],[METRIC_NAME]]="YLD_YTM_ASK"),_bbt3[[#All],[METRIC_VALUE]])*0.5)+(_xlfn.XLOOKUP(1,(_bbt3[[#All],[ID]]=A672)*(_bbt3[[#All],[METRIC_NAME]]="YLD_YTM_BID"),_bbt3[[#All],[METRIC_VALUE]])*0.5))/100,"")} | J672: =IF(ISNA(VLOOKUP(A672,'CloseDL - PriceSaverBBT3'!A:E,5,0)),0,VLOOKUP(A672,'CloseDL - PriceSaverBBT3'!A:E,5,0)) -> 0 | K672: =IF(ISNA(IF(NOT(ISBLANK(A672)),ABS(H672-J672),"")),0,(IF(NOT(ISBLANK(A672)),ABS(H672-J672)*10000,""))) | L672: =IF(Close[[#This Row],[CreatedBy]]="MARINER\SilverAdm",1,0) -> 1 | M672: =IF(NOT(ISBLANK(A672)),VLOOKUP(A672,'Close - PriceSaver'!A:J,6,0),"") | Q672: =VLOOKUP(P672,A:C,3,0) -> #N/A | R672: =VLOOKUP(P672,A:B,2,0) -> #N/A | S672: =VLOOKUP(P672,A:E,4,0) -> #N/A | T672: =VLOOKUP(Q672,A:K,5,0) -> #N/A | U672: =VLOOKUP(Q672,A:K,8,0) -> #N/A | V672: =VLOOKUP(Q672,A:K,10,0) -> #N/A | W672: =(V672-U672)*100 -> #N/A | X672: =VLOOKUP(P672,Close[[ID]:[CreatedBy]],8,0) -> #N/A
B673: =IF(NOT(ISBLANK(A673)),VLOOKUP(A673,'BBT3'!A:F,2,0),"") | C673: =IF(NOT(ISBLANK(A673)),VLOOKUP(A673,'BBT3'!A:F,3,0),"") | D673: =IF(NOT(ISBLANK(A673)),VLOOKUP(A673,'BBT3'!A:F,4,1),"") | E673: =IF(NOT(ISBLANK(A673)),VLOOKUP(A673,'BBT3'!A:F,5,0),"") | F673: =IF(NOT(ISBLANK(A673)),VLOOKUP(A673,'BBT3'!A:F,6,0),"") | G673: =IF(NOT(ISBLANK(A673)),IF(D673=0,"Y","N"),"") | H673: =IF(NOT(ISBLANK(A673)),VLOOKUP(A673,'Close - PriceSaver'!A:J,5,0),"") | I673: {=IF(NOT(ISBLANK(A673)),((_xlfn.XLOOKUP(1,(_bbt3[[#All],[ID]]=A673)*(_bbt3[[#All],[METRIC_NAME]]="YLD_YTM_ASK"),_bbt3[[#All],[METRIC_VALUE]])*0.5)+(_xlfn.XLOOKUP(1,(_bbt3[[#All],[ID]]=A673)*(_bbt3[[#All],[METRIC_NAME]]="YLD_YTM_BID"),_bbt3[[#All],[METRIC_VALUE]])*0.5))/100,"")} | J673: =IF(ISNA(VLOOKUP(A673,'CloseDL - PriceSaverBBT3'!A:E,5,0)),0,VLOOKUP(A673,'CloseDL - PriceSaverBBT3'!A:E,5,0)) -> 0 | K673: =IF(ISNA(IF(NOT(ISBLANK(A673)),ABS(H673-J673),"")),0,(IF(NOT(ISBLANK(A673)),ABS(H673-J673)*10000,""))) | L673: =IF(Close[[#This Row],[CreatedBy]]="MARINER\SilverAdm",1,0) -> 1 | M673: =IF(NOT(ISBLANK(A673)),VLOOKUP(A673,'Close - PriceSaver'!A:J,6,0),"") | Q673: =VLOOKUP(P673,A:C,3,0) -> #N/A | R673: =VLOOKUP(P673,A:B,2,0) -> #N/A | S673: =VLOOKUP(P673,A:E,4,0) -> #N/A | T673: =VLOOKUP(Q673,A:K,5,0) -> #N/A | U673: =VLOOKUP(Q673,A:K,8,0) -> #N/A | V673: =VLOOKUP(Q673,A:K,10,0) -> #N/A | W673: =(V673-U673)*100 -> #N/A | X673: =VLOOKUP(P673,Close[[ID]:[CreatedBy]],8,0) -> #N/A
B674: =IF(NOT(ISBLANK(A674)),VLOOKUP(A674,'BBT3'!A:F,2,0),"") | C674: =IF(NOT(ISBLANK(A674)),VLOOKUP(A674,'BBT3'!A:F,3,0),"") | D674: =IF(NOT(ISBLANK(A674)),VLOOKUP(A674,'BBT3'!A:F,4,1),"") | E674: =IF(NOT(ISBLANK(A674)),VLOOKUP(A674,'BBT3'!A:F,5,0),"") | F674: =IF(NOT(ISBLANK(A674)),VLOOKUP(A674,'BBT3'!A:F,6,0),"") | G674: =IF(NOT(ISBLANK(A674)),IF(D674=0,"Y","N"),"") | H674: =IF(NOT(ISBLANK(A674)),VLOOKUP(A674,'Close - PriceSaver'!A:J,5,0),"") | I674: {=IF(NOT(ISBLANK(A674)),((_xlfn.XLOOKUP(1,(_bbt3[[#All],[ID]]=A674)*(_bbt3[[#All],[METRIC_NAME]]="YLD_YTM_ASK"),_bbt3[[#All],[METRIC_VALUE]])*0.5)+(_xlfn.XLOOKUP(1,(_bbt3[[#All],[ID]]=A674)*(_bbt3[[#All],[METRIC_NAME]]="YLD_YTM_BID"),_bbt3[[#All],[METRIC_VALUE]])*0.5))/100,"")} | J674: =IF(ISNA(VLOOKUP(A674,'CloseDL - PriceSaverBBT3'!A:E,5,0)),0,VLOOKUP(A674,'CloseDL - PriceSaverBBT3'!A:E,5,0)) -> 0 | K674: =IF(ISNA(IF(NOT(ISBLANK(A674)),ABS(H674-J674),"")),0,(IF(NOT(ISBLANK(A674)),ABS(H674-J674)*10000,""))) | L674: =IF(Close[[#This Row],[CreatedBy]]="MARINER\SilverAdm",1,0) -> 1 | M674: =IF(NOT(ISBLANK(A674)),VLOOKUP(A674,'Close - PriceSaver'!A:J,6,0),"") | Q674: =VLOOKUP(P674,A:C,3,0) -> #N/A | R674: =VLOOKUP(P674,A:B,2,0) -> #N/A | S674: =VLOOKUP(P674,A:E,4,0) -> #N/A | T674: =VLOOKUP(Q674,A:K,5,0) -> #N/A | U674: =VLOOKUP(Q674,A:K,8,0) -> #N/A | V674: =VLOOKUP(Q674,A:K,10,0) -> #N/A | W674: =(V674-U674)*100 -> #N/A | X674: =VLOOKUP(P674,Close[[ID]:[CreatedBy]],8,0) -> #N/A
B675: =IF(NOT(ISBLANK(A675)),VLOOKUP(A675,'BBT3'!A:F,2,0),"") | C675: =IF(NOT(ISBLANK(A675)),VLOOKUP(A675,'BBT3'!A:F,3,0),"") | D675: =IF(NOT(ISBLANK(A675)),VLOOKUP(A675,'BBT3'!A:F,4,1),"") | E675: =IF(NOT(ISBLANK(A675)),VLOOKUP(A675,'BBT3'!A:F,5,0),"") | F675: =IF(NOT(ISBLANK(A675)),VLOOKUP(A675,'BBT3'!A:F,6,0),"") | G675: =IF(NOT(ISBLANK(A675)),IF(D675=0,"Y","N"),"") | H675: =IF(NOT(ISBLANK(A675)),VLOOKUP(A675,'Close - PriceSaver'!A:J,5,0),"") | I675: {=IF(NOT(ISBLANK(A675)),((_xlfn.XLOOKUP(1,(_bbt3[[#All],[ID]]=A675)*(_bbt3[[#All],[METRIC_NAME]]="YLD_YTM_ASK"),_bbt3[[#All],[METRIC_VALUE]])*0.5)+(_xlfn.XLOOKUP(1,(_bbt3[[#All],[ID]]=A675)*(_bbt3[[#All],[METRIC_NAME]]="YLD_YTM_BID"),_bbt3[[#All],[METRIC_VALUE]])*0.5))/100,"")} | J675: =IF(ISNA(VLOOKUP(A675,'CloseDL - PriceSaverBBT3'!A:E,5,0)),0,VLOOKUP(A675,'CloseDL - PriceSaverBBT3'!A:E,5,0)) -> 0 | K675: =IF(ISNA(IF(NOT(ISBLANK(A675)),ABS(H675-J675),"")),0,(IF(NOT(ISBLANK(A675)),ABS(H675-J675)*10000,""))) | L675: =IF(Close[[#This Row],[CreatedBy]]="MARINER\SilverAdm",1,0) -> 1 | M675: =IF(NOT(ISBLANK(A675)),VLOOKUP(A675,'Close - PriceSaver'!A:J,6,0),"") | Q675: =VLOOKUP(P675,A:C,3,0) -> #N/A | R675: =VLOOKUP(P675,A:B,2,0) -> #N/A | S675: =VLOOKUP(P675,A:E,4,0) -> #N/A | T675: =VLOOKUP(Q675,A:K,5,0) -> #N/A | U675: =VLOOKUP(Q675,A:K,8,0) -> #N/A | V675: =VLOOKUP(Q675,A:K,10,0) -> #N/A | W675: =(V675-U675)*100 -> #N/A | X675: =VLOOKUP(P675,Close[[ID]:[CreatedBy]],8,0) -> #N/A
... B1414: =IF(NOT(ISBLANK(A1414)),VLOOKUP(A1414,'BBT3'!A:F,2,0),"") | C1414: =IF(NOT(ISBLANK(A1414)),VLOOKUP(A1414,'BBT3'!A:F,3,0),"") | D1414: =IF(NOT(ISBLANK(A1414)),VLOOKUP(A1414,'BBT3'!A:F,4,1),"") | E1414: =IF(NOT(ISBLANK(A1414)),VLOOKUP(A1414,'BBT3'!A:F,5,0),"") | F1414: =IF(NOT(ISBLANK(A1414)),VLOOKUP(A1414,'BBT3'!A:F,6,0),"") | G1414: =IF(NOT(ISBLANK(A1414)),IF(D1414=0,"Y","N"),"") | H1414: =IF(NOT(ISBLANK(A1414)),VLOOKUP(A1414,'Close - PriceSaver'!A:J,5,0),"") | I1414: {=IF(NOT(ISBLANK(A1414)),((_xlfn.XLOOKUP(1,(_bbt3[[#All],[ID]]=A1414)*(_bbt3[[#All],[METRIC_NAME]]="YLD_YTM_ASK"),_bbt3[[#All],[METRIC_VALUE]])*0.5)+(_xlfn.XLOOKUP(1,(_bbt3[[#All],[ID]]=A1414)*(_bbt3[[#All],[METRIC_NAME]]="YLD_YTM_BID"),_bbt3[[#All],[METRIC_VALUE]])*0.5))/100,"")} | J1414: =IF(ISNA(VLOOKUP(A1414,'CloseDL - PriceSaverBBT3'!A:E,5,0)),0,VLOOKUP(A1414,'CloseDL - PriceSaverBBT3'!A:E,5,0)) -> 0 | K1414: =IF(ISNA(IF(NOT(ISBLANK(A1414)),ABS(H1414-J1414),"")),0,(IF(NOT(ISBLANK(A1414)),ABS(H1414-J1414)*10000,""))) | L1414: =IF(Close[[#This Row],[CreatedBy]]="MARINER\SilverAdm",1,0) -> 1 | M1414: =IF(NOT(ISBLANK(A1414)),VLOOKUP(A1414,'Close - PriceSaver'!A:J,6,0),"") | Q1414: =VLOOKUP(P1414,A:C,3,0) -> #N/A | R1414: =VLOOKUP(P1414,A:B,2,0) -> #N/A | S1414: =VLOOKUP(P1414,A:E,4,0) -> #N/A | T1414: =VLOOKUP(Q1414,A:K,5,0) -> #N/A | U1414: =VLOOKUP(Q1414,A:K,8,0) -> #N/A | V1414: =VLOOKUP(Q1414,A:K,10,0) -> #N/A | W1414: =(V1414-U1414)*100 -> #N/A | X1414: =VLOOKUP(P1414,Close[[ID]:[CreatedBy]],8,0) -> #N/A
B1415: =IF(NOT(ISBLANK(A1415)),VLOOKUP(A1415,'BBT3'!A:F,2,0),"") | C1415: =IF(NOT(ISBLANK(A1415)),VLOOKUP(A1415,'BBT3'!A:F,3,0),"") | D1415: =IF(NOT(ISBLANK(A1415)),VLOOKUP(A1415,'BBT3'!A:F,4,1),"") | E1415: =IF(NOT(ISBLANK(A1415)),VLOOKUP(A1415,'BBT3'!A:F,5,0),"") | F1415: =IF(NOT(ISBLANK(A1415)),VLOOKUP(A1415,'BBT3'!A:F,6,0),"") | G1415: =IF(NOT(ISBLANK(A1415)),IF(D1415=0,"Y","N"),"") | H1415: =IF(NOT(ISBLANK(A1415)),VLOOKUP(A1415,'Close - PriceSaver'!A:J,5,0),"") | I1415: {=IF(NOT(ISBLANK(A1415)),((_xlfn.XLOOKUP(1,(_bbt3[[#All],[ID]]=A1415)*(_bbt3[[#All],[METRIC_NAME]]="YLD_YTM_ASK"),_bbt3[[#All],[METRIC_VALUE]])*0.5)+(_xlfn.XLOOKUP(1,(_bbt3[[#All],[ID]]=A1415)*(_bbt3[[#All],[METRIC_NAME]]="YLD_YTM_BID"),_bbt3[[#All],[METRIC_VALUE]])*0.5))/100,"")} | J1415: =IF(ISNA(VLOOKUP(A1415,'CloseDL - PriceSaverBBT3'!A:E,5,0)),0,VLOOKUP(A1415,'CloseDL - PriceSaverBBT3'!A:E,5,0)) -> 0 | K1415: =IF(ISNA(IF(NOT(ISBLANK(A1415)),ABS(H1415-J1415),"")),0,(IF(NOT(ISBLANK(A1415)),ABS(H1415-J1415)*10000,""))) | L1415: =IF(Close[[#This Row],[CreatedBy]]="MARINER\SilverAdm",1,0) -> 1 | M1415: =IF(NOT(ISBLANK(A1415)),VLOOKUP(A1415,'Close - PriceSaver'!A:J,6,0),"") | Q1415: =VLOOKUP(P1415,A:C,3,0) -> #N/A | T1415: =VLOOKUP(Q1415,A:K,5,0) -> #N/A | U1415: =VLOOKUP(Q1415,A:K,8,0) -> #N/A | V1415: =VLOOKUP(Q1415,A:K,10,0) -> #N/A | W1415: =(V1415-U1415)*100 -> #N/A | X1415: =VLOOKUP(P1415,Close[[ID]:[CreatedBy]],8,0) -> #N/A
B1416: =IF(NOT(ISBLANK(A1416)),VLOOKUP(A1416,'BBT3'!A:F,2,0),"") | C1416: =IF(NOT(ISBLANK(A1416)),VLOOKUP(A1416,'BBT3'!A:F,3,0),"") | D1416: =IF(NOT(ISBLANK(A1416)),VLOOKUP(A1416,'BBT3'!A:F,4,1),"") | E1416: =IF(NOT(ISBLANK(A1416)),VLOOKUP(A1416,'BBT3'!A:F,5,0),"") | F1416: =IF(NOT(ISBLANK(A1416)),VLOOKUP(A1416,'BBT3'!A:F,6,0),"") | G1416: =IF(NOT(ISBLANK(A1416)),IF(D1416=0,"Y","N"),"") | H1416: =IF(NOT(ISBLANK(A1416)),VLOOKUP(A1416,'Close - PriceSaver'!A:J,5,0),"") | I1416: {=IF(NOT(ISBLANK(A1416)),((_xlfn.XLOOKUP(1,(_bbt3[[#All],[ID]]=A1416)*(_bbt3[[#All],[METRIC_NAME]]="YLD_YTM_ASK"),_bbt3[[#All],[METRIC_VALUE]])*0.5)+(_xlfn.XLOOKUP(1,(_bbt3[[#All],[ID]]=A1416)*(_bbt3[[#All],[METRIC_NAME]]="YLD_YTM_BID"),_bbt3[[#All],[METRIC_VALUE]])*0.5))/100,"")} | J1416: =IF(ISNA(VLOOKUP(A1416,'CloseDL - PriceSaverBBT3'!A:E,5,0)),0,VLOOKUP(A1416,'CloseDL - PriceSaverBBT3'!A:E,5,0)) -> 0 | K1416: =IF(ISNA(IF(NOT(ISBLANK(A1416)),ABS(H1416-J1416),"")),0,(IF(NOT(ISBLANK(A1416)),ABS(H1416-J1416)*10000,""))) | L1416: =IF(Close[[#This Row],[CreatedBy]]="MARINER\SilverAdm",1,0) -> 1 | M1416: =IF(NOT(ISBLANK(A1416)),VLOOKUP(A1416,'Close - PriceSaver'!A:J,6,0),"") | Q1416: =VLOOKUP(P1416,A:C,3,0) -> #N/A | T1416: =VLOOKUP(Q1416,A:K,5,0) -> #N/A | U1416: =VLOOKUP(Q1416,A:K,8,0) -> #N/A | V1416: =VLOOKUP(Q1416,A:K,10,0) -> #N/A | W1416: =(V1416-U1416)*100 -> #N/A | X1416: =VLOOKUP(P1416,Close[[ID]:[CreatedBy]],8,0) -> #N/A
B1417: =IF(NOT(ISBLANK(A1417)),VLOOKUP(A1417,'BBT3'!A:F,2,0),"") | C1417: =IF(NOT(ISBLANK(A1417)),VLOOKUP(A1417,'BBT3'!A:F,3,0),"") | D1417: =IF(NOT(ISBLANK(A1417)),VLOOKUP(A1417,'BBT3'!A:F,4,1),"") | E1417: =IF(NOT(ISBLANK(A1417)),VLOOKUP(A1417,'BBT3'!A:F,5,0),"") | F1417: =IF(NOT(ISBLANK(A1417)),VLOOKUP(A1417,'BBT3'!A:F,6,0),"") | G1417: =IF(NOT(ISBLANK(A1417)),IF(D1417=0,"Y","N"),"") | H1417: =IF(NOT(ISBLANK(A1417)),VLOOKUP(A1417,'Close - PriceSaver'!A:J,5,0),"") | I1417: {=IF(NOT(ISBLANK(A1417)),((_xlfn.XLOOKUP(1,(_bbt3[[#All],[ID]]=A1417)*(_bbt3[[#All],[METRIC_NAME]]="YLD_YTM_ASK"),_bbt3[[#All],[METRIC_VALUE]])*0.5)+(_xlfn.XLOOKUP(1,(_bbt3[[#All],[ID]]=A1417)*(_bbt3[[#All],[METRIC_NAME]]="YLD_YTM_BID"),_bbt3[[#All],[METRIC_VALUE]])*0.5))/100,"")} | J1417: =IF(ISNA(VLOOKUP(A1417,'CloseDL - PriceSaverBBT3'!A:E,5,0)),0,VLOOKUP(A1417,'CloseDL - PriceSaverBBT3'!A:E,5,0)) -> 0 | K1417: =IF(ISNA(IF(NOT(ISBLANK(A1417)),ABS(H1417-J1417),"")),0,(IF(NOT(ISBLANK(A1417)),ABS(H1417-J1417)*10000,""))) | L1417: =IF(Close[[#This Row],[CreatedBy]]="MARINER\SilverAdm",1,0) -> 1 | M1417: =IF(NOT(ISBLANK(A1417)),VLOOKUP(A1417,'Close - PriceSaver'!A:J,6,0),"") | Q1417: =VLOOKUP(P1417,A:C,3,0) -> #N/A | T1417: =VLOOKUP(Q1417,A:K,5,0) -> #N/A | U1417: =VLOOKUP(Q1417,A:K,8,0) -> #N/A | V1417: =VLOOKUP(Q1417,A:K,10,0) -> #N/A | W1417: =(V1417-U1417)*100 -> #N/A | X1417: =VLOOKUP(P1417,Close[[ID]:[CreatedBy]],8,0) -> #N/A
B1418: =IF(NOT(ISBLANK(A1418)),VLOOKUP(A1418,'BBT3'!A:F,2,0),"") | C1418: =IF(NOT(ISBLANK(A1418)),VLOOKUP(A1418,'BBT3'!A:F,3,0),"") | D1418: =IF(NOT(ISBLANK(A1418)),VLOOKUP(A1418,'BBT3'!A:F,4,1),"") | E1418: =IF(NOT(ISBLANK(A1418)),VLOOKUP(A1418,'BBT3'!A:F,5,0),"") | F1418: =IF(NOT(ISBLANK(A1418)),VLOOKUP(A1418,'BBT3'!A:F,6,0),"") | G1418: =IF(NOT(ISBLANK(A1418)),IF(D1418=0,"Y","N"),"") | H1418: =IF(NOT(ISBLANK(A1418)),VLOOKUP(A1418,'Close - PriceSaver'!A:J,5,0),"") | I1418: {=IF(NOT(ISBLANK(A1418)),((_xlfn.XLOOKUP(1,(_bbt3[[#All],[ID]]=A1418)*(_bbt3[[#All],[METRIC_NAME]]="YLD_YTM_ASK"),_bbt3[[#All],[METRIC_VALUE]])*0.5)+(_xlfn.XLOOKUP(1,(_bbt3[[#All],[ID]]=A1418)*(_bbt3[[#All],[METRIC_NAME]]="YLD_YTM_BID"),_bbt3[[#All],[METRIC_VALUE]])*0.5))/100,"")} | J1418: =IF(ISNA(VLOOKUP(A1418,'CloseDL - PriceSaverBBT3'!A:E,5,0)),0,VLOOKUP(A1418,'CloseDL - PriceSaverBBT3'!A:E,5,0)) -> 0 | K1418: =IF(ISNA(IF(NOT(ISBLANK(A1418)),ABS(H1418-J1418),"")),0,(IF(NOT(ISBLANK(A1418)),ABS(H1418-J1418)*10000,""))) | L1418: =IF(Close[[#This Row],[CreatedBy]]="MARINER\SilverAdm",1,0) -> 1 | M1418: =IF(NOT(ISBLANK(A1418)),VLOOKUP(A1418,'Close - PriceSaver'!A:J,6,0),"") | Q1418: =VLOOKUP(P1418,A:C,3,0) -> #N/A | T1418: =VLOOKUP(Q1418,A:K,5,0) -> #N/A | U1418: =VLOOKUP(Q1418,A:K,8,0) -> #N/A | V1418: =VLOOKUP(Q1418,A:K,10,0) -> #N/A | W1418: =(V1418-U1418)*100 -> #N/A | X1418: =VLOOKUP(P1418,Close[[ID]:[CreatedBy]],8,0) -> #N/A
B1419: =IF(NOT(ISBLANK(A1419)),VLOOKUP(A1419,'BBT3'!A:F,2,0),"") | C1419: =IF(NOT(ISBLANK(A1419)),VLOOKUP(A1419,'BBT3'!A:F,3,0),"") | D1419: =IF(NOT(ISBLANK(A1419)),VLOOKUP(A1419,'BBT3'!A:F,4,1),"") | E1419: =IF(NOT(ISBLANK(A1419)),VLOOKUP(A1419,'BBT3'!A:F,5,0),"") | F1419: =IF(NOT(ISBLANK(A1419)),VLOOKUP(A1419,'BBT3'!A:F,6,0),"") | G1419: =IF(NOT(ISBLANK(A1419)),IF(D1419=0,"Y","N"),"") | H1419: =IF(NOT(ISBLANK(A1419)),VLOOKUP(A1419,'Close - PriceSaver'!A:J,5,0),"") | I1419: {=IF(NOT(ISBLANK(A1419)),((_xlfn.XLOOKUP(1,(_bbt3[[#All],[ID]]=A1419)*(_bbt3[[#All],[METRIC_NAME]]="YLD_YTM_ASK"),_bbt3[[#All],[METRIC_VALUE]])*0.5)+(_xlfn.XLOOKUP(1,(_bbt3[[#All],[ID]]=A1419)*(_bbt3[[#All],[METRIC_NAME]]="YLD_YTM_BID"),_bbt3[[#All],[METRIC_VALUE]])*0.5))/100,"")} | J1419: =IF(ISNA(VLOOKUP(A1419,'CloseDL - PriceSaverBBT3'!A:E,5,0)),0,VLOOKUP(A1419,'CloseDL - PriceSaverBBT3'!A:E,5,0)) -> 0 | K1419: =IF(ISNA(IF(NOT(ISBLANK(A1419)),ABS(H1419-J1419),"")),0,(IF(NOT(ISBLANK(A1419)),ABS(H1419-J1419)*10000,""))) | L1419: =IF(Close[[#This Row],[CreatedBy]]="MARINER\SilverAdm",1,0) -> 1 | M1419: =IF(NOT(ISBLANK(A1419)),VLOOKUP(A1419,'Close - PriceSaver'!A:J,6,0),"") | Q1419: =VLOOKUP(P1419,A:C,3,0) -> #N/A | T1419: =VLOOKUP(Q1419,A:K,5,0) -> #N/A | U1419: =VLOOKUP(Q1419,A:K,8,0) -> #N/A | V1419: =VLOOKUP(Q1419,A:K,10,0) -> #N/A | W1419: =(V1419-U1419)*100 -> #N/A | X1419: =VLOOKUP(P1419,Close[[ID]:[CreatedBy]],8,0) -> #N/A
B1420: =IF(NOT(ISBLANK(A1420)),VLOOKUP(A1420,'BBT3'!A:F,2,0),"") | C1420: =IF(NOT(ISBLANK(A1420)),VLOOKUP(A1420,'BBT3'!A:F,3,0),"") | D1420: =IF(NOT(ISBLANK(A1420)),VLOOKUP(A1420,'BBT3'!A:F,4,1),"") | E1420: =IF(NOT(ISBLANK(A1420)),VLOOKUP(A1420,'BBT3'!A:F,5,0),"") | F1420: =IF(NOT(ISBLANK(A1420)),VLOOKUP(A1420,'BBT3'!A:F,6,0),"") | G1420: =IF(NOT(ISBLANK(A1420)),IF(D1420=0,"Y","N"),"") | H1420: =IF(NOT(ISBLANK(A1420)),VLOOKUP(A1420,'Close - PriceSaver'!A:J,5,0),"") | I1420: {=IF(NOT(ISBLANK(A1420)),((_xlfn.XLOOKUP(1,(_bbt3[[#All],[ID]]=A1420)*(_bbt3[[#All],[METRIC_NAME]]="YLD_YTM_ASK"),_bbt3[[#All],[METRIC_VALUE]])*0.5)+(_xlfn.XLOOKUP(1,(_bbt3[[#All],[ID]]=A1420)*(_bbt3[[#All],[METRIC_NAME]]="YLD_YTM_BID"),_bbt3[[#All],[METRIC_VALUE]])*0.5))/100,"")} | J1420: =IF(ISNA(VLOOKUP(A1420,'CloseDL - PriceSaverBBT3'!A:E,5,0)),0,VLOOKUP(A1420,'CloseDL - PriceSaverBBT3'!A:E,5,0)) -> 0 | K1420: =IF(ISNA(IF(NOT(ISBLANK(A1420)),ABS(H1420-J1420),"")),0,(IF(NOT(ISBLANK(A1420)),ABS(H1420-J1420)*10000,""))) | L1420: =IF(Close[[#This Row],[CreatedBy]]="MARINER\SilverAdm",1,0) -> 1 | M1420: =IF(NOT(ISBLANK(A1420)),VLOOKUP(A1420,'Close - PriceSaver'!A:J,6,0),"") | Q1420: =VLOOKUP(P1420,A:C,3,0) -> #N/A | T1420: =VLOOKUP(Q1420,A:K,5,0) -> #N/A | U1420: =VLOOKUP(Q1420,A:K,8,0) -> #N/A | V1420: =VLOOKUP(Q1420,A:K,10,0) -> #N/A | W1420: =(V1420-U1420)*100 -> #N/A | X1420: =VLOOKUP(P1420,Close[[ID]:[CreatedBy]],8,0) -> #N/A
B1421: =IF(NOT(ISBLANK(A1421)),VLOOKUP(A1421,'BBT3'!A:F,2,0),"") | C1421: =IF(NOT(ISBLANK(A1421)),VLOOKUP(A1421,'BBT3'!A:F,3,0),"") | D1421: =IF(NOT(ISBLANK(A1421)),VLOOKUP(A1421,'BBT3'!A:F,4,1),"") | E1421: =IF(NOT(ISBLANK(A1421)),VLOOKUP(A1421,'BBT3'!A:F,5,0),"") | F1421: =IF(NOT(ISBLANK(A1421)),VLOOKUP(A1421,'BBT3'!A:F,6,0),"") | G1421: =IF(NOT(ISBLANK(A1421)),IF(D1421=0,"Y","N"),"") | H1421: =IF(NOT(ISBLANK(A1421)),VLOOKUP(A1421,'Close - PriceSaver'!A:J,5,0),"") | I1421: {=IF(NOT(ISBLANK(A1421)),((_xlfn.XLOOKUP(1,(_bbt3[[#All],[ID]]=A1421)*(_bbt3[[#All],[METRIC_NAME]]="YLD_YTM_ASK"),_bbt3[[#All],[METRIC_VALUE]])*0.5)+(_xlfn.XLOOKUP(1,(_bbt3[[#All],[ID]]=A1421)*(_bbt3[[#All],[METRIC_NAME]]="YLD_YTM_BID"),_bbt3[[#All],[METRIC_VALUE]])*0.5))/100,"")} | J1421: =IF(ISNA(VLOOKUP(A1421,'CloseDL - PriceSaverBBT3'!A:E,5,0)),0,VLOOKUP(A1421,'CloseDL - PriceSaverBBT3'!A:E,5,0)) -> 0 | K1421: =IF(ISNA(IF(NOT(ISBLANK(A1421)),ABS(H1421-J1421),"")),0,(IF(NOT(ISBLANK(A1421)),ABS(H1421-J1421)*10000,""))) | L1421: =IF(Close[[#This Row],[CreatedBy]]="MARINER\SilverAdm",1,0) -> 1 | M1421: =IF(NOT(ISBLANK(A1421)),VLOOKUP(A1421,'Close - PriceSaver'!A:J,6,0),"") | Q1421: =VLOOKUP(P1421,A:C,3,0) -> #N/A | T1421: =VLOOKUP(Q1421,A:K,5,0) -> #N/A | U1421: =VLOOKUP(Q1421,A:K,8,0) -> #N/A | V1421: =VLOOKUP(Q1421,A:K,10,0) -> #N/A | W1421: =(V1421-U1421)*100 -> #N/A | X1421: =VLOOKUP(P1421,Close[[ID]:[CreatedBy]],8,0) -> #N/A
B1422: =IF(NOT(ISBLANK(A1422)),VLOOKUP(A1422,'BBT3'!A:F,2,0),"") | C1422: =IF(NOT(ISBLANK(A1422)),VLOOKUP(A1422,'BBT3'!A:F,3,0),"") | D1422: =IF(NOT(ISBLANK(A1422)),VLOOKUP(A1422,'BBT3'!A:F,4,1),"") | E1422: =IF(NOT(ISBLANK(A1422)),VLOOKUP(A1422,'BBT3'!A:F,5,0),"") | F1422: =IF(NOT(ISBLANK(A1422)),VLOOKUP(A1422,'BBT3'!A:F,6,0),"") | G1422: =IF(NOT(ISBLANK(A1422)),IF(D1422=0,"Y","N"),"") | H1422: =IF(NOT(ISBLANK(A1422)),VLOOKUP(A1422,'Close - PriceSaver'!A:J,5,0),"") | I1422: {=IF(NOT(ISBLANK(A1422)),((_xlfn.XLOOKUP(1,(_bbt3[[#All],[ID]]=A1422)*(_bbt3[[#All],[METRIC_NAME]]="YLD_YTM_ASK"),_bbt3[[#All],[METRIC_VALUE]])*0.5)+(_xlfn.XLOOKUP(1,(_bbt3[[#All],[ID]]=A1422)*(_bbt3[[#All],[METRIC_NAME]]="YLD_YTM_BID"),_bbt3[[#All],[METRIC_VALUE]])*0.5))/100,"")} | J1422: =IF(ISNA(VLOOKUP(A1422,'CloseDL - PriceSaverBBT3'!A:E,5,0)),0,VLOOKUP(A1422,'CloseDL - PriceSaverBBT3'!A:E,5,0)) -> 0 | K1422: =IF(ISNA(IF(NOT(ISBLANK(A1422)),ABS(H1422-J1422),"")),0,(IF(NOT(ISBLANK(A1422)),ABS(H1422-J1422)*10000,""))) | L1422: =IF(Close[[#This Row],[CreatedBy]]="MARINER\SilverAdm",1,0) -> 1 | M1422: =IF(NOT(ISBLANK(A1422)),VLOOKUP(A1422,'Close - PriceSaver'!A:J,6,0),"") | Q1422: =VLOOKUP(P1422,A:C,3,0) -> #N/A | T1422: =VLOOKUP(Q1422,A:K,5,0) -> #N/A | U1422: =VLOOKUP(Q1422,A:K,8,0) -> #N/A | V1422: =VLOOKUP(Q1422,A:K,10,0) -> #N/A | W1422: =(V1422-U1422)*100 -> #N/A | X1422: =VLOOKUP(P1422,Close[[ID]:[CreatedBy]],8,0) -> #N/A
B1423: =IF(NOT(ISBLANK(A1423)),VLOOKUP(A1423,'BBT3'!A:F,2,0),"") | C1423: =IF(NOT(ISBLANK(A1423)),VLOOKUP(A1423,'BBT3'!A:F,3,0),"") | D1423: =IF(NOT(ISBLANK(A1423)),VLOOKUP(A1423,'BBT3'!A:F,4,1),"") | E1423: =IF(NOT(ISBLANK(A1423)),VLOOKUP(A1423,'BBT3'!A:F,5,0),"") | F1423: =IF(NOT(ISBLANK(A1423)),VLOOKUP(A1423,'BBT3'!A:F,6,0),"") | G1423: =IF(NOT(ISBLANK(A1423)),IF(D1423=0,"Y","N"),"") | H1423: =IF(NOT(ISBLANK(A1423)),VLOOKUP(A1423,'Close - PriceSaver'!A:J,5,0),"") | I1423: {=IF(NOT(ISBLANK(A1423)),((_xlfn.XLOOKUP(1,(_bbt3[[#All],[ID]]=A1423)*(_bbt3[[#All],[METRIC_NAME]]="YLD_YTM_ASK"),_bbt3[[#All],[METRIC_VALUE]])*0.5)+(_xlfn.XLOOKUP(1,(_bbt3[[#All],[ID]]=A1423)*(_bbt3[[#All],[METRIC_NAME]]="YLD_YTM_BID"),_bbt3[[#All],[METRIC_VALUE]])*0.5))/100,"")} | J1423: =IF(ISNA(VLOOKUP(A1423,'CloseDL - PriceSaverBBT3'!A:E,5,0)),0,VLOOKUP(A1423,'CloseDL - PriceSaverBBT3'!A:E,5,0)) -> 0 | K1423: =IF(ISNA(IF(NOT(ISBLANK(A1423)),ABS(H1423-J1423),"")),0,(IF(NOT(ISBLANK(A1423)),ABS(H1423-J1423)*10000,""))) | L1423: =IF(Close[[#This Row],[CreatedBy]]="MARINER\SilverAdm",1,0) -> 1 | M1423: =IF(NOT(ISBLANK(A1423)),VLOOKUP(A1423,'Close - PriceSaver'!A:J,6,0),"") | Q1423: =VLOOKUP(P1423,A:C,3,0) -> #N/A | T1423: =VLOOKUP(Q1423,A:K,5,0) -> #N/A | U1423: =VLOOKUP(Q1423,A:K,8,0) -> #N/A | V1423: =VLOOKUP(Q1423,A:K,10,0) -> #N/A | W1423: =(V1423-U1423)*100 -> #N/A | X1423: =VLOOKUP(P1423,Close[[ID]:[CreatedBy]],8,0) -> #N/A
B1424: =IF(NOT(ISBLANK(A1424)),VLOOKUP(A1424,'BBT3'!A:F,2,0),"") | C1424: =IF(NOT(ISBLANK(A1424)),VLOOKUP(A1424,'BBT3'!A:F,3,0),"") | D1424: =IF(NOT(ISBLANK(A1424)),VLOOKUP(A1424,'BBT3'!A:F,4,1),"") | E1424: =IF(NOT(ISBLANK(A1424)),VLOOKUP(A1424,'BBT3'!A:F,5,0),"") | F1424: =IF(NOT(ISBLANK(A1424)),VLOOKUP(A1424,'BBT3'!A:F,6,0),"") | G1424: =IF(NOT(ISBLANK(A1424)),IF(D1424=0,"Y","N"),"") | H1424: =IF(NOT(ISBLANK(A1424)),VLOOKUP(A1424,'Close - PriceSaver'!A:J,5,0),"") | I1424: {=IF(NOT(ISBLANK(A1424)),((_xlfn.XLOOKUP(1,(_bbt3[[#All],[ID]]=A1424)*(_bbt3[[#All],[METRIC_NAME]]="YLD_YTM_ASK"),_bbt3[[#All],[METRIC_VALUE]])*0.5)+(_xlfn.XLOOKUP(1,(_bbt3[[#All],[ID]]=A1424)*(_bbt3[[#All],[METRIC_NAME]]="YLD_YTM_BID"),_bbt3[[#All],[METRIC_VALUE]])*0.5))/100,"")} | J1424: =IF(ISNA(VLOOKUP(A1424,'CloseDL - PriceSaverBBT3'!A:E,5,0)),0,VLOOKUP(A1424,'CloseDL - PriceSaverBBT3'!A:E,5,0)) -> 0 | K1424: =IF(ISNA(IF(NOT(ISBLANK(A1424)),ABS(H1424-J1424),"")),0,(IF(NOT(ISBLANK(A1424)),ABS(H1424-J1424)*10000,""))) | L1424: =IF(Close[[#This Row],[CreatedBy]]="MARINER\SilverAdm",1,0) -> 1 | M1424: =IF(NOT(ISBLANK(A1424)),VLOOKUP(A1424,'Close - PriceSaver'!A:J,6,0),"") | Q1424: =VLOOKUP(P1424,A:C,3,0) -> #N/A | T1424: =VLOOKUP(Q1424,A:K,5,0) -> #N/A | U1424: =VLOOKUP(Q1424,A:K,8,0) -> #N/A | V1424: =VLOOKUP(Q1424,A:K,10,0) -> #N/A | W1424: =(V1424-U1424)*100 -> #N/A | X1424: =VLOOKUP(P1424,Close[[ID]:[CreatedBy]],8,0) -> #N/A
B1425: =IF(NOT(ISBLANK(A1425)),VLOOKUP(A1425,'BBT3'!A:F,2,0),"") | C1425: =IF(NOT(ISBLANK(A1425)),VLOOKUP(A1425,'BBT3'!A:F,3,0),"") | D1425: =IF(NOT(ISBLANK(A1425)),VLOOKUP(A1425,'BBT3'!A:F,4,1),"") | E1425: =IF(NOT(ISBLANK(A1425)),VLOOKUP(A1425,'BBT3'!A:F,5,0),"") | F1425: =IF(NOT(ISBLANK(A1425)),VLOOKUP(A1425,'BBT3'!A:F,6,0),"") | G1425: =IF(NOT(ISBLANK(A1425)),IF(D1425=0,"Y","N"),"") | H1425: =IF(NOT(ISBLANK(A1425)),VLOOKUP(A1425,'Close - PriceSaver'!A:J,5,0),"") | I1425: {=IF(NOT(ISBLANK(A1425)),((_xlfn.XLOOKUP(1,(_bbt3[[#All],[ID]]=A1425)*(_bbt3[[#All],[METRIC_NAME]]="YLD_YTM_ASK"),_bbt3[[#All],[METRIC_VALUE]])*0.5)+(_xlfn.XLOOKUP(1,(_bbt3[[#All],[ID]]=A1425)*(_bbt3[[#All],[METRIC_NAME]]="YLD_YTM_BID"),_bbt3[[#All],[METRIC_VALUE]])*0.5))/100,"")} | J1425: =IF(ISNA(VLOOKUP(A1425,'CloseDL - PriceSaverBBT3'!A:E,5,0)),0,VLOOKUP(A1425,'CloseDL - PriceSaverBBT3'!A:E,5,0)) -> 0 | K1425: =IF(ISNA(IF(NOT(ISBLANK(A1425)),ABS(H1425-J1425),"")),0,(IF(NOT(ISBLANK(A1425)),ABS(H1425-J1425)*10000,""))) | L1425: =IF(Close[[#This Row],[CreatedBy]]="MARINER\SilverAdm",1,0) -> 1 | M1425: =IF(NOT(ISBLANK(A1425)),VLOOKUP(A1425,'Close - PriceSaver'!A:J,6,0),"") | Q1425: =VLOOKUP(P1425,A:C,3,0) -> #N/A | T1425: =VLOOKUP(Q1425,A:K,5,0) -> #N/A | U1425: =VLOOKUP(Q1425,A:K,8,0) -> #N/A | V1425: =VLOOKUP(Q1425,A:K,10,0) -> #N/A | W1425: =(V1425-U1425)*100 -> #N/A | X1425: =VLOOKUP(P1425,Close[[ID]:[CreatedBy]],8,0) -> #N/A
B1426: =IF(NOT(ISBLANK(A1426)),VLOOKUP(A1426,'BBT3'!A:F,2,0),"") | C1426: =IF(NOT(ISBLANK(A1426)),VLOOKUP(A1426,'BBT3'!A:F,3,0),"") | D1426: =IF(NOT(ISBLANK(A1426)),VLOOKUP(A1426,'BBT3'!A:F,4,1),"") | E1426: =IF(NOT(ISBLANK(A1426)),VLOOKUP(A1426,'BBT3'!A:F,5,0),"") | F1426: =IF(NOT(ISBLANK(A1426)),VLOOKUP(A1426,'BBT3'!A:F,6,0),"") | G1426: =IF(NOT(ISBLANK(A1426)),IF(D1426=0,"Y","N"),"") | H1426: =IF(NOT(ISBLANK(A1426)),VLOOKUP(A1426,'Close - PriceSaver'!A:J,5,0),"") | I1426: {=IF(NOT(ISBLANK(A1426)),((_xlfn.XLOOKUP(1,(_bbt3[[#All],[ID]]=A1426)*(_bbt3[[#All],[METRIC_NAME]]="YLD_YTM_ASK"),_bbt3[[#All],[METRIC_VALUE]])*0.5)+(_xlfn.XLOOKUP(1,(_bbt3[[#All],[ID]]=A1426)*(_bbt3[[#All],[METRIC_NAME]]="YLD_YTM_BID"),_bbt3[[#All],[METRIC_VALUE]])*0.5))/100,"")} | J1426: =IF(ISNA(VLOOKUP(A1426,'CloseDL - PriceSaverBBT3'!A:E,5,0)),0,VLOOKUP(A1426,'CloseDL - PriceSaverBBT3'!A:E,5,0)) -> 0 | K1426: =IF(ISNA(IF(NOT(ISBLANK(A1426)),ABS(H1426-J1426),"")),0,(IF(NOT(ISBLANK(A1426)),ABS(H1426-J1426)*10000,""))) | L1426: =IF(Close[[#This Row],[CreatedBy]]="MARINER\SilverAdm",1,0) -> 1 | M1426: =IF(NOT(ISBLANK(A1426)),VLOOKUP(A1426,'Close - PriceSaver'!A:J,6,0),"") | Q1426: =VLOOKUP(P1426,A:C,3,0) -> #N/A | T1426: =VLOOKUP(Q1426,A:K,5,0) -> #N/A | U1426: =VLOOKUP(Q1426,A:K,8,0) -> #N/A | V1426: =VLOOKUP(Q1426,A:K,10,0) -> #N/A | W1426: =(V1426-U1426)*100 -> #N/A | X1426: =VLOOKUP(P1426,Close[[ID]:[CreatedBy]],8,0) -> #N/A
... B1452: =IF(NOT(ISBLANK(A1452)),VLOOKUP(A1452,'BBT3'!A:F,2,0),"") | C1452: =IF(NOT(ISBLANK(A1452)),VLOOKUP(A1452,'BBT3'!A:F,3,0),"") | D1452: =IF(NOT(ISBLANK(A1452)),VLOOKUP(A1452,'BBT3'!A:F,4,1),"") | E1452: =IF(NOT(ISBLANK(A1452)),VLOOKUP(A1452,'BBT3'!A:F,5,0),"") | F1452: =IF(NOT(ISBLANK(A1452)),VLOOKUP(A1452,'BBT3'!A:F,6,0),"") | G1452: =IF(NOT(ISBLANK(A1452)),IF(D1452=0,"Y","N"),"") | H1452: =IF(NOT(ISBLANK(A1452)),VLOOKUP(A1452,'Close - PriceSaver'!A:J,5,0),"") | I1452: {=IF(NOT(ISBLANK(A1452)),((_xlfn.XLOOKUP(1,(_bbt3[[#All],[ID]]=A1452)*(_bbt3[[#All],[METRIC_NAME]]="YLD_YTM_ASK"),_bbt3[[#All],[METRIC_VALUE]])*0.5)+(_xlfn.XLOOKUP(1,(_bbt3[[#All],[ID]]=A1452)*(_bbt3[[#All],[METRIC_NAME]]="YLD_YTM_BID"),_bbt3[[#All],[METRIC_VALUE]])*0.5))/100,"")} | J1452: =IF(ISNA(VLOOKUP(A1452,'CloseDL - PriceSaverBBT3'!A:E,5,0)),0,VLOOKUP(A1452,'CloseDL - PriceSaverBBT3'!A:E,5,0)) -> 0 | K1452: =IF(ISNA(IF(NOT(ISBLANK(A1452)),ABS(H1452-J1452),"")),0,(IF(NOT(ISBLANK(A1452)),ABS(H1452-J1452)*10000,""))) | L1452: =IF(Close[[#This Row],[CreatedBy]]="MARINER\SilverAdm",1,0) -> 1 | M1452: =IF(NOT(ISBLANK(A1452)),VLOOKUP(A1452,'Close - PriceSaver'!A:J,6,0),"") | Q1452: =VLOOKUP(P1452,A:C,3,0) -> #N/A | T1452: =VLOOKUP(Q1452,A:K,5,0) -> #N/A | U1452: =VLOOKUP(Q1452,A:K,8,0) -> #N/A | V1452: =VLOOKUP(Q1452,A:K,10,0) -> #N/A | W1452: =(V1452-U1452)*100 -> #N/A | X1452: =VLOOKUP(P1452,Close[[ID]:[CreatedBy]],8,0) -> #N/A
B1453: =IF(NOT(ISBLANK(A1453)),VLOOKUP(A1453,'BBT3'!A:F,2,0),"") | C1453: =IF(NOT(ISBLANK(A1453)),VLOOKUP(A1453,'BBT3'!A:F,3,0),"") | D1453: =IF(NOT(ISBLANK(A1453)),VLOOKUP(A1453,'BBT3'!A:F,4,1),"") | E1453: =IF(NOT(ISBLANK(A1453)),VLOOKUP(A1453,'BBT3'!A:F,5,0),"") | F1453: =IF(NOT(ISBLANK(A1453)),VLOOKUP(A1453,'BBT3'!A:F,6,0),"") | G1453: =IF(NOT(ISBLANK(A1453)),IF(D1453=0,"Y","N"),"") | H1453: =IF(NOT(ISBLANK(A1453)),VLOOKUP(A1453,'Close - PriceSaver'!A:J,5,0),"") | I1453: {=IF(NOT(ISBLANK(A1453)),((_xlfn.XLOOKUP(1,(_bbt3[[#All],[ID]]=A1453)*(_bbt3[[#All],[METRIC_NAME]]="YLD_YTM_ASK"),_bbt3[[#All],[METRIC_VALUE]])*0.5)+(_xlfn.XLOOKUP(1,(_bbt3[[#All],[ID]]=A1453)*(_bbt3[[#All],[METRIC_NAME]]="YLD_YTM_BID"),_bbt3[[#All],[METRIC_VALUE]])*0.5))/100,"")} | J1453: =IF(ISNA(VLOOKUP(A1453,'CloseDL - PriceSaverBBT3'!A:E,5,0)),0,VLOOKUP(A1453,'CloseDL - PriceSaverBBT3'!A:E,5,0)) -> 0 | K1453: =IF(ISNA(IF(NOT(ISBLANK(A1453)),ABS(H1453-J1453),"")),0,(IF(NOT(ISBLANK(A1453)),ABS(H1453-J1453)*10000,""))) | L1453: =IF(Close[[#This Row],[CreatedBy]]="MARINER\SilverAdm",1,0) -> 1 | M1453: =IF(NOT(ISBLANK(A1453)),VLOOKUP(A1453,'Close - PriceSaver'!A:J,6,0),"") | Q1453: =VLOOKUP(P1453,A:C,3,0) -> #N/A | U1453: =VLOOKUP(Q1453,A:K,8,0) -> #N/A | V1453: =VLOOKUP(Q1453,A:K,10,0) -> #N/A | W1453: =(V1453-U1453)*100 -> #N/A | X1453: =VLOOKUP(P1453,Close[[ID]:[CreatedBy]],8,0) -> #N/A
B1454: =IF(NOT(ISBLANK(A1454)),VLOOKUP(A1454,'BBT3'!A:F,2,0),"") | C1454: =IF(NOT(ISBLANK(A1454)),VLOOKUP(A1454,'BBT3'!A:F,3,0),"") | D1454: =IF(NOT(ISBLANK(A1454)),VLOOKUP(A1454,'BBT3'!A:F,4,1),"") | E1454: =IF(NOT(ISBLANK(A1454)),VLOOKUP(A1454,'BBT3'!A:F,5,0),"") | F1454: =IF(NOT(ISBLANK(A1454)),VLOOKUP(A1454,'BBT3'!A:F,6,0),"") | G1454: =IF(NOT(ISBLANK(A1454)),IF(D1454=0,"Y","N"),"") | H1454: =IF(NOT(ISBLANK(A1454)),VLOOKUP(A1454,'Close - PriceSaver'!A:J,5,0),"") | I1454: {=IF(NOT(ISBLANK(A1454)),((_xlfn.XLOOKUP(1,(_bbt3[[#All],[ID]]=A1454)*(_bbt3[[#All],[METRIC_NAME]]="YLD_YTM_ASK"),_bbt3[[#All],[METRIC_VALUE]])*0.5)+(_xlfn.XLOOKUP(1,(_bbt3[[#All],[ID]]=A1454)*(_bbt3[[#All],[METRIC_NAME]]="YLD_YTM_BID"),_bbt3[[#All],[METRIC_VALUE]])*0.5))/100,"")} | J1454: =IF(ISNA(VLOOKUP(A1454,'CloseDL - PriceSaverBBT3'!A:E,5,0)),0,VLOOKUP(A1454,'CloseDL - PriceSaverBBT3'!A:E,5,0)) -> 0 | K1454: =IF(ISNA(IF(NOT(ISBLANK(A1454)),ABS(H1454-J1454),"")),0,(IF(NOT(ISBLANK(A1454)),ABS(H1454-J1454)*10000,""))) | L1454: =IF(Close[[#This Row],[CreatedBy]]="MARINER\SilverAdm",1,0) -> 1 | M1454: =IF(NOT(ISBLANK(A1454)),VLOOKUP(A1454,'Close - PriceSaver'!A:J,6,0),"") | Q1454: =VLOOKUP(P1454,A:C,3,0) -> #N/A | U1454: =VLOOKUP(Q1454,A:K,8,0) -> #N/A | V1454: =VLOOKUP(Q1454,A:K,10,0) -> #N/A | W1454: =(V1454-U1454)*100 -> #N/A | X1454: =VLOOKUP(P1454,Close[[ID]:[CreatedBy]],8,0) -> #N/A
B1455: =IF(NOT(ISBLANK(A1455)),VLOOKUP(A1455,'BBT3'!A:F,2,0),"") | C1455: =IF(NOT(ISBLANK(A1455)),VLOOKUP(A1455,'BBT3'!A:F,3,0),"") | D1455: =IF(NOT(ISBLANK(A1455)),VLOOKUP(A1455,'BBT3'!A:F,4,1),"") | E1455: =IF(NOT(ISBLANK(A1455)),VLOOKUP(A1455,'BBT3'!A:F,5,0),"") | F1455: =IF(NOT(ISBLANK(A1455)),VLOOKUP(A1455,'BBT3'!A:F,6,0),"") | G1455: =IF(NOT(ISBLANK(A1455)),IF(D1455=0,"Y","N"),"") | H1455: =IF(NOT(ISBLANK(A1455)),VLOOKUP(A1455,'Close - PriceSaver'!A:J,5,0),"") | I1455: {=IF(NOT(ISBLANK(A1455)),((_xlfn.XLOOKUP(1,(_bbt3[[#All],[ID]]=A1455)*(_bbt3[[#All],[METRIC_NAME]]="YLD_YTM_ASK"),_bbt3[[#All],[METRIC_VALUE]])*0.5)+(_xlfn.XLOOKUP(1,(_bbt3[[#All],[ID]]=A1455)*(_bbt3[[#All],[METRIC_NAME]]="YLD_YTM_BID"),_bbt3[[#All],[METRIC_VALUE]])*0.5))/100,"")} | J1455: =IF(ISNA(VLOOKUP(A1455,'CloseDL - PriceSaverBBT3'!A:E,5,0)),0,VLOOKUP(A1455,'CloseDL - PriceSaverBBT3'!A:E,5,0)) -> 0 | K1455: =IF(ISNA(IF(NOT(ISBLANK(A1455)),ABS(H1455-J1455),"")),0,(IF(NOT(ISBLANK(A1455)),ABS(H1455-J1455)*10000,""))) | L1455: =IF(Close[[#This Row],[CreatedBy]]="MARINER\SilverAdm",1,0) -> 1 | M1455: =IF(NOT(ISBLANK(A1455)),VLOOKUP(A1455,'Close - PriceSaver'!A:J,6,0),"") | Q1455: =VLOOKUP(P1455,A:C,3,0) -> #N/A | U1455: =VLOOKUP(Q1455,A:K,8,0) -> #N/A | V1455: =VLOOKUP(Q1455,A:K,10,0) -> #N/A | W1455: =(V1455-U1455)*100 -> #N/A | X1455: =VLOOKUP(P1455,Close[[ID]:[CreatedBy]],8,0) -> #N/A
B1456: =IF(NOT(ISBLANK(A1456)),VLOOKUP(A1456,'BBT3'!A:F,2,0),"") | C1456: =IF(NOT(ISBLANK(A1456)),VLOOKUP(A1456,'BBT3'!A:F,3,0),"") | D1456: =IF(NOT(ISBLANK(A1456)),VLOOKUP(A1456,'BBT3'!A:F,4,1),"") | E1456: =IF(NOT(ISBLANK(A1456)),VLOOKUP(A1456,'BBT3'!A:F,5,0),"") | F1456: =IF(NOT(ISBLANK(A1456)),VLOOKUP(A1456,'BBT3'!A:F,6,0),"") | G1456: =IF(NOT(ISBLANK(A1456)),IF(D1456=0,"Y","N"),"") | H1456: =IF(NOT(ISBLANK(A1456)),VLOOKUP(A1456,'Close - PriceSaver'!A:J,5,0),"") | I1456: {=IF(NOT(ISBLANK(A1456)),((_xlfn.XLOOKUP(1,(_bbt3[[#All],[ID]]=A1456)*(_bbt3[[#All],[METRIC_NAME]]="YLD_YTM_ASK"),_bbt3[[#All],[METRIC_VALUE]])*0.5)+(_xlfn.XLOOKUP(1,(_bbt3[[#All],[ID]]=A1456)*(_bbt3[[#All],[METRIC_NAME]]="YLD_YTM_BID"),_bbt3[[#All],[METRIC_VALUE]])*0.5))/100,"")} | J1456: =IF(ISNA(VLOOKUP(A1456,'CloseDL - PriceSaverBBT3'!A:E,5,0)),0,VLOOKUP(A1456,'CloseDL - PriceSaverBBT3'!A:E,5,0)) -> 0 | K1456: =IF(ISNA(IF(NOT(ISBLANK(A1456)),ABS(H1456-J1456),"")),0,(IF(NOT(ISBLANK(A1456)),ABS(H1456-J1456)*10000,""))) | L1456: =IF(Close[[#This Row],[CreatedBy]]="MARINER\SilverAdm",1,0) -> 1 | M1456: =IF(NOT(ISBLANK(A1456)),VLOOKUP(A1456,'Close - PriceSaver'!A:J,6,0),"") | Q1456: =VLOOKUP(P1456,A:C,3,0) -> #N/A | U1456: =VLOOKUP(Q1456,A:K,8,0) -> #N/A | V1456: =VLOOKUP(Q1456,A:K,10,0) -> #N/A | W1456: =(V1456-U1456)*100 -> #N/A | X1456: =VLOOKUP(P1456,Close[[ID]:[CreatedBy]],8,0) -> #N/A
B1457: =IF(NOT(ISBLANK(A1457)),VLOOKUP(A1457,'BBT3'!A:F,2,0),"") | C1457: =IF(NOT(ISBLANK(A1457)),VLOOKUP(A1457,'BBT3'!A:F,3,0),"") | D1457: =IF(NOT(ISBLANK(A1457)),VLOOKUP(A1457,'BBT3'!A:F,4,1),"") | E1457: =IF(NOT(ISBLANK(A1457)),VLOOKUP(A1457,'BBT3'!A:F,5,0),"") | F1457: =IF(NOT(ISBLANK(A1457)),VLOOKUP(A1457,'BBT3'!A:F,6,0),"") | G1457: =IF(NOT(ISBLANK(A1457)),IF(D1457=0,"Y","N"),"") | H1457: =IF(NOT(ISBLANK(A1457)),VLOOKUP(A1457,'Close - PriceSaver'!A:J,5,0),"") | I1457: {=IF(NOT(ISBLANK(A1457)),((_xlfn.XLOOKUP(1,(_bbt3[[#All],[ID]]=A1457)*(_bbt3[[#All],[METRIC_NAME]]="YLD_YTM_ASK"),_bbt3[[#All],[METRIC_VALUE]])*0.5)+(_xlfn.XLOOKUP(1,(_bbt3[[#All],[ID]]=A1457)*(_bbt3[[#All],[METRIC_NAME]]="YLD_YTM_BID"),_bbt3[[#All],[METRIC_VALUE]])*0.5))/100,"")} | J1457: =IF(ISNA(VLOOKUP(A1457,'CloseDL - PriceSaverBBT3'!A:E,5,0)),0,VLOOKUP(A1457,'CloseDL - PriceSaverBBT3'!A:E,5,0)) -> 0 | K1457: =IF(ISNA(IF(NOT(ISBLANK(A1457)),ABS(H1457-J1457),"")),0,(IF(NOT(ISBLANK(A1457)),ABS(H1457-J1457)*10000,""))) | L1457: =IF(Close[[#This Row],[CreatedBy]]="MARINER\SilverAdm",1,0) -> 1 | M1457: =IF(NOT(ISBLANK(A1457)),VLOOKUP(A1457,'Close - PriceSaver'!A:J,6,0),"") | Q1457: =VLOOKUP(P1457,A:C,3,0) -> #N/A | U1457: =VLOOKUP(Q1457,A:K,8,0) -> #N/A | V1457: =VLOOKUP(Q1457,A:K,10,0) -> #N/A | W1457: =(V1457-U1457)*100 -> #N/A | X1457: =VLOOKUP(P1457,Close[[ID]:[CreatedBy]],8,0) -> #N/A
B1458: =IF(NOT(ISBLANK(A1458)),VLOOKUP(A1458,'BBT3'!A:F,2,0),"") | C1458: =IF(NOT(ISBLANK(A1458)),VLOOKUP(A1458,'BBT3'!A:F,3,0),"") | D1458: =IF(NOT(ISBLANK(A1458)),VLOOKUP(A1458,'BBT3'!A:F,4,1),"") | E1458: =IF(NOT(ISBLANK(A1458)),VLOOKUP(A1458,'BBT3'!A:F,5,0),"") | F1458: =IF(NOT(ISBLANK(A1458)),VLOOKUP(A1458,'BBT3'!A:F,6,0),"") | G1458: =IF(NOT(ISBLANK(A1458)),IF(D1458=0,"Y","N"),"") | H1458: =IF(NOT(ISBLANK(A1458)),VLOOKUP(A1458,'Close - PriceSaver'!A:J,5,0),"") | I1458: {=IF(NOT(ISBLANK(A1458)),((_xlfn.XLOOKUP(1,(_bbt3[[#All],[ID]]=A1458)*(_bbt3[[#All],[METRIC_NAME]]="YLD_YTM_ASK"),_bbt3[[#All],[METRIC_VALUE]])*0.5)+(_xlfn.XLOOKUP(1,(_bbt3[[#All],[ID]]=A1458)*(_bbt3[[#All],[METRIC_NAME]]="YLD_YTM_BID"),_bbt3[[#All],[METRIC_VALUE]])*0.5))/100,"")} | J1458: =IF(ISNA(VLOOKUP(A1458,'CloseDL - PriceSaverBBT3'!A:E,5,0)),0,VLOOKUP(A1458,'CloseDL - PriceSaverBBT3'!A:E,5,0)) -> 0 | K1458: =IF(ISNA(IF(NOT(ISBLANK(A1458)),ABS(H1458-J1458),"")),0,(IF(NOT(ISBLANK(A1458)),ABS(H1458-J1458)*10000,""))) | L1458: =IF(Close[[#This Row],[CreatedBy]]="MARINER\SilverAdm",1,0) -> 1 | M1458: =IF(NOT(ISBLANK(A1458)),VLOOKUP(A1458,'Close - PriceSaver'!A:J,6,0),"") | Q1458: =VLOOKUP(P1458,A:C,3,0) -> #N/A | U1458: =VLOOKUP(Q1458,A:K,8,0) -> #N/A | V1458: =VLOOKUP(Q1458,A:K,10,0) -> #N/A | W1458: =(V1458-U1458)*100 -> #N/A | X1458: =VLOOKUP(P1458,Close[[ID]:[CreatedBy]],8,0) -> #N/A
B1459: =IF(NOT(ISBLANK(A1459)),VLOOKUP(A1459,'BBT3'!A:F,2,0),"") | C1459: =IF(NOT(ISBLANK(A1459)),VLOOKUP(A1459,'BBT3'!A:F,3,0),"") | D1459: =IF(NOT(ISBLANK(A1459)),VLOOKUP(A1459,'BBT3'!A:F,4,1),"") | E1459: =IF(NOT(ISBLANK(A1459)),VLOOKUP(A1459,'BBT3'!A:F,5,0),"") | F1459: =IF(NOT(ISBLANK(A1459)),VLOOKUP(A1459,'BBT3'!A:F,6,0),"") | G1459: =IF(NOT(ISBLANK(A1459)),IF(D1459=0,"Y","N"),"") | H1459: =IF(NOT(ISBLANK(A1459)),VLOOKUP(A1459,'Close - PriceSaver'!A:J,5,0),"") | I1459: {=IF(NOT(ISBLANK(A1459)),((_xlfn.XLOOKUP(1,(_bbt3[[#All],[ID]]=A1459)*(_bbt3[[#All],[METRIC_NAME]]="YLD_YTM_ASK"),_bbt3[[#All],[METRIC_VALUE]])*0.5)+(_xlfn.XLOOKUP(1,(_bbt3[[#All],[ID]]=A1459)*(_bbt3[[#All],[METRIC_NAME]]="YLD_YTM_BID"),_bbt3[[#All],[METRIC_VALUE]])*0.5))/100,"")} | J1459: =IF(ISNA(VLOOKUP(A1459,'CloseDL - PriceSaverBBT3'!A:E,5,0)),0,VLOOKUP(A1459,'CloseDL - PriceSaverBBT3'!A:E,5,0)) -> 0 | K1459: =IF(ISNA(IF(NOT(ISBLANK(A1459)),ABS(H1459-J1459),"")),0,(IF(NOT(ISBLANK(A1459)),ABS(H1459-J1459)*10000,""))) | L1459: =IF(Close[[#This Row],[CreatedBy]]="MARINER\SilverAdm",1,0) -> 1 | M1459: =IF(NOT(ISBLANK(A1459)),VLOOKUP(A1459,'Close - PriceSaver'!A:J,6,0),"")
B1460: =IF(NOT(ISBLANK(A1460)),VLOOKUP(A1460,'BBT3'!A:F,2,0),"") | C1460: =IF(NOT(ISBLANK(A1460)),VLOOKUP(A1460,'BBT3'!A:F,3,0),"") | D1460: =IF(NOT(ISBLANK(A1460)),VLOOKUP(A1460,'BBT3'!A:F,4,1),"") | E1460: =IF(NOT(ISBLANK(A1460)),VLOOKUP(A1460,'BBT3'!A:F,5,0),"") | F1460: =IF(NOT(ISBLANK(A1460)),VLOOKUP(A1460,'BBT3'!A:F,6,0),"") | G1460: =IF(NOT(ISBLANK(A1460)),IF(D1460=0,"Y","N"),"") | H1460: =IF(NOT(ISBLANK(A1460)),VLOOKUP(A1460,'Close - PriceSaver'!A:J,5,0),"") | I1460: {=IF(NOT(ISBLANK(A1460)),((_xlfn.XLOOKUP(1,(_bbt3[[#All],[ID]]=A1460)*(_bbt3[[#All],[METRIC_NAME]]="YLD_YTM_ASK"),_bbt3[[#All],[METRIC_VALUE]])*0.5)+(_xlfn.XLOOKUP(1,(_bbt3[[#All],[ID]]=A1460)*(_bbt3[[#All],[METRIC_NAME]]="YLD_YTM_BID"),_bbt3[[#All],[METRIC_VALUE]])*0.5))/100,"")} | J1460: =IF(ISNA(VLOOKUP(A1460,'CloseDL - PriceSaverBBT3'!A:E,5,0)),0,VLOOKUP(A1460,'CloseDL - PriceSaverBBT3'!A:E,5,0)) -> 0 | K1460: =IF(ISNA(IF(NOT(ISBLANK(A1460)),ABS(H1460-J1460),"")),0,(IF(NOT(ISBLANK(A1460)),ABS(H1460-J1460)*10000,""))) | L1460: =IF(Close[[#This Row],[CreatedBy]]="MARINER\SilverAdm",1,0) -> 1 | M1460: =IF(NOT(ISBLANK(A1460)),VLOOKUP(A1460,'Close - PriceSaver'!A:J,6,0),"")
B1461: =IF(NOT(ISBLANK(A1461)),VLOOKUP(A1461,'BBT3'!A:F,2,0),"") | C1461: =IF(NOT(ISBLANK(A1461)),VLOOKUP(A1461,'BBT3'!A:F,3,0),"") | D1461: =IF(NOT(ISBLANK(A1461)),VLOOKUP(A1461,'BBT3'!A:F,4,1),"") | E1461: =IF(NOT(ISBLANK(A1461)),VLOOKUP(A1461,'BBT3'!A:F,5,0),"") | F1461: =IF(NOT(ISBLANK(A1461)),VLOOKUP(A1461,'BBT3'!A:F,6,0),"") | G1461: =IF(NOT(ISBLANK(A1461)),IF(D1461=0,"Y","N"),"") | H1461: =IF(NOT(ISBLANK(A1461)),VLOOKUP(A1461,'Close - PriceSaver'!A:J,5,0),"") | I1461: {=IF(NOT(ISBLANK(A1461)),((_xlfn.XLOOKUP(1,(_bbt3[[#All],[ID]]=A1461)*(_bbt3[[#All],[METRIC_NAME]]="YLD_YTM_ASK"),_bbt3[[#All],[METRIC_VALUE]])*0.5)+(_xlfn.XLOOKUP(1,(_bbt3[[#All],[ID]]=A1461)*(_bbt3[[#All],[METRIC_NAME]]="YLD_YTM_BID"),_bbt3[[#All],[METRIC_VALUE]])*0.5))/100,"")} | J1461: =IF(ISNA(VLOOKUP(A1461,'CloseDL - PriceSaverBBT3'!A:E,5,0)),0,VLOOKUP(A1461,'CloseDL - PriceSaverBBT3'!A:E,5,0)) -> 0 | K1461: =IF(ISNA(IF(NOT(ISBLANK(A1461)),ABS(H1461-J1461),"")),0,(IF(NOT(ISBLANK(A1461)),ABS(H1461-J1461)*10000,""))) | L1461: =IF(Close[[#This Row],[CreatedBy]]="MARINER\SilverAdm",1,0) -> 1 | M1461: =IF(NOT(ISBLANK(A1461)),VLOOKUP(A1461,'Close - PriceSaver'!A:J,6,0),"")
B1462: =IF(NOT(ISBLANK(A1462)),VLOOKUP(A1462,'BBT3'!A:F,2,0),"") | C1462: =IF(NOT(ISBLANK(A1462)),VLOOKUP(A1462,'BBT3'!A:F,3,0),"") | D1462: =IF(NOT(ISBLANK(A1462)),VLOOKUP(A1462,'BBT3'!A:F,4,1),"") | E1462: =IF(NOT(ISBLANK(A1462)),VLOOKUP(A1462,'BBT3'!A:F,5,0),"") | F1462: =IF(NOT(ISBLANK(A1462)),VLOOKUP(A1462,'BBT3'!A:F,6,0),"") | G1462: =IF(NOT(ISBLANK(A1462)),IF(D1462=0,"Y","N"),"") | H1462: =IF(NOT(ISBLANK(A1462)),VLOOKUP(A1462,'Close - PriceSaver'!A:J,5,0),"") | I1462: {=IF(NOT(ISBLANK(A1462)),((_xlfn.XLOOKUP(1,(_bbt3[[#All],[ID]]=A1462)*(_bbt3[[#All],[METRIC_NAME]]="YLD_YTM_ASK"),_bbt3[[#All],[METRIC_VALUE]])*0.5)+(_xlfn.XLOOKUP(1,(_bbt3[[#All],[ID]]=A1462)*(_bbt3[[#All],[METRIC_NAME]]="YLD_YTM_BID"),_bbt3[[#All],[METRIC_VALUE]])*0.5))/100,"")} | J1462: =IF(ISNA(VLOOKUP(A1462,'CloseDL - PriceSaverBBT3'!A:E,5,0)),0,VLOOKUP(A1462,'CloseDL - PriceSaverBBT3'!A:E,5,0)) -> 0 | K1462: =IF(ISNA(IF(NOT(ISBLANK(A1462)),ABS(H1462-J1462),"")),0,(IF(NOT(ISBLANK(A1462)),ABS(H1462-J1462)*10000,""))) | L1462: =IF(Close[[#This Row],[CreatedBy]]="MARINER\SilverAdm",1,0) -> 1 | M1462: =IF(NOT(ISBLANK(A1462)),VLOOKUP(A1462,'Close - PriceSaver'!A:J,6,0),"")
B1463: =IF(NOT(ISBLANK(A1463)),VLOOKUP(A1463,'BBT3'!A:F,2,0),"") | C1463: =IF(NOT(ISBLANK(A1463)),VLOOKUP(A1463,'BBT3'!A:F,3,0),"") | D1463: =IF(NOT(ISBLANK(A1463)),VLOOKUP(A1463,'BBT3'!A:F,4,1),"") | E1463: =IF(NOT(ISBLANK(A1463)),VLOOKUP(A1463,'BBT3'!A:F,5,0),"") | F1463: =IF(NOT(ISBLANK(A1463)),VLOOKUP(A1463,'BBT3'!A:F,6,0),"") | G1463: =IF(NOT(ISBLANK(A1463)),IF(D1463=0,"Y","N"),"") | H1463: =IF(NOT(ISBLANK(A1463)),VLOOKUP(A1463,'Close - PriceSaver'!A:J,5,0),"") | I1463: {=IF(NOT(ISBLANK(A1463)),((_xlfn.XLOOKUP(1,(_bbt3[[#All],[ID]]=A1463)*(_bbt3[[#All],[METRIC_NAME]]="YLD_YTM_ASK"),_bbt3[[#All],[METRIC_VALUE]])*0.5)+(_xlfn.XLOOKUP(1,(_bbt3[[#All],[ID]]=A1463)*(_bbt3[[#All],[METRIC_NAME]]="YLD_YTM_BID"),_bbt3[[#All],[METRIC_VALUE]])*0.5))/100,"")} | J1463: =IF(ISNA(VLOOKUP(A1463,'CloseDL - PriceSaverBBT3'!A:E,5,0)),0,VLOOKUP(A1463,'CloseDL - PriceSaverBBT3'!A:E,5,0)) -> 0 | K1463: =IF(ISNA(IF(NOT(ISBLANK(A1463)),ABS(H1463-J1463),"")),0,(IF(NOT(ISBLANK(A1463)),ABS(H1463-J1463)*10000,""))) | L1463: =IF(Close[[#This Row],[CreatedBy]]="MARINER\SilverAdm",1,0) -> 1 | M1463: =IF(NOT(ISBLANK(A1463)),VLOOKUP(A1463,'Close - PriceSaver'!A:J,6,0),"")
B1464: =IF(NOT(ISBLANK(A1464)),VLOOKUP(A1464,'BBT3'!A:F,2,0),"") | C1464: =IF(NOT(ISBLANK(A1464)),VLOOKUP(A1464,'BBT3'!A:F,3,0),"") | D1464: =IF(NOT(ISBLANK(A1464)),VLOOKUP(A1464,'BBT3'!A:F,4,1),"") | E1464: =IF(NOT(ISBLANK(A1464)),VLOOKUP(A1464,'BBT3'!A:F,5,0),"") | F1464: =IF(NOT(ISBLANK(A1464)),VLOOKUP(A1464,'BBT3'!A:F,6,0),"") | G1464: =IF(NOT(ISBLANK(A1464)),IF(D1464=0,"Y","N"),"") | H1464: =IF(NOT(ISBLANK(A1464)),VLOOKUP(A1464,'Close - PriceSaver'!A:J,5,0),"") | I1464: {=IF(NOT(ISBLANK(A1464)),((_xlfn.XLOOKUP(1,(_bbt3[[#All],[ID]]=A1464)*(_bbt3[[#All],[METRIC_NAME]]="YLD_YTM_ASK"),_bbt3[[#All],[METRIC_VALUE]])*0.5)+(_xlfn.XLOOKUP(1,(_bbt3[[#All],[ID]]=A1464)*(_bbt3[[#All],[METRIC_NAME]]="YLD_YTM_BID"),_bbt3[[#All],[METRIC_VALUE]])*0.5))/100,"")} | J1464: =IF(ISNA(VLOOKUP(A1464,'CloseDL - PriceSaverBBT3'!A:E,5,0)),0,VLOOKUP(A1464,'CloseDL - PriceSaverBBT3'!A:E,5,0)) -> 0 | K1464: =IF(ISNA(IF(NOT(ISBLANK(A1464)),ABS(H1464-J1464),"")),0,(IF(NOT(ISBLANK(A1464)),ABS(H1464-J1464)*10000,""))) | L1464: =IF(Close[[#This Row],[CreatedBy]]="MARINER\SilverAdm",1,0) -> 1 | M1464: =IF(NOT(ISBLANK(A1464)),VLOOKUP(A1464,'Close - PriceSaver'!A:J,6,0),"")
B1465: =IF(NOT(ISBLANK(A1465)),VLOOKUP(A1465,'BBT3'!A:F,2,0),"") | C1465: =IF(NOT(ISBLANK(A1465)),VLOOKUP(A1465,'BBT3'!A:F,3,0),"") | D1465: =IF(NOT(ISBLANK(A1465)),VLOOKUP(A1465,'BBT3'!A:F,4,1),"") | E1465: =IF(NOT(ISBLANK(A1465)),VLOOKUP(A1465,'BBT3'!A:F,5,0),"") | F1465: =IF(NOT(ISBLANK(A1465)),VLOOKUP(A1465,'BBT3'!A:F,6,0),"") | G1465: =IF(NOT(ISBLANK(A1465)),IF(D1465=0,"Y","N"),"") | H1465: =IF(NOT(ISBLANK(A1465)),VLOOKUP(A1465,'Close - PriceSaver'!A:J,5,0),"") | I1465: {=IF(NOT(ISBLANK(A1465)),((_xlfn.XLOOKUP(1,(_bbt3[[#All],[ID]]=A1465)*(_bbt3[[#All],[METRIC_NAME]]="YLD_YTM_ASK"),_bbt3[[#All],[METRIC_VALUE]])*0.5)+(_xlfn.XLOOKUP(1,(_bbt3[[#All],[ID]]=A1465)*(_bbt3[[#All],[METRIC_NAME]]="YLD_YTM_BID"),_bbt3[[#All],[METRIC_VALUE]])*0.5))/100,"")} | J1465: =IF(ISNA(VLOOKUP(A1465,'CloseDL - PriceSaverBBT3'!A:E,5,0)),0,VLOOKUP(A1465,'CloseDL - PriceSaverBBT3'!A:E,5,0)) -> 0 | K1465: =IF(ISNA(IF(NOT(ISBLANK(A1465)),ABS(H1465-J1465),"")),0,(IF(NOT(ISBLANK(A1465)),ABS(H1465-J1465)*10000,""))) | L1465: =IF(Close[[#This Row],[CreatedBy]]="MARINER\SilverAdm",1,0) -> 1 | M1465: =IF(NOT(ISBLANK(A1465)),VLOOKUP(A1465,'Close - PriceSaver'!A:J,6,0),"")
B1466: =IF(NOT(ISBLANK(A1466)),VLOOKUP(A1466,'BBT3'!A:F,2,0),"") | C1466: =IF(NOT(ISBLANK(A1466)),VLOOKUP(A1466,'BBT3'!A:F,3,0),"") | D1466: =IF(NOT(ISBLANK(A1466)),VLOOKUP(A1466,'BBT3'!A:F,4,1),"") | E1466: =IF(NOT(ISBLANK(A1466)),VLOOKUP(A1466,'BBT3'!A:F,5,0),"") | F1466: =IF(NOT(ISBLANK(A1466)),VLOOKUP(A1466,'BBT3'!A:F,6,0),"") | G1466: =IF(NOT(ISBLANK(A1466)),IF(D1466=0,"Y","N"),"") | H1466: =IF(NOT(ISBLANK(A1466)),VLOOKUP(A1466,'Close - PriceSaver'!A:J,5,0),"") | I1466: {=IF(NOT(ISBLANK(A1466)),((_xlfn.XLOOKUP(1,(_bbt3[[#All],[ID]]=A1466)*(_bbt3[[#All],[METRIC_NAME]]="YLD_YTM_ASK"),_bbt3[[#All],[METRIC_VALUE]])*0.5)+(_xlfn.XLOOKUP(1,(_bbt3[[#All],[ID]]=A1466)*(_bbt3[[#All],[METRIC_NAME]]="YLD_YTM_BID"),_bbt3[[#All],[METRIC_VALUE]])*0.5))/100,"")} | J1466: =IF(ISNA(VLOOKUP(A1466,'CloseDL - PriceSaverBBT3'!A:E,5,0)),0,VLOOKUP(A1466,'CloseDL - PriceSaverBBT3'!A:E,5,0)) -> 0 | K1466: =IF(ISNA(IF(NOT(ISBLANK(A1466)),ABS(H1466-J1466),"")),0,(IF(NOT(ISBLANK(A1466)),ABS(H1466-J1466)*10000,""))) | L1466: =IF(Close[[#This Row],[CreatedBy]]="MARINER\SilverAdm",1,0) -> 1 | M1466: =IF(NOT(ISBLANK(A1466)),VLOOKUP(A1466,'Close - PriceSaver'!A:J,6,0),"")
B1467: =IF(NOT(ISBLANK(A1467)),VLOOKUP(A1467,'BBT3'!A:F,2,0),"") | C1467: =IF(NOT(ISBLANK(A1467)),VLOOKUP(A1467,'BBT3'!A:F,3,0),"") | D1467: =IF(NOT(ISBLANK(A1467)),VLOOKUP(A1467,'BBT3'!A:F,4,1),"") | E1467: =IF(NOT(ISBLANK(A1467)),VLOOKUP(A1467,'BBT3'!A:F,5,0),"") | F1467: =IF(NOT(ISBLANK(A1467)),VLOOKUP(A1467,'BBT3'!A:F,6,0),"") | G1467: =IF(NOT(ISBLANK(A1467)),IF(D1467=0,"Y","N"),"") | H1467: =IF(NOT(ISBLANK(A1467)),VLOOKUP(A1467,'Close - PriceSaver'!A:J,5,0),"") | I1467: {=IF(NOT(ISBLANK(A1467)),((_xlfn.XLOOKUP(1,(_bbt3[[#All],[ID]]=A1467)*(_bbt3[[#All],[METRIC_NAME]]="YLD_YTM_ASK"),_bbt3[[#All],[METRIC_VALUE]])*0.5)+(_xlfn.XLOOKUP(1,(_bbt3[[#All],[ID]]=A1467)*(_bbt3[[#All],[METRIC_NAME]]="YLD_YTM_BID"),_bbt3[[#All],[METRIC_VALUE]])*0.5))/100,"")} | J1467: =IF(ISNA(VLOOKUP(A1467,'CloseDL - PriceSaverBBT3'!A:E,5,0)),0,VLOOKUP(A1467,'CloseDL - PriceSaverBBT3'!A:E,5,0)) -> 0 | K1467: =IF(ISNA(IF(NOT(ISBLANK(A1467)),ABS(H1467-J1467),"")),0,(IF(NOT(ISBLANK(A1467)),ABS(H1467-J1467)*10000,""))) | L1467: =IF(Close[[#This Row],[CreatedBy]]="MARINER\SilverAdm",1,0) -> 1 | M1467: =IF(NOT(ISBLANK(A1467)),VLOOKUP(A1467,'Close - PriceSaver'!A:J,6,0),"")
B1468: =IF(NOT(ISBLANK(A1468)),VLOOKUP(A1468,'BBT3'!A:F,2,0),"") | C1468: =IF(NOT(ISBLANK(A1468)),VLOOKUP(A1468,'BBT3'!A:F,3,0),"") | D1468: =IF(NOT(ISBLANK(A1468)),VLOOKUP(A1468,'BBT3'!A:F,4,1),"") | E1468: =IF(NOT(ISBLANK(A1468)),VLOOKUP(A1468,'BBT3'!A:F,5,0),"") | F1468: =IF(NOT(ISBLANK(A1468)),VLOOKUP(A1468,'BBT3'!A:F,6,0),"") | G1468: =IF(NOT(ISBLANK(A1468)),IF(D1468=0,"Y","N"),"") | H1468: =IF(NOT(ISBLANK(A1468)),VLOOKUP(A1468,'Close - PriceSaver'!A:J,5,0),"") | I1468: {=IF(NOT(ISBLANK(A1468)),((_xlfn.XLOOKUP(1,(_bbt3[[#All],[ID]]=A1468)*(_bbt3[[#All],[METRIC_NAME]]="YLD_YTM_ASK"),_bbt3[[#All],[METRIC_VALUE]])*0.5)+(_xlfn.XLOOKUP(1,(_bbt3[[#All],[ID]]=A1468)*(_bbt3[[#All],[METRIC_NAME]]="YLD_YTM_BID"),_bbt3[[#All],[METRIC_VALUE]])*0.5))/100,"")} | J1468: =IF(ISNA(VLOOKUP(A1468,'CloseDL - PriceSaverBBT3'!A:E,5,0)),0,VLOOKUP(A1468,'CloseDL - PriceSaverBBT3'!A:E,5,0)) -> 0 | K1468: =IF(ISNA(IF(NOT(ISBLANK(A1468)),ABS(H1468-J1468),"")),0,(IF(NOT(ISBLANK(A1468)),ABS(H1468-J1468)*10000,""))) | L1468: =IF(Close[[#This Row],[CreatedBy]]="MARINER\SilverAdm",1,0) -> 1 | M1468: =IF(NOT(ISBLANK(A1468)),VLOOKUP(A1468,'Close - PriceSaver'!A:J,6,0),"")
B1469: =IF(NOT(ISBLANK(A1469)),VLOOKUP(A1469,'BBT3'!A:F,2,0),"") | C1469: =IF(NOT(ISBLANK(A1469)),VLOOKUP(A1469,'BBT3'!A:F,3,0),"") | D1469: =IF(NOT(ISBLANK(A1469)),VLOOKUP(A1469,'BBT3'!A:F,4,1),"") | E1469: =IF(NOT(ISBLANK(A1469)),VLOOKUP(A1469,'BBT3'!A:F,5,0),"") | F1469: =IF(NOT(ISBLANK(A1469)),VLOOKUP(A1469,'BBT3'!A:F,6,0),"") | G1469: =IF(NOT(ISBLANK(A1469)),IF(D1469=0,"Y","N"),"") | H1469: =IF(NOT(ISBLANK(A1469)),VLOOKUP(A1469,'Close - PriceSaver'!A:J,5,0),"") | I1469: {=IF(NOT(ISBLANK(A1469)),((_xlfn.XLOOKUP(1,(_bbt3[[#All],[ID]]=A1469)*(_bbt3[[#All],[METRIC_NAME]]="YLD_YTM_ASK"),_bbt3[[#All],[METRIC_VALUE]])*0.5)+(_xlfn.XLOOKUP(1,(_bbt3[[#All],[ID]]=A1469)*(_bbt3[[#All],[METRIC_NAME]]="YLD_YTM_BID"),_bbt3[[#All],[METRIC_VALUE]])*0.5))/100,"")} | J1469: =IF(ISNA(VLOOKUP(A1469,'CloseDL - PriceSaverBBT3'!A:E,5,0)),0,VLOOKUP(A1469,'CloseDL - PriceSaverBBT3'!A:E,5,0)) -> 0 | K1469: =IF(ISNA(IF(NOT(ISBLANK(A1469)),ABS(H1469-J1469),"")),0,(IF(NOT(ISBLANK(A1469)),ABS(H1469-J1469)*10000,""))) | L1469: =IF(Close[[#This Row],[CreatedBy]]="MARINER\SilverAdm",1,0) -> 1 | M1469: =IF(NOT(ISBLANK(A1469)),VLOOKUP(A1469,'Close - PriceSaver'!A:J,6,0),"")
B1470: =IF(NOT(ISBLANK(A1470)),VLOOKUP(A1470,'BBT3'!A:F,2,0),"") | C1470: =IF(NOT(ISBLANK(A1470)),VLOOKUP(A1470,'BBT3'!A:F,3,0),"") | D1470: =IF(NOT(ISBLANK(A1470)),VLOOKUP(A1470,'BBT3'!A:F,4,1),"") | E1470: =IF(NOT(ISBLANK(A1470)),VLOOKUP(A1470,'BBT3'!A:F,5,0),"") | F1470: =IF(NOT(ISBLANK(A1470)),VLOOKUP(A1470,'BBT3'!A:F,6,0),"") | G1470: =IF(NOT(ISBLANK(A1470)),IF(D1470=0,"Y","N"),"") | H1470: =IF(NOT(ISBLANK(A1470)),VLOOKUP(A1470,'Close - PriceSaver'!A:J,5,0),"") | I1470: {=IF(NOT(ISBLANK(A1470)),((_xlfn.XLOOKUP(1,(_bbt3[[#All],[ID]]=A1470)*(_bbt3[[#All],[METRIC_NAME]]="YLD_YTM_ASK"),_bbt3[[#All],[METRIC_VALUE]])*0.5)+(_xlfn.XLOOKUP(1,(_bbt3[[#All],[ID]]=A1470)*(_bbt3[[#All],[METRIC_NAME]]="YLD_YTM_BID"),_bbt3[[#All],[METRIC_VALUE]])*0.5))/100,"")} | J1470: =IF(ISNA(VLOOKUP(A1470,'CloseDL - PriceSaverBBT3'!A:E,5,0)),0,VLOOKUP(A1470,'CloseDL - PriceSaverBBT3'!A:E,5,0)) -> 0 | K1470: =IF(ISNA(IF(NOT(ISBLANK(A1470)),ABS(H1470-J1470),"")),0,(IF(NOT(ISBLANK(A1470)),ABS(H1470-J1470)*10000,""))) | L1470: =IF(Close[[#This Row],[CreatedBy]]="MARINER\SilverAdm",1,0) -> 1 | M1470: =IF(NOT(ISBLANK(A1470)),VLOOKUP(A1470,'Close - PriceSaver'!A:J,6,0),"")
... B2034: =IF(NOT(ISBLANK(A2034)),VLOOKUP(A2034,'BBT3'!A:F,2,0),"") | C2034: =IF(NOT(ISBLANK(A2034)),VLOOKUP(A2034,'BBT3'!A:F,3,0),"") | D2034: =IF(NOT(ISBLANK(A2034)),VLOOKUP(A2034,'BBT3'!A:F,4,1),"") | E2034: =IF(NOT(ISBLANK(A2034)),VLOOKUP(A2034,'BBT3'!A:F,5,0),"") | F2034: =IF(NOT(ISBLANK(A2034)),VLOOKUP(A2034,'BBT3'!A:F,6,0),"") | G2034: =IF(NOT(ISBLANK(A2034)),IF(D2034=0,"Y","N"),"") | H2034: =IF(NOT(ISBLANK(A2034)),VLOOKUP(A2034,'Close - PriceSaver'!A:J,5,0),"") | I2034: {=IF(NOT(ISBLANK(A2034)),((_xlfn.XLOOKUP(1,(_bbt3[[#All],[ID]]=A2034)*(_bbt3[[#All],[METRIC_NAME]]="YLD_YTM_ASK"),_bbt3[[#All],[METRIC_VALUE]])*0.5)+(_xlfn.XLOOKUP(1,(_bbt3[[#All],[ID]]=A2034)*(_bbt3[[#All],[METRIC_NAME]]="YLD_YTM_BID"),_bbt3[[#All],[METRIC_VALUE]])*0.5))/100,"")} | J2034: =IF(ISNA(VLOOKUP(A2034,'CloseDL - PriceSaverBBT3'!A:E,5,0)),0,VLOOKUP(A2034,'CloseDL - PriceSaverBBT3'!A:E,5,0)) -> 0 | K2034: =IF(ISNA(IF(NOT(ISBLANK(A2034)),ABS(H2034-J2034),"")),0,(IF(NOT(ISBLANK(A2034)),ABS(H2034-J2034)*10000,""))) | L2034: =IF(Close[[#This Row],[CreatedBy]]="MARINER\SilverAdm",1,0) -> #VALUE! | M2034: =IF(NOT(ISBLANK(A2034)),VLOOKUP(A2034,'Close - PriceSaver'!A:J,6,0),"")
B2035: =IF(NOT(ISBLANK(A2035)),VLOOKUP(A2035,'BBT3'!A:F,2,0),"") | G2035: =IF(NOT(ISBLANK(A2035)),IF(D2035=0,"Y","N"),"") | J2035: =IF(ISNA(VLOOKUP(A2035,'CloseDL - PriceSaverBBT3'!A:E,5,0)),0,VLOOKUP(A2035,'CloseDL - PriceSaverBBT3'!A:E,5,0)) -> 0 | K2035: =IF(ISNA(IF(NOT(ISBLANK(A2035)),ABS(H2035-J2035),"")),0,(IF(NOT(ISBLANK(A2035)),ABS(H2035-J2035)*10000,""))) | L2035: =IF(Close[[#This Row],[CreatedBy]]="MARINER\SilverAdm",1,0) -> #VALUE! | M2035: =IF(NOT(ISBLANK(A2035)),VLOOKUP(A2035,'Close - PriceSaver'!A:J,6,0),"")

Sheet Sheet1
H9: {=_xll.BDH("SP 06/30/26 Govt", "PX_BID, PX_ASK", "6/24/2026", "6/24/2026", "Period", "D")} -> #N/A N/A

Sheet BondFuture
A1: ID | B1: Column1 | C1: Column2 | D1: Column3
A2: 3YH7 | B2: =VLOOKUP(ToSaveListBondFuture[[#This Row],[ID]],'Close - PriceSaver'!A:E,5,0) -> 104.23828 | C2: =VLOOKUP(ToSaveListBondFuture[[#This Row],[ID]],CloseDL[[ID]:[Value]],5,0) -> 104.23828 | D2: =ToSaveListBondFuture[[#This Row],[Column2]]-ToSaveListBondFuture[[#This Row],[Column1]] -> 0
A3: 3YU6 | B3: =VLOOKUP(ToSaveListBondFuture[[#This Row],[ID]],'Close - PriceSaver'!A:E,5,0) -> 104.33203 | C3: =VLOOKUP(ToSaveListBondFuture[[#This Row],[ID]],CloseDL[[ID]:[Value]],5,0) -> 104.33203 | D3: =ToSaveListBondFuture[[#This Row],[Column2]]-ToSaveListBondFuture[[#This Row],[Column1]] -> 0
A4: 3YZ6 | B4: =VLOOKUP(ToSaveListBondFuture[[#This Row],[ID]],'Close - PriceSaver'!A:E,5,0) -> 104.28516 | C4: =VLOOKUP(ToSaveListBondFuture[[#This Row],[ID]],CloseDL[[ID]:[Value]],5,0) -> 104.28516 | D4: =ToSaveListBondFuture[[#This Row],[Column2]]-ToSaveListBondFuture[[#This Row],[Column1]] -> 0
A5: BTSU6 | B5: =VLOOKUP(ToSaveListBondFuture[[#This Row],[ID]],'Close - PriceSaver'!A:E,5,0) -> 106.335 | C5: =VLOOKUP(ToSaveListBondFuture[[#This Row],[ID]],CloseDL[[ID]:[Value]],5,0) -> 106.335 | D5: =ToSaveListBondFuture[[#This Row],[Column2]]-ToSaveListBondFuture[[#This Row],[Column1]] -> 0
A6: BTSZ6 | B6: =VLOOKUP(ToSaveListBondFuture[[#This Row],[ID]],'Close - PriceSaver'!A:E,5,0) -> 105.77 | C6: =VLOOKUP(ToSaveListBondFuture[[#This Row],[ID]],CloseDL[[ID]:[Value]],5,0) -> 105.77 | D6: =ToSaveListBondFuture[[#This Row],[Column2]]-ToSaveListBondFuture[[#This Row],[Column1]] -> 0
A7: CNU6 | B7: =VLOOKUP(ToSaveListBondFuture[[#This Row],[ID]],'Close - PriceSaver'!A:E,5,0) -> 119.62 | C7: =VLOOKUP(ToSaveListBondFuture[[#This Row],[ID]],CloseDL[[ID]:[Value]],5,0) -> 119.62 | D7: =ToSaveListBondFuture[[#This Row],[Column2]]-ToSaveListBondFuture[[#This Row],[Column1]] -> 0
A8: CVU6 | B8: =VLOOKUP(ToSaveListBondFuture[[#This Row],[ID]],'Close - PriceSaver'!A:E,5,0) -> 105.185 | C8: =VLOOKUP(ToSaveListBondFuture[[#This Row],[ID]],CloseDL[[ID]:[Value]],5,0) -> 105.185 | D8: =ToSaveListBondFuture[[#This Row],[Column2]]-ToSaveListBondFuture[[#This Row],[Column1]] -> 0
A9: DUU6 | B9: =VLOOKUP(ToSaveListBondFuture[[#This Row],[ID]],'Close - PriceSaver'!A:E,5,0) -> 105.455 | C9: =VLOOKUP(ToSaveListBondFuture[[#This Row],[ID]],CloseDL[[ID]:[Value]],5,0) -> 105.455 | D9: =ToSaveListBondFuture[[#This Row],[Column2]]-ToSaveListBondFuture[[#This Row],[Column1]] -> 0
A10: DUZ6 | B10: =VLOOKUP(ToSaveListBondFuture[[#This Row],[ID]],'Close - PriceSaver'!A:E,5,0) -> 105.46 | C10: =VLOOKUP(ToSaveListBondFuture[[#This Row],[ID]],CloseDL[[ID]:[Value]],5,0) -> 105.46 | D10: =ToSaveListBondFuture[[#This Row],[Column2]]-ToSaveListBondFuture[[#This Row],[Column1]] -> 0
A11: FVH7 | B11: =VLOOKUP(ToSaveListBondFuture[[#This Row],[ID]],'Close - PriceSaver'!A:E,5,0) -> 106.21094 | C11: =VLOOKUP(ToSaveListBondFuture[[#This Row],[ID]],CloseDL[[ID]:[Value]],5,0) -> 106.21094 | D11: =ToSaveListBondFuture[[#This Row],[Column2]]-ToSaveListBondFuture[[#This Row],[Column1]] -> 0
A12: FVU6 | B12: =VLOOKUP(ToSaveListBondFuture[[#This Row],[ID]],'Close - PriceSaver'!A:E,5,0) -> 106.3125 | C12: =VLOOKUP(ToSaveListBondFuture[[#This Row],[ID]],CloseDL[[ID]:[Value]],5,0) -> 106.3125 | D12: =ToSaveListBondFuture[[#This Row],[Column2]]-ToSaveListBondFuture[[#This Row],[Column1]] -> 0
A13: FVZ6 | B13: =VLOOKUP(ToSaveListBondFuture[[#This Row],[ID]],'Close - PriceSaver'!A:E,5,0) -> 106.23438 | C13: =VLOOKUP(ToSaveListBondFuture[[#This Row],[ID]],CloseDL[[ID]:[Value]],5,0) -> 106.23438 | D13: =ToSaveListBondFuture[[#This Row],[Column2]]-ToSaveListBondFuture[[#This Row],[Column1]] -> 0
... A39: XQU6 | B39: =VLOOKUP(ToSaveListBondFuture[[#This Row],[ID]],'Close - PriceSaver'!A:E,5,0) -> 112.41 | C39: =VLOOKUP(ToSaveListBondFuture[[#This Row],[ID]],CloseDL[[ID]:[Value]],5,0) -> 112.41 | D39: =ToSaveListBondFuture[[#This Row],[Column2]]-ToSaveListBondFuture[[#This Row],[Column1]] -> 0
